CUSTOMER_0,Riley-Warren,Matthew Walsh,davidbailey@alexander.com,6397702951,Port William,2026-06-12,Basic,149,23,29.3,9,30.9,3.0,High Risk
CUSTOMER_1,"Ware, Davis and Wiley",Emily Avila,joancollins@parker.com,001-237-368-1293,Carrville,2025-10-06,Basic,149,2,83.3,0,68.4,82.2,Low Risk
CUSTOMER_2,Murray Inc,Mark Marks,imitchell@mcneil.com,+1-562-571-6390x678,Caseyborough,2025-09-28,Basic,149,4,77.4,3,72.1,75.5,Low Risk
CUSTOMER_3,Torres LLC,Carrie Rogers,brianlopez@young.info,848-830-6022x4045,Aliciaton,2026-02-15,Pro,499,1,88.5,0,46.0,76.8,Low Risk
CUSTOMER_4,"Stone, Matthews and Scott",Kimberly Rose,briannawilliams@campbell-webster.com,001-488-490-4041,North Maureenstad,2026-05-16,Basic,149,0,76.7,1,76.1,84.6,Low Risk
CUSTOMER_5,Rogers PLC,Andrew Adkins,anthony13@duke-baker.info,579.865.8770,Debbieberg,2026-07-19,Enterprise,999,4,62.4,1,100.0,85.2,Low Risk
CUSTOMER_6,Hamilton-Weaver,Kevin Smith,peggybarry@murphy.biz,001-850-339-1229,East Ronaldland,2025-07-27,Enterprise,999,7,80.7,2,53.3,71.7,Medium Risk
CUSTOMER_7,Phillips Inc,James Anderson,barbarajones@miller.org,583.976.8914x797,New Kevin,2026-01-16,Basic,149,2,44.3,0,65.7,69.5,Medium Risk
CUSTOMER_8,Barnes-Perez,Benjamin Smith,harriscrystal@turner-roberson.com,001-262-473-7641,South Tanyastad,2026-01-22,Basic,149,0,69.1,2,59.5,76.6,Low Risk
CUSTOMER_9,Fleming-Osborn,Kelly Callahan,randerson@miller-adams.com,001-753-929-5618x8798,Wardborough,2026-06-21,Enterprise,999,0,98.9,0,66.2,87.8,Low Risk
CUSTOMER_10,Kirk-Nixon,Gwendolyn Stevenson,billolsen@fox-sims.com,(488)668-4962,East Meganton,2026-06-22,Basic,149,6,75.9,1,84.6,82.1,Low Risk
CUSTOMER_11,White Ltd,Keith Jones,charles09@newton-alexander.org,591-515-3706x802,South Sharon,2026-07-17,Basic,149,2,67.4,0,47.8,70.2,Medium Risk
CUSTOMER_12,"Marks, Peters and Lopez",Timothy Massey,bmoreno@valencia.com,518-273-5788x8973,West Melissa,2026-05-13,Basic,149,2,73.1,0,86.8,85.6,Low Risk
CUSTOMER_13,Allison-Ray,Crystal Pace,valdezbrett@ramos-davis.info,+1-308-976-3468x488,Port Jamesfort,2026-03-03,Basic,149,9,68.9,1,87.2,78.3,Low Risk
CUSTOMER_14,Phillips Group,Brett Johnson,cummingscharles@frazier-johnson.biz,+1-376-295-6205x8742,Wagnerberg,2026-05-30,Pro,499,6,58.3,1,52.6,65.6,Medium Risk
CUSTOMER_15,Francis-Webb,Henry King,lauraharrison@collins-clark.net,889-896-8382x86397,Lake Morgan,2026-07-08,Basic,149,1,79.2,0,67.2,81.4,Low Risk
CUSTOMER_16,Love PLC,Emily Byrd,david27@hicks.org,+1-845-813-8506x70400,Jeffreyshire,2026-04-25,Basic,149,2,51.5,0,88.1,79.5,Low Risk
CUSTOMER_17,"Anderson, Price and Martin",Melissa Lynch,dball@dickerson.com,429-217-8110,Lake Marilynton,2026-01-01,Pro,499,47,20.3,4,16.5,2.9,High Risk
CUSTOMER_18,"Stokes, Chase and Franklin",Kelly Rodriguez,ostuart@wilkins.com,001-320-452-1663x1968,Johnport,2026-01-15,Pro,499,19,82.1,0,61.6,64.6,Medium Risk
CUSTOMER_19,Green-Holloway,Ashley Blair,gmiller@barker.com,2773814457,East Thomasview,2026-02-04,Basic,149,2,46.5,0,66.3,70.4,Medium Risk
CUSTOMER_20,Warren Inc,Brent Matthews,gilleric@aguilar.com,001-411-302-5559x13656,Melissafort,2026-05-05,Pro,499,2,46.2,0,61.1,68.5,Medium Risk
CUSTOMER_21,"Morrison, Rose and Silva",David Richards,cbradford@hodge.net,909.810.8692x6221,Port Antoniochester,2026-03-13,Basic,149,0,85.5,0,79.6,88.5,Low Risk
CUSTOMER_22,Wise-Chapman,Andre Hampton,davidpatterson@love.org,001-280-249-1785x7659,Garyfurt,2025-09-22,Pro,499,4,58.4,1,69.7,73.4,Medium Risk
CUSTOMER_23,Cantu LLC,Scott Powers,millerjermaine@chase.biz,5178328035,West Glennfurt,2025-11-05,Pro,499,0,72.3,3,51.7,70.3,Medium Risk
CUSTOMER_24,Bean-French,Carolyn Lucas,arobertson@sexton.com,698.848.9786,South Taylorstad,2026-02-04,Pro,499,1,82.9,2,86.5,89.3,Low Risk
CUSTOMER_25,"Ball, Johnston and Howard",Steven Howard,davidanderson@barnes.org,+1-891-692-9181,Paigebury,2026-03-10,Basic,149,0,59.1,1,99.3,87.5,Low Risk
CUSTOMER_26,Harvey LLC,Nicole Mcdonald,bbecker@kelley-houston.com,+1-495-836-1771,Holmesville,2026-03-16,Basic,149,0,62.3,0,54.7,72.8,Medium Risk
CUSTOMER_27,Crawford-Solis,Michelle Reynolds,qdavis@whitaker.com,790-751-5952,Jesseberg,2026-03-06,Basic,149,1,54.9,1,48.6,67.6,Medium Risk
CUSTOMER_28,Smith and Sons,Jessica Marshall,brian20@brown.com,7108673331,West Billy,2025-11-14,Pro,499,3,63.3,3,54.9,66.1,Medium Risk
CUSTOMER_29,"Mcguire, French and Malone",Justin Khan,simpsonnicole@martinez.com,001-309-263-7709x584,Howellshire,2025-12-12,Basic,149,21,84.5,1,81.2,70.4,Medium Risk
CUSTOMER_30,"Miller, Peters and Mercado",Brandy Lee,qreeves@hall.com,001-641-955-5308x659,Scottberg,2025-10-15,Basic,149,1,78.2,1,87.3,88.1,Low Risk
CUSTOMER_31,Strickland PLC,Stephanie Martinez,elizabeth55@allen-keith.com,865.534.2092x2833,Josephville,2025-10-13,Pro,499,0,90.3,1,48.6,79.1,Low Risk
CUSTOMER_32,Gardner Inc,Charles Parker,kjohnson@byrd-jones.info,400.940.0706x84887,Gardnerton,2025-09-16,Basic,149,0,84.2,0,67.0,83.7,Low Risk
CUSTOMER_33,Barnes-Martinez,Nicholas Everett,paula61@hernandez.info,973-949-1154,Dawnport,2025-09-04,Basic,149,7,74.6,3,92.8,79.2,Low Risk
CUSTOMER_34,Adkins Ltd,Nathan Frost,sarah27@coleman.com,001-484-459-7661x799,South Trevor,2026-05-05,Basic,149,1,75.4,1,76.6,83.6,Low Risk
CUSTOMER_35,Anderson-Coffey,Kelly Graves,whitebrian@terry.com,+1-333-280-7452x53772,Bushhaven,2025-09-18,Enterprise,999,4,62.1,1,100.0,85.1,Low Risk
CUSTOMER_36,Villanueva LLC,Joseph French,reyesheather@lopez-coleman.biz,527.646.0283x870,Shawnburgh,2026-05-17,Basic,149,1,65.7,0,40.3,67.9,Medium Risk
CUSTOMER_37,"George, Shelton and Rich",Keith Bailey,lbarton@chaney-arnold.net,(998)985-6727x9541,South Brian,2025-10-31,Basic,149,3,64.0,0,61.6,73.1,Medium Risk
CUSTOMER_38,Johnson-Chapman,Molly Morales,smithkristen@dixon-may.com,563-310-8791x6229,New Ryanborough,2026-04-14,Basic,149,2,69.4,1,53.3,72.7,Medium Risk
CUSTOMER_39,Conway LLC,Duane Johnson,rita93@stark.net,(447)940-5251x468,West Edwintown,2026-07-24,Basic,149,2,88.1,1,85.0,89.4,Low Risk
CUSTOMER_40,Holland and Sons,Reginald Mitchell,bradleyvillanueva@white.com,316.701.9839x18301,East James,2026-01-07,Basic,149,0,72.9,1,75.7,83.4,Low Risk
CUSTOMER_41,Lawrence-Day,Ryan Yu,amy99@stokes.com,(986)627-1384x0559,Gutierrezville,2026-05-01,Pro,499,2,76.5,0,68.6,80.2,Low Risk
CUSTOMER_42,Harmon and Sons,Nicholas Williams,lbarnes@oliver-vaughn.net,(640)624-5858x57809,West Donna,2025-11-23,Basic,149,20,45.5,3,61.9,48.3,Medium Risk
CUSTOMER_43,"Olson, Davis and Hawkins",Rodney Campbell,idalton@lopez-barrett.net,001-303-298-7338x313,West Joeburgh,2026-02-15,Basic,149,7,74.5,2,65.5,74.1,Medium Risk
CUSTOMER_44,"Long, Harris and Schroeder",Heather Roberts,smithmonica@fisher.net,(976)254-6653,Weaverside,2026-07-07,Basic,149,0,53.6,1,92.6,83.5,Low Risk
CUSTOMER_45,Lewis Group,Dr. William Tyler,ewilliams@byrd-harris.org,403-885-8936,Port Samuelport,2025-10-21,Pro,499,6,85.1,1,53.2,73.9,Medium Risk
CUSTOMER_46,Moore Group,Spencer Benitez,cindyevans@lewis-jones.net,(799)288-3663,South Davidton,2026-03-22,Pro,499,0,39.9,3,74.9,68.7,Medium Risk
CUSTOMER_47,"Summers, Villegas and Ramos",Dawn Allen,elizabeth20@chen.net,683-278-3315x84370,Yorkport,2025-12-23,Basic,149,2,76.2,0,62.7,78.1,Low Risk
CUSTOMER_48,"Kaiser, Watts and Dillon",Keith Stokes,natasha74@lewis-henry.org,(491)471-5452x5670,Samanthashire,2026-04-22,Basic,149,3,66.5,2,73.1,77.9,Low Risk
CUSTOMER_49,Mcgee LLC,Dennis Martinez,mcdonaldbarbara@cobb.org,685.912.8723x83596,New Shannonshire,2026-03-29,Pro,499,2,72.7,2,96.7,88.9,Low Risk
CUSTOMER_50,Jackson-Cooper,Jonathan Manning,davisryan@bush-beard.info,558-791-2852x06659,Annettemouth,2025-08-21,Pro,499,22,17.3,4,25.7,20.9,High Risk
CUSTOMER_51,Rivas-Moreno,Drew Perez,berrykelsey@summers-jones.com,(395)932-0770x576,West Shawnchester,2026-07-20,Pro,499,3,68.8,0,80.0,81.0,Low Risk
CUSTOMER_52,Bell Group,Evelyn Randolph DVM,petersenwilliam@potter.com,(714)508-9395x451,West Vicki,2025-09-01,Basic,149,0,59.0,2,74.7,78.8,Low Risk
CUSTOMER_53,Chavez Inc,Alexander Bowman,orogers@villanueva.com,+1-627-245-0407x6042,Madisonville,2025-08-25,Basic,149,47,35.5,8,36.6,0.0,High Risk
CUSTOMER_54,Garcia-Lloyd,Jamie Khan,steven73@carter.com,485-285-4445x5856,Port Michaeltown,2025-09-07,Pro,499,0,78.6,0,76.3,85.3,Low Risk
CUSTOMER_55,Holt-Moore,Richard Barnes,connorcain@petty-campbell.com,599.432.7075,Cookside,2025-10-30,Basic,149,38,8.3,6,26.6,0.0,High Risk
CUSTOMER_56,"Roman, Martinez and Mcguire",David Miller,ashleylynch@smith.org,923.982.7154x069,Marshallfort,2025-08-23,Basic,149,2,57.6,1,88.3,81.4,Low Risk
CUSTOMER_57,"Martin, Knight and Aguilar",Candice Martin,brendarobinson@fleming-torres.org,512-413-8653,Maryview,2026-06-04,Pro,499,8,65.6,0,60.2,68.8,Medium Risk
CUSTOMER_58,"Smith, Rollins and Wang",Edward Schmidt,palexander@delgado-porter.com,301-345-0270x539,South John,2025-10-15,Basic,149,6,83.8,0,61.7,76.5,Low Risk
CUSTOMER_59,Stephens-Collins,Tracie Reed,mendozaryan@ewing.com,(550)945-2505,Williamsfurt,2026-06-26,Basic,149,4,55.9,0,67.3,71.8,Medium Risk
CUSTOMER_60,Sullivan-Vincent,Mitchell Johnson,swalsh@smith.com,388.766.5682x694,Brownstad,2025-11-04,Basic,149,4,71.5,1,92.1,85.2,Low Risk
CUSTOMER_61,Lamb PLC,Mary Cook,patricia17@robinson.com,(605)563-7795,Cherylville,2026-07-01,Basic,149,3,77.1,1,91.0,87.4,Low Risk
CUSTOMER_62,Hubbard-Cruz,Glenda Turner,benjamin83@stanley.com,(868)368-7691x92875,South Chelseyfort,2026-03-29,Enterprise,999,9,78.6,1,89.7,82.1,Low Risk
CUSTOMER_63,Mcbride Group,Erin Johnson,dgross@pearson.com,385.826.9358x4548,Sharonside,2026-03-21,Basic,149,2,76.3,2,52.5,74.5,Medium Risk
CUSTOMER_64,Rogers and Sons,Robert Manning,joel03@garcia-becker.com,001-749-587-7689x8815,Aguilarbury,2026-01-02,Pro,499,6,63.3,0,83.0,77.8,Low Risk
CUSTOMER_65,"Snyder, Mendoza and Moore",Michael Thomas,upeterson@williams.info,7812484190,Perryfort,2026-02-19,Pro,499,33,21.2,8,38.2,0.0,High Risk
CUSTOMER_66,"Rasmussen, Hoffman and Reed",Brenda Burke,poncerebecca@scott.com,654.856.5662x762,Markfort,2026-04-24,Pro,499,5,67.9,0,72.7,76.4,Low Risk
CUSTOMER_67,Harrington-Alvarez,Amanda Allison,fcole@steele-holmes.biz,+1-698-878-4014,South Danielport,2025-12-29,Enterprise,999,8,84.3,0,100.0,88.3,Low Risk
CUSTOMER_68,Pena Inc,Matthew Velez,wwhite@patel-griffith.com,(655)557-5655,Victoriaburgh,2025-08-21,Basic,149,47,18.2,9,21.5,0.0,High Risk
CUSTOMER_69,Garcia-Clark,Daniel Newton,ykelley@serrano.biz,475-331-1524,Gonzalezshire,2026-01-08,Basic,149,5,87.1,1,76.2,83.4,Low Risk
CUSTOMER_70,"Kane, Turner and Lewis",Kyle Woodward,mitchelljuan@eaton-mcdonald.com,(711)763-3841,East Jamesland,2026-06-21,Basic,149,0,41.7,1,83.9,76.9,Low Risk
CUSTOMER_71,"Powers, Washington and Strickland",Craig Baker MD,jgreen@morris.com,951.514.8821x1944,Mariefurt,2025-11-10,Basic,149,1,59.9,0,62.5,74.0,Medium Risk
CUSTOMER_72,Drake Inc,Keith Rasmussen,paulpatton@montes-miller.com,605.567.0626x2945,Mcfarlandtown,2026-01-05,Basic,149,0,69.0,2,86.8,86.1,Low Risk
CUSTOMER_73,"Hardin, Rivera and Torres",Steven Walker,yjohns@wilson.com,+1-977-805-4821,Dianaland,2026-02-18,Enterprise,999,0,73.6,1,78.5,84.6,Low Risk
CUSTOMER_74,"Wright, Roberson and Owens",David Acevedo,nelsonmelissa@floyd.org,(667)552-1810x45189,Zimmermantown,2025-09-20,Basic,149,6,69.6,1,64.6,73.2,Medium Risk
CUSTOMER_75,"Schmidt, Price and Davis",Melissa Soto,iramirez@taylor.com,496-216-3598x905,Greerview,2026-02-01,Pro,499,1,82.2,0,94.9,92.0,Low Risk
CUSTOMER_76,Wilson-Carter,Robert Shaffer,jakedavis@marshall.org,852.953.8858,Port Michellefurt,2026-01-02,Basic,149,9,70.5,3,68.1,67.6,Medium Risk
CUSTOMER_77,"Arnold, Rivera and Ray",Alicia Stewart,eharris@hale.com,848.319.2649,Billychester,2026-02-06,Pro,499,11,62.9,0,68.6,68.3,Medium Risk
CUSTOMER_78,Carter-Washington,Nicholas Fisher,edwardstanya@chavez.com,(900)769-1064,Port Diane,2026-03-16,Basic,149,2,78.6,2,78.8,84.4,Low Risk
CUSTOMER_79,Burton Group,Kimberly Allen,upayne@cardenas-rowe.org,724.349.9993,New Summerburgh,2025-12-02,Pro,499,1,63.4,0,73.6,78.9,Low Risk
CUSTOMER_80,Martin PLC,Angela Thompson,fross@miller.com,+1-678-772-5955x72208,Lindseyberg,2026-07-08,Enterprise,999,6,79.0,1,100.0,88.4,Low Risk
CUSTOMER_81,Taylor LLC,Patricia Figueroa,ejohnson@ayala.org,(594)450-8166x5074,West Jillshire,2026-05-01,Basic,149,5,74.8,2,100.0,88.1,Low Risk
CUSTOMER_82,Cohen-Webb,Lee Perkins,jadams@hernandez-thomas.info,+1-420-958-3699x77150,North Michellebury,2026-01-11,Pro,499,3,37.7,2,78.6,71.2,Medium Risk
CUSTOMER_83,Vargas Ltd,Daniel Wang,kdaniels@brooks.biz,(500)679-7058,Port Glenda,2026-03-06,Pro,499,4,84.4,2,76.8,83.7,Low Risk
CUSTOMER_84,"Johns, Thomas and Curry",Amanda Rodriguez,amandaflores@brown.info,503.230.0474x87464,Kaylatown,2025-08-11,Basic,149,0,83.5,1,96.7,93.9,Low Risk
CUSTOMER_85,"Smith, Guzman and Russo",Brian Martinez,abigail17@hampton.net,+1-736-784-8721x9579,North Mandyland,2026-06-15,Pro,499,5,66.7,2,77.7,77.8,Low Risk
CUSTOMER_86,"Smith, Griffin and Malone",Gabrielle Miller,glasskristie@allen.com,001-317-337-7443,Catherinefort,2025-12-19,Basic,149,0,87.1,1,73.5,86.9,Low Risk
CUSTOMER_87,Taylor-Combs,Courtney Davis,john66@lewis.info,911-620-2759x3437,Laneport,2025-12-30,Basic,149,3,56.1,1,49.7,66.6,Medium Risk
CUSTOMER_88,"Wilkerson, Lee and Gardner",Nicholas Torres,patrickfuentes@lewis-crawford.com,899-467-4075x012,Port Charles,2026-02-08,Enterprise,999,2,79.5,1,74.1,83.0,Low Risk
CUSTOMER_89,Johnson-Smith,Stacy Garcia,hughestodd@fitzgerald-smith.com,(965)339-9347,West Jared,2025-08-02,Pro,499,1,44.3,1,100.0,82.4,Low Risk
CUSTOMER_90,Patel Group,Antonio Morgan,pennymosley@tucker.org,339.983.3755x83506,Scottchester,2026-06-05,Basic,149,2,89.9,1,83.3,89.4,Low Risk
CUSTOMER_91,Jones-Washington,Joanne Harrison,patricia31@harris.com,4075925108,Copelandmouth,2025-09-22,Basic,149,1,80.2,3,68.4,77.6,Low Risk
CUSTOMER_92,Murphy-Santos,Troy Johnson,osuarez@cunningham.com,562.880.4030x7413,West Alexander,2026-07-05,Pro,499,0,51.0,0,81.6,78.9,Low Risk
CUSTOMER_93,Moreno LLC,Curtis Scott,ricekaren@perez-moran.com,569.369.9151x8552,New Whitney,2026-01-08,Enterprise,999,1,71.6,0,83.2,84.7,Low Risk
CUSTOMER_94,Castillo-Pollard,Nicholas Peterson,brownallison@jordan.info,624-417-0083,Sandratown,2026-02-12,Basic,149,0,57.8,0,74.1,78.3,Low Risk
CUSTOMER_95,Roman and Sons,Thomas Richardson,obutler@medina-davis.com,001-930-948-5839,Hernandezport,2025-12-11,Basic,149,4,55.5,0,69.2,72.4,Medium Risk
CUSTOMER_96,Gilbert Ltd,Tina Arias,nicholas34@johnson.com,9628131296,New Theresa,2026-02-05,Basic,149,1,64.8,1,81.6,82.1,Low Risk
CUSTOMER_97,"Jackson, Mcgee and Hall",Taylor Kelly,josephdavis@douglas-west.com,+1-401-519-3440,Rachelburgh,2026-01-07,Pro,499,3,59.2,2,76.2,76.8,Low Risk
CUSTOMER_98,Lopez-Carr,Richard Montoya,erica34@lewis.com,(630)482-7952x2215,Jenniferview,2026-04-02,Basic,149,6,73.2,1,79.7,79.6,Low Risk
CUSTOMER_99,"Lopez, Ware and Sanchez",Monica Rodriguez,james38@fritz-perez.com,934-712-2841,North Deannaport,2026-04-14,Pro,499,1,77.7,0,100.0,92.4,Low Risk
CUSTOMER_100,"Ward, Sanders and Costa",Mitchell Jackson,alyssa28@miller.com,(812)291-7971,New Williamshire,2025-07-26,Pro,499,3,67.5,1,75.7,79.1,Low Risk
CUSTOMER_101,"Benton, Cochran and Holmes",Jill Lopez,tramsey@patterson-henry.biz,(764)412-8443x373,Port Davidmouth,2026-01-11,Basic,149,4,63.4,1,100.0,85.5,Low Risk
CUSTOMER_102,Harris Group,Anna Abbott,whoover@garrett.com,(584)565-5755,Wendyfort,2025-12-03,Basic,149,3,69.1,1,67.6,76.8,Low Risk
CUSTOMER_103,"Rivera, Cruz and Wolfe",Crystal Peters,kyle61@taylor.net,216.766.8601,Jamieville,2025-09-28,Pro,499,4,64.2,2,56.1,70.4,Medium Risk
CUSTOMER_104,Pierce-Richardson,Allison Adams,fyoung@espinoza.org,680.484.6822x63886,Baxterton,2025-10-28,Enterprise,999,7,46.5,1,67.6,66.5,Medium Risk
CUSTOMER_105,Murphy-Hunt,Nicole Fitzgerald,bbennett@davis.net,001-791-204-0027x509,East Jennifershire,2025-12-30,Basic,149,33,11.7,5,39.8,10.1,High Risk
CUSTOMER_106,Miller-Smith,Sarah Andrade,sullivanrachel@pollard.org,(676)345-1054x6611,Port Amanda,2026-03-30,Pro,499,2,100.0,1,100.0,98.2,Low Risk
CUSTOMER_107,Spears Ltd,Andrew Snyder,fhughes@mejia-nelson.com,(516)277-3883,Howellville,2025-09-06,Pro,499,12,59.5,1,79.1,70.0,Medium Risk
CUSTOMER_108,Barrera and Sons,Kyle Anderson,byu@smith-henry.com,856-611-2007,Ballardton,2026-01-09,Basic,149,3,87.3,1,51.9,76.7,Low Risk
CUSTOMER_109,"Rollins, Jackson and Moore",Jennifer Morris,michael48@freeman-carr.com,252-952-8549,North Sean,2025-09-11,Pro,499,2,63.0,2,65.1,74.9,Medium Risk
CUSTOMER_110,"Payne, Brown and Andrade",Troy Bullock,woodwardtheresa@nguyen-lopez.com,875-205-8233x6039,Tommytown,2026-05-30,Pro,499,4,59.7,0,87.1,79.9,Low Risk
CUSTOMER_111,Johnson-Thornton,Sandra Gomez,dana48@edwards-parsons.net,(402)535-2511,Campbellhaven,2026-03-13,Basic,149,9,69.1,4,89.6,70.2,Medium Risk
CUSTOMER_112,Wu-Tate,Scott Ross,ashley32@cook-pineda.com,(994)203-3327,Bonillaborough,2026-02-15,Basic,149,4,58.4,2,82.3,77.8,Low Risk
CUSTOMER_113,Meyer Inc,Mr. Edward Bush DDS,connermichael@leonard.info,001-885-617-6267,Howardstad,2025-10-21,Pro,499,36,19.3,6,30.5,2.0,High Risk
CUSTOMER_114,Hall-Moreno,Kayla Porter,milleralyssa@mcdonald.biz,+1-279-575-8913x9456,North Hayley,2026-01-07,Basic,149,35,34.0,6,23.4,4.8,High Risk
CUSTOMER_115,Craig-Bryan,Julie Robinson,cheyennereed@cooper.com,(687)500-5847x235,New Brookestad,2026-04-02,Basic,149,37,32.1,12,10.5,0.0,High Risk
CUSTOMER_116,Roberts-Clark,Garrett Gardner,ericalvarado@rojas.com,898-746-7798x061,West William,2026-05-07,Basic,149,3,79.4,0,67.2,79.7,Low Risk
CUSTOMER_117,Shields-Wiggins,Laura Murillo DVM,nicole84@wheeler.com,382.510.6384x33186,West Anitafort,2025-08-21,Basic,149,6,61.9,0,48.7,65.4,Medium Risk
CUSTOMER_118,Williams LLC,Joseph Griffin,mike89@miller-soto.org,(917)516-2103x967,Matthewville,2025-08-25,Basic,149,1,73.1,0,76.1,82.7,Low Risk
CUSTOMER_119,Rice and Sons,Travis Stewart,wspence@rodriguez.biz,437.863.7648,West Rachelland,2026-02-01,Basic,149,32,23.8,7,32.3,2.9,High Risk
CUSTOMER_120,Hall Group,Amber Barrera,benjamin95@cortez.com,972.400.3718x15130,Hardystad,2025-08-10,Enterprise,999,6,73.5,5,81.2,66.7,Medium Risk
CUSTOMER_121,Bean-Wise,Jason Daugherty,bmartinez@johnson-payne.biz,974-962-7546x0608,Lake Randall,2025-12-25,Pro,499,5,48.1,0,79.7,72.9,Medium Risk
CUSTOMER_122,Black Inc,Ann Donovan,maciasmonica@mccullough.com,001-494-575-6521,South Chasechester,2026-04-17,Basic,149,0,86.3,1,77.2,87.9,Low Risk
CUSTOMER_123,Olson LLC,Robert Williams,nathanbrown@norman.com,001-239-283-9740x013,Margaretmouth,2025-08-07,Pro,499,4,88.0,1,76.7,84.7,Low Risk
CUSTOMER_124,Barrera and Sons,Michelle Williams,lsims@morris.com,415.946.5414x483,Brandonton,2026-01-08,Basic,149,1,58.5,0,71.6,76.7,Low Risk
CUSTOMER_125,Hartman PLC,Sharon Smith,michaelhardy@rivera.com,424.258.4055,Port Kevinstad,2025-10-27,Basic,149,0,60.6,0,73.0,78.7,Low Risk
CUSTOMER_126,"Richards, Kerr and Roberts",Autumn Gonzales,margaretgibson@perez.com,+1-308-215-2989x615,Leahmouth,2025-12-14,Basic,149,21,80.7,2,100.0,75.8,Low Risk
CUSTOMER_127,Olson-Sanchez,James Krueger,sandyburton@peters.com,2288860505,Kingchester,2026-01-01,Basic,149,1,62.4,0,72.9,78.4,Low Risk
CUSTOMER_128,"Jackson, Huynh and Rodriguez",Michelle Mcbride,harriswillie@russell.org,895-511-4623x663,Port Garyborough,2025-12-05,Basic,149,9,74.2,2,70.1,73.9,Medium Risk
CUSTOMER_129,Mann-Little,Brian Frank,hkelly@faulkner-oliver.org,(604)378-7705,West Tonyport,2025-09-22,Enterprise,999,0,77.1,0,81.1,86.5,Low Risk
CUSTOMER_130,Robinson-Bush,Jeffrey Duncan,catherine62@adams.com,597-751-3444,Port Frances,2026-03-29,Pro,499,1,69.0,0,100.0,89.8,Low Risk
CUSTOMER_131,Moore-Houston,Jessica Chang,steve04@jones-kelly.com,3942009794,Carmenmouth,2026-04-22,Basic,149,4,84.5,0,65.1,79.6,Low Risk
CUSTOMER_132,Jones Ltd,Tina Evans,ibrown@sloan-brown.com,(899)360-9470,Cookfurt,2026-02-19,Basic,149,2,88.4,1,62.3,81.6,Low Risk
CUSTOMER_133,Ayala-White,Vanessa Mitchell,rhayes@martin.com,+1-939-227-5176x98889,Nicholaston,2025-08-13,Basic,149,5,79.5,0,73.1,80.1,Low Risk
CUSTOMER_134,Kirby-Wallace,Amanda Mckay,williambailey@bowen.com,335-558-5032,Rodriguezhaven,2025-09-04,Basic,149,2,59.4,1,41.7,65.7,Medium Risk
CUSTOMER_135,"Murphy, Morris and Clark",Michelle Chang,vromero@chandler.com,771.552.7541x2901,Berrybury,2025-12-21,Pro,499,1,91.6,0,90.9,93.4,Low Risk
CUSTOMER_136,"Mcguire, Glenn and Henderson",Robert Jordan,susanbrown@crawford-cross.com,5205674525,New Elizabeth,2025-10-06,Basic,149,6,75.4,0,96.5,86.1,Low Risk
CUSTOMER_137,Dennis-Price,Robert Valdez,twilson@brown.com,283-523-3642x69790,Martinezberg,2025-09-23,Basic,149,6,90.0,0,85.4,86.6,Low Risk
CUSTOMER_138,Knight and Sons,Henry Ramirez,pricejennifer@sullivan.org,(781)293-7563,North Jamesland,2025-10-22,Basic,149,7,96.1,0,65.2,80.5,Low Risk
CUSTOMER_139,"Andrews, Hoffman and Harrell",Janet Oconnell,ogillespie@hunt-king.org,752-553-3409,Jesusburgh,2025-11-26,Pro,499,0,71.5,1,86.1,86.6,Low Risk
CUSTOMER_140,"Hicks, Reed and Hampton",Linda Mccarty,lunarebecca@byrd.biz,945.324.1723,East Kellyside,2025-08-29,Pro,499,0,80.4,2,82.3,87.9,Low Risk
CUSTOMER_141,Webb Inc,Lisa Dixon,hilljennifer@medina.info,001-337-535-9103x4051,Port Cristinaburgh,2026-02-10,Basic,149,40,21.4,10,29.8,0.0,High Risk
CUSTOMER_142,"Booker, Pham and Cole",Katrina Foster,clarkana@wright.com,001-409-209-0012,Peterville,2026-03-17,Basic,149,15,52.3,0,64.7,60.2,Medium Risk
CUSTOMER_143,"Stokes, Evans and Cameron",Jesse Hicks,rodney98@williams-obrien.com,454-799-0113x406,Allenbury,2026-06-27,Basic,149,0,79.6,0,88.9,90.0,Low Risk
CUSTOMER_144,Eaton Ltd,Mariah Thompson,douglaspatricia@robinson-fritz.com,+1-607-362-5450,Moorestad,2025-11-02,Basic,149,1,58.4,3,92.8,79.6,Low Risk
CUSTOMER_145,Bradley-Woods,Michael Peterson,vazquezjoshua@chavez-harper.com,493-550-6926x0826,Lake Rubenfurt,2026-02-08,Pro,499,3,64.5,3,88.0,78.0,Low Risk
CUSTOMER_146,Wilson and Sons,Kim Smith,wilsontroy@rasmussen.com,943-506-1495,West Gregorytown,2025-10-15,Pro,499,1,86.4,1,69.5,84.4,Low Risk
CUSTOMER_147,"Valenzuela, Brown and Clark",William Brady,mjacobs@king.com,503.233.6216x8947,Myersport,2025-11-03,Basic,149,6,72.2,1,70.1,75.9,Low Risk
CUSTOMER_148,Duncan and Sons,Matthew Castillo,robert62@hopkins.com,569.865.1907x829,West Sara,2025-10-06,Enterprise,999,10,60.3,1,83.1,73.4,Medium Risk
CUSTOMER_149,Guzman-Taylor,Jennifer Taylor,wward@kim.com,001-982-305-5806x4582,North Kristyton,2026-01-16,Basic,149,1,65.7,0,70.3,78.4,Low Risk
CUSTOMER_150,Moore-Ferguson,Stephen Davis,ycalderon@molina.net,824.935.0397x43051,Lake Davidfort,2026-06-23,Pro,499,1,84.3,1,63.1,81.5,Low Risk
CUSTOMER_151,Cordova-Thompson,Pamela Willis,jamieharris@rollins-gibbs.biz,398-589-0606x32621,Joshuafurt,2026-02-13,Basic,149,9,40.5,2,90.1,70.8,Medium Risk
CUSTOMER_152,Brown PLC,Tammy Young,timothy18@melendez.com,+1-944-941-7224x710,Michaelchester,2025-11-19,Basic,149,16,20.7,7,26.0,13.8,High Risk
CUSTOMER_153,Adams Inc,Tammy Hamilton,millscheryl@garcia-henry.com,001-436-911-7708x69231,North Jason,2026-03-24,Basic,149,7,38.2,0,60.9,61.6,Medium Risk
CUSTOMER_154,Morris Group,Mark Fuller,ibarraphillip@kim-terry.com,(231)989-9357x80653,New Nathanport,2025-08-30,Basic,149,15,100.0,0,59.0,72.5,Medium Risk
CUSTOMER_155,Walker and Sons,Jared Olson,kingjennifer@travis.com,901-270-9044x1817,East Christina,2025-10-21,Pro,499,5,96.3,1,100.0,94.5,Low Risk
CUSTOMER_156,"Haynes, Thompson and Torres",Eric Salazar,ikelly@walker.net,971.364.3729,West Frankchester,2026-01-25,Pro,499,0,59.9,0,75.4,79.4,Low Risk
CUSTOMER_157,Perez and Sons,Gary Ortiz,hnicholson@hudson.com,546-868-5742x59026,Pearsonport,2026-02-19,Basic,149,0,57.5,3,64.2,70.2,Medium Risk
CUSTOMER_158,Hensley-Conner,Elizabeth Silva,jillsmith@moreno.biz,+1-537-812-1903x1585,Sanfordchester,2026-05-29,Basic,149,3,86.4,0,71.5,83.3,Low Risk
CUSTOMER_159,Rice-Carter,Nathan Trujillo,sespinoza@taylor-carney.com,001-390-826-5562x08561,Aprilville,2026-03-27,Pro,499,3,75.7,1,69.0,79.2,Low Risk
CUSTOMER_160,Clark Ltd,Kimberly Smith,robert41@mccarthy-robinson.com,904.299.3973,Weisstown,2025-08-29,Basic,149,7,77.4,0,50.9,69.9,Medium Risk
CUSTOMER_161,Davis-Martin,Lisa Ayala,hallmichelle@snow-charles.com,001-925-487-0086,Thompsonberg,2025-09-30,Pro,499,0,85.1,1,79.9,88.5,Low Risk
CUSTOMER_162,Watson-Moore,Kimberly Drake,jacksonrodney@peck.com,001-710-840-0879,Maryberg,2026-07-23,Basic,149,1,78.7,2,69.3,82.0,Low Risk
CUSTOMER_163,Chapman Inc,Adam Williams,lynchaudrey@johnson-alexander.com,203-798-4694x7386,Kevinfort,2025-10-08,Enterprise,999,0,81.5,1,90.3,91.1,Low Risk
CUSTOMER_164,Flores-Jordan,Christopher Russell,thomas71@howard.com,337-773-6322,Lake Melindaview,2025-08-27,Basic,149,1,73.6,3,48.3,68.6,Medium Risk
CUSTOMER_165,"Jones, Villegas and Dixon",Melissa Bailey,ricardonash@marshall.com,+1-710-588-4037,South Amberfurt,2026-02-26,Pro,499,9,59.7,0,79.4,72.8,Medium Risk
CUSTOMER_166,"Wood, Rodriguez and Lane",Joy Sullivan DDS,rubiomichael@davis.com,+1-216-286-2465,New Anna,2026-07-18,Pro,499,12,100.0,2,58.4,74.9,Medium Risk
CUSTOMER_167,Harris Inc,Andrew Jones,amanda11@hoffman.com,001-813-826-9855x0821,Caitlynstad,2026-01-26,Basic,149,6,61.0,0,69.5,72.4,Medium Risk
CUSTOMER_168,Sparks Ltd,Mary Riley,nlucas@norton.org,+1-680-712-5192x009,North Claudia,2026-02-15,Pro,499,1,53.0,3,66.6,68.8,Medium Risk
CUSTOMER_169,Nguyen-Duncan,Candace Edwards,keithmayer@armstrong.org,553-773-1921,Poncetown,2025-08-11,Basic,149,1,63.2,0,85.4,83.0,Low Risk
CUSTOMER_170,"Perry, Smith and Miller",Daniel Buchanan,charvey@mcintyre.com,+1-843-356-1742x9341,North Karenburgh,2026-07-12,Basic,149,4,72.5,0,72.5,78.6,Low Risk
CUSTOMER_171,Holden-Davis,William Brady,fletchercarolyn@henderson.com,745.556.8403,New Adamside,2025-12-16,Pro,499,3,46.5,1,55.0,65.6,Medium Risk
CUSTOMER_172,"Jones, Brown and Ochoa",Christopher Davis,joseph24@campbell-moss.com,+1-342-420-7785,Higginschester,2025-10-25,Basic,149,0,77.0,1,86.4,88.3,Low Risk
CUSTOMER_173,Owens LLC,John Johnson,forbesdanny@wood-boyd.com,303.534.8833x0992,Wyattborough,2025-10-03,Pro,499,3,70.0,1,76.4,80.1,Low Risk
CUSTOMER_174,Johnson and Sons,Carrie Lopez,gmaxwell@schmidt-abbott.net,710-497-4060x9456,New Jasonshire,2026-07-03,Basic,149,8,60.8,0,82.1,75.0,Low Risk
CUSTOMER_175,"Moreno, Brown and Rodriguez",John Ward,johndixon@barrett.com,(540)846-7031,Simmonsport,2025-10-11,Basic,149,4,47.9,0,47.1,62.4,Medium Risk
CUSTOMER_176,"Morrison, Lewis and Torres",Sarah Smith,jordansamantha@parsons.com,(538)615-7577x003,Burnettview,2026-01-21,Basic,149,7,77.4,1,68.0,75.9,Low Risk
CUSTOMER_177,Richardson-Wyatt,Vincent Hall,debbie99@harvey.net,+1-879-969-1772x69756,Lake Ianport,2026-01-15,Enterprise,999,15,47.4,2,96.4,69.8,Medium Risk
CUSTOMER_178,Allen and Sons,Michael Martin,wclarke@neal-black.info,646-218-0976,New Brookemouth,2026-06-18,Basic,149,28,36.4,6,26.6,12.7,High Risk
CUSTOMER_179,"Richards, King and Reyes",Christina Fuentes,michael22@mckay-mayo.com,001-497-905-9338x57943,Brittanybury,2026-05-26,Enterprise,999,3,68.6,0,85.7,82.9,Low Risk
CUSTOMER_180,Jacobson LLC,Christopher Hale,pearsonmike@burgess-reynolds.biz,001-565-616-2526x3881,Aguilarton,2026-02-26,Basic,149,1,71.2,0,82.0,84.2,Low Risk
CUSTOMER_181,Salazar-Conley,Theresa Caldwell,watsondanny@little.org,(449)307-9215x031,Brewerview,2026-01-24,Basic,149,3,90.7,2,63.4,81.8,Low Risk
CUSTOMER_182,Ayers-Franklin,Kathryn Williams,christina45@marshall-price.info,876-572-0143,East Tonyville,2025-08-20,Basic,149,0,69.5,0,91.7,87.9,Low Risk
CUSTOMER_183,Powell-James,Lance Smith,donnaavila@williams-wiley.com,(446)229-5614,North Jeffery,2026-05-12,Enterprise,999,38,18.7,7,12.3,0.0,High Risk
CUSTOMER_184,Herrera LLC,Michael Huerta,gomezamy@woods.net,(578)893-9911x934,South Erinborough,2026-06-20,Basic,149,6,81.1,1,67.0,77.5,Low Risk
CUSTOMER_185,"Nelson, Garrett and Mendoza",Steven Oliver,thomasblanchard@jones-sloan.com,465.417.9639x3549,West Kevin,2025-08-14,Pro,499,0,66.9,2,49.0,72.2,Medium Risk
CUSTOMER_186,"Cruz, Raymond and Petty",Crystal Richmond,danielsricky@wright.net,4585359648,Brianside,2026-04-05,Pro,499,0,85.2,0,96.6,94.4,Low Risk
CUSTOMER_187,Zhang-Collins,Brian Hernandez,blairduane@berry.com,+1-728-485-8675x4883,South Eileen,2025-12-10,Pro,499,3,80.1,1,54.5,75.5,Low Risk
CUSTOMER_188,"Miller, Velazquez and Ramirez",Danielle Jones,robertscourtney@rodriguez.biz,475.875.2444x83776,North James,2026-02-20,Pro,499,2,70.1,1,97.0,88.2,Low Risk
CUSTOMER_189,Wright Ltd,Willie Sanchez,william67@stone-brooks.org,(270)859-2772x983,Port Melaniechester,2025-11-17,Basic,149,15,82.9,0,61.6,68.3,Medium Risk
CUSTOMER_190,"Blackburn, Johnson and Meyers",Mr. John Fox IV,dianajohnson@jarvis.com,417.687.9597x82884,East John,2025-09-11,Pro,499,3,100.0,1,51.2,80.3,Low Risk
CUSTOMER_191,Hill Ltd,Amy Brooks,buckleyrobert@cross.com,618.369.7379x782,North Erik,2026-06-08,Basic,149,31,6.5,4,13.9,5.7,High Risk
CUSTOMER_192,Townsend and Sons,Brittany Bass,pdavis@nixon-webb.info,811-831-8609x09505,North Mariaport,2025-09-18,Basic,149,4,86.3,0,84.4,86.9,Low Risk
CUSTOMER_193,"Kim, Lang and Collier",Stacy Ayers,twright@campbell.com,(259)701-8485,North Justinfurt,2025-11-01,Enterprise,999,7,76.7,1,77.7,79.1,Low Risk
CUSTOMER_194,Allen Group,Amanda Richardson,rachel47@johnson.com,515.725.8088,Johnnyhaven,2026-04-17,Pro,499,32,29.8,6,18.8,4.5,High Risk
CUSTOMER_195,"Chavez, Walker and Humphrey",Sarah Brock,arnoldmichelle@wilson.com,7273010711,Roberthaven,2025-12-18,Basic,149,9,53.3,0,100.0,78.1,Low Risk
CUSTOMER_196,Jones-Wilson,Rebekah Abbott,john00@greer.info,427.369.6938x1042,Thompsonshire,2025-12-21,Basic,149,28,8.6,7,26.1,0.0,High Risk
CUSTOMER_197,"Meyers, Casey and George",Alexa Rojas,braunanthony@jones.info,273.212.2856x17189,Lake Kirkburgh,2025-09-21,Basic,149,1,56.3,4,65.5,64.9,Medium Risk
CUSTOMER_198,Solomon Ltd,Cory Munoz,josephthompson@williams-lopez.com,440.801.3759x953,West Derrickberg,2026-03-11,Pro,499,0,98.5,1,74.1,90.5,Low Risk
CUSTOMER_199,Wallace and Sons,Richard Castillo,doylejoseph@parker.com,743-317-7871,New Allisonmouth,2026-05-28,Pro,499,0,83.8,0,74.5,86.2,Low Risk
CUSTOMER_200,"King, Kelley and Petersen",Stephen Douglas,lopezbianca@conway.com,760.852.5045,Josephfurt,2025-10-12,Enterprise,999,0,54.5,2,64.9,74.1,Medium Risk
CUSTOMER_201,Hooper and Sons,Timothy Taylor,janet06@rivera-richardson.org,(955)429-6849,Stephanieside,2026-04-17,Basic,149,2,83.9,1,61.5,79.9,Low Risk
CUSTOMER_202,"Mcdonald, Johnson and Walters",Vanessa Maldonado,wisejoanna@jones.com,392-866-6561,Petersonmouth,2026-04-21,Basic,149,0,84.9,0,90.3,92.1,Low Risk
CUSTOMER_203,Russo and Sons,Kristine Long,betty33@carlson.com,949.876.0668x42925,Hillbury,2026-05-30,Basic,149,5,66.9,1,83.8,80.0,Low Risk
CUSTOMER_204,Garcia-Wells,Kayla Barajas,robertcastro@hodge.com,572.968.1377x8056,New Rita,2026-04-15,Pro,499,4,73.7,0,84.1,83.0,Low Risk
CUSTOMER_205,"Rogers, David and Mann",Julie Burgess,myersronald@obrien-chang.com,(667)887-6248,Kempborough,2026-02-12,Basic,149,7,73.0,0,77.1,77.8,Low Risk
CUSTOMER_206,Duran Group,Beth Flynn,matthew89@valentine-avila.com,001-507-751-6024,South Dennisstad,2025-08-12,Basic,149,2,54.9,2,70.0,74.2,Medium Risk
CUSTOMER_207,Mosley-Jones,Patrick Nunez,rwebb@velasquez.com,001-722-460-9872x6467,Paulaport,2026-04-26,Pro,499,8,73.9,0,74.7,76.3,Low Risk
CUSTOMER_208,"Mercado, Williams and Green",Carrie Mitchell,mariajohnson@lopez.biz,001-532-277-6976,Williamshaven,2026-05-09,Pro,499,0,45.9,1,76.4,75.5,Low Risk
CUSTOMER_209,"Nguyen, Miller and Rodriguez",Robin Blackburn,vmorrow@white.com,758.728.7562x76285,Riddleport,2025-10-11,Enterprise,999,4,67.2,0,63.6,73.9,Medium Risk
CUSTOMER_210,Odonnell-Frazier,Phillip Summers,deanna14@newman.com,+1-483-545-3945x6823,North Joshuaburgh,2026-06-30,Pro,499,1,40.7,0,62.5,68.2,Medium Risk
CUSTOMER_211,Glenn-Williams,Bobby Barnes,george07@warren-adams.biz,001-364-991-8007,Gomezland,2025-09-13,Basic,149,4,91.1,1,92.7,91.3,Low Risk
CUSTOMER_212,Miller-Johnston,Gwendolyn Ferguson,joe82@oconnell-murphy.com,526-646-5975x4304,West Paul,2026-07-05,Pro,499,11,73.6,2,54.7,66.6,Medium Risk
CUSTOMER_213,"Pierce, Miller and Robbins",Linda Lane,rogermeza@wade-jones.com,689.204.8230x9663,Davidmouth,2026-05-08,Basic,149,22,14.5,8,36.1,5.7,High Risk
CUSTOMER_214,Smith PLC,Mark Gentry,cooperchristopher@turner-kelly.com,(427)993-4173,East Jeffreymouth,2026-05-05,Pro,499,9,69.0,1,90.1,79.4,Low Risk
CUSTOMER_215,Barber-Rodriguez,Brent Bray,ubell@kim.info,569.808.1173x392,North Jeff,2025-09-24,Pro,499,2,93.0,3,54.0,75.6,Low Risk
CUSTOMER_216,Miller-James,Troy Padilla,smithjavier@jackson.info,453-938-6419,Ryantown,2025-11-03,Basic,149,2,66.2,0,100.0,88.1,Low Risk
CUSTOMER_217,Mcfarland-Moon,Kathy Taylor,phillipscott@rogers-simpson.org,8553362525,Brownside,2026-05-16,Basic,149,3,65.9,1,69.6,76.5,Low Risk
CUSTOMER_218,"Sherman, Manning and Harris",David Jordan,kkennedy@baker.org,846.898.5351,East Johnville,2025-10-21,Basic,149,24,78.0,0,100.0,72.4,Medium Risk
CUSTOMER_219,"Hall, Peters and Jones",Claire Harris,williamjoseph@randall.com,+1-391-997-4026x177,Brookeburgh,2026-02-14,Pro,499,0,74.9,2,87.3,88.0,Low Risk
CUSTOMER_220,Hughes-Kim,Paul Wagner,summerslaura@ali.info,001-512-645-5703,Porterbury,2026-05-14,Enterprise,999,5,73.3,0,80.5,80.8,Low Risk
CUSTOMER_221,Galvan-Saunders,John Norton,heatherdavis@mcfarland-irwin.biz,+1-582-782-9561,Moorestad,2025-09-22,Pro,499,2,80.4,1,67.8,81.1,Low Risk
CUSTOMER_222,"Coleman, Phillips and Weiss",Mark Owen,williamsonspencer@wright.net,+1-237-577-0720x88339,Vegahaven,2025-10-20,Basic,149,2,60.2,2,75.9,77.9,Low Risk
CUSTOMER_223,"Fitzpatrick, Gallagher and Brown",Billy Cox,judith49@sanchez.com,7393895837,Dawsonview,2025-08-16,Pro,499,2,75.1,2,83.5,85.0,Low Risk
CUSTOMER_224,"Meyer, Fowler and Montoya",Kathleen Johnson,qshelton@diaz.org,313.649.7055,Woodfurt,2026-04-29,Basic,149,4,49.8,0,68.9,70.6,Medium Risk
CUSTOMER_225,Short Inc,Mark Day,uwilliams@miller.com,(559)597-7765x65030,Wuhaven,2025-07-31,Pro,499,4,74.6,1,52.9,72.4,Medium Risk
CUSTOMER_226,"Macias, Donaldson and Fisher",Nathan Boyd,kelli19@walter.biz,001-511-448-4194x688,South Linda,2026-06-21,Pro,499,3,63.1,3,91.0,78.7,Low Risk
CUSTOMER_227,"Davis, Werner and Williams",John Flores,holly75@james.biz,2994316798,South Walter,2026-01-11,Pro,499,0,68.5,0,67.3,79.1,Low Risk
CUSTOMER_228,Walker-Dougherty,Aaron Arnold,phillipssandy@howell.org,001-466-352-3085x9170,Nancyton,2025-08-19,Basic,149,1,81.5,0,39.9,72.5,Medium Risk
CUSTOMER_229,Luna-Adams,Courtney Gonzalez,timothydunn@cross-martinez.com,380-918-9623x349,Lake Yolanda,2025-12-10,Basic,149,3,68.6,0,74.2,78.9,Low Risk
CUSTOMER_230,Ross-Baldwin,Cynthia Coleman,timothybrown@jones.com,831.956.0278x006,East Stevenchester,2025-09-15,Enterprise,999,0,94.0,0,80.0,91.2,Low Risk
CUSTOMER_231,"Escobar, Crane and Tran",Robert Walker,williamscalvin@randall-jackson.info,+1-547-879-2977x82718,West Adam,2026-03-16,Basic,149,4,64.6,0,83.0,79.9,Low Risk
CUSTOMER_232,"Scott, Smith and Jones",Christina Scott,janet80@park.com,(706)415-4005,Andrechester,2025-09-09,Basic,149,1,65.7,4,97.0,78.8,Low Risk
CUSTOMER_233,"Williams, Montoya and Chapman",Christopher Lara,nicolesummers@stewart.net,(768)553-3532x07575,New Davidville,2026-06-03,Pro,499,0,90.1,0,54.6,81.1,Low Risk
CUSTOMER_234,Moore and Sons,Susan Thomas,ddixon@johnson.com,675-807-7522,West Mary,2026-06-19,Basic,149,7,75.7,0,63.0,73.6,Medium Risk
CUSTOMER_235,Cherry-Fitzpatrick,Michael Hill,lcook@harding-herrera.biz,671.967.3029x214,Hooverport,2026-05-13,Basic,149,5,78.5,1,93.2,86.8,Low Risk
CUSTOMER_236,"Murphy, Tapia and Garcia",Kathleen Hill,colleen20@johnson.com,586.752.1957,Lisaton,2026-03-07,Pro,499,4,77.3,1,68.8,78.8,Low Risk
CUSTOMER_237,"Mcgrath, Brown and Fisher",Luke Kennedy,jcarter@sanchez.com,740.757.9189x6961,Sancheztown,2026-03-11,Basic,149,15,67.7,1,94.5,75.3,Low Risk
CUSTOMER_238,"Odonnell, Mcknight and Brown",Jason Wright,yray@hall-williams.com,(249)867-3341x008,North Jenny,2025-08-05,Pro,499,3,68.9,0,69.5,77.4,Low Risk
CUSTOMER_239,"Thomas, Garcia and Jones",Melissa Alvarez,laurarasmussen@lee.com,3458792283,Conwayville,2025-10-17,Enterprise,999,2,65.4,3,64.7,71.0,Medium Risk
CUSTOMER_240,Kelly Ltd,Heidi Perez,davidroy@lowe.org,7744701781,Lindashire,2025-07-29,Basic,149,34,30.1,8,30.6,0.0,High Risk
CUSTOMER_241,Stokes-White,Ann Weaver,zsimon@woods.com,433-422-2208x598,Annaborough,2026-03-03,Basic,149,0,80.5,1,62.5,81.0,Low Risk
CUSTOMER_242,Grant Inc,Eric Cummings,ebryant@long.com,894.864.9483x009,Lake William,2026-04-17,Basic,149,8,89.3,1,72.1,80.0,Low Risk
CUSTOMER_243,"Murray, Ramirez and Jones",Carmen Stout,ecook@howard.org,913.276.6507,Gonzalezmouth,2026-02-25,Enterprise,999,0,49.7,1,67.0,73.4,Medium Risk
CUSTOMER_244,Fox Inc,Stephanie Wood,leahjarvis@middleton.com,741.462.4772x5569,East Dawn,2025-12-21,Basic,149,11,74.9,0,61.3,69.3,Medium Risk
CUSTOMER_245,"Davis, Turner and Evans",Jessica Estrada,jacobhenderson@walker-logan.org,(692)232-7301x302,Coxburgh,2025-10-02,Basic,149,5,88.2,2,75.5,83.5,Low Risk
CUSTOMER_246,James LLC,Steven Freeman Jr.,erin24@beltran-kim.com,+1-598-221-0173x0412,East Jillianbury,2026-05-24,Basic,149,34,5.0,5,25.4,2.1,High Risk
CUSTOMER_247,Snow Ltd,Anthony Gonzales,carrolltamara@harris.com,+1-499-249-9958x8059,Dayside,2025-09-28,Basic,149,1,68.4,0,84.7,84.3,Low Risk
CUSTOMER_248,Schmidt-Wilson,Veronica Ramirez,mackjohn@parsons.com,001-769-669-9110x6671,Stevensmouth,2025-12-10,Basic,149,5,74.3,0,81.3,81.4,Low Risk
CUSTOMER_249,"Taylor, Thomas and Ramirez",John Hart,davidkim@barton.com,(805)285-3679x79002,Port Randy,2026-01-17,Basic,149,2,68.7,3,96.1,83.0,Low Risk
CUSTOMER_250,Miles-Smith,Steven Olson,deanna79@goodman.net,(813)276-5886x688,West Danielmouth,2026-03-28,Basic,149,0,62.4,0,74.7,79.9,Low Risk
CUSTOMER_251,"Patel, Henderson and Valentine",Nicole Reed,willisbobby@anderson-pacheco.com,8175231761,South Joseph,2026-04-28,Basic,149,2,63.6,0,60.3,73.4,Medium Risk
CUSTOMER_252,Nelson Inc,Tammy Moody,kyle90@reynolds-hanson.net,339-290-5118x464,Port Paige,2026-06-22,Pro,499,5,71.0,0,67.2,75.4,Low Risk
CUSTOMER_253,Valdez-Estrada,Casey Sanders,ascott@stout-whitaker.net,3388867315,Savageborough,2026-05-14,Basic,149,0,69.6,5,92.3,74.7,Medium Risk
CUSTOMER_254,Cabrera Group,Melissa Gordon,jennifermolina@taylor-combs.com,001-484-647-8873x10745,East Ashleystad,2025-10-08,Pro,499,5,47.7,0,61.0,66.3,Medium Risk
CUSTOMER_255,"Watson, Mcguire and Wells",John Garcia,ryan21@anthony.com,461-695-7859x702,Richardberg,2025-11-06,Basic,149,1,76.0,3,85.5,82.4,Low Risk
CUSTOMER_256,Johnson-Porter,Melissa Ferguson,gabrielladorsey@rodriguez-shelton.info,001-751-539-4254x895,West Brandon,2026-03-08,Basic,149,2,72.9,1,86.0,85.2,Low Risk
CUSTOMER_257,Kirk-Brown,Jacob Dunn,claireburke@beltran.com,791.511.6899,New Dylan,2025-08-02,Basic,149,2,89.6,0,76.1,86.8,Low Risk
CUSTOMER_258,Cross-Scott,Jonathan Salazar,laura27@ware.biz,819.984.7691x3274,New Matthew,2026-04-26,Basic,149,8,9.0,7,39.7,22.1,High Risk
CUSTOMER_259,"Cooper, Bradley and Frost",Thomas Wang,ralphrush@cooper.net,+1-508-847-7001x575,Coltonstad,2026-05-06,Pro,499,6,77.9,0,76.4,79.9,Low Risk
CUSTOMER_260,Mendoza-Wheeler,Ashlee Collins,thomas20@norman-baker.biz,001-315-274-8936x3885,Zimmermanbury,2025-09-07,Basic,149,3,82.0,0,65.4,79.9,Low Risk
CUSTOMER_261,Brown PLC,Nicole Castaneda MD,alexandrariley@tate.org,+1-477-704-5873,South Jenniferport,2025-09-12,Basic,149,19,25.3,4,21.6,24.5,High Risk
CUSTOMER_262,Hernandez-Taylor,Oscar Harrison,parkerrachel@strickland.info,954-784-4750x0090,West Markshire,2026-04-25,Basic,149,8,100.0,1,84.6,87.6,Low Risk
CUSTOMER_263,Fischer-Walker,Laura Perry,ispencer@savage.com,001-563-927-5268,South Vickie,2026-03-20,Enterprise,999,1,76.0,1,49.4,74.2,Medium Risk
CUSTOMER_264,Sanders-Mckee,Jasmine Mills,william00@winters.com,782.861.3777x3181,New Feliciafort,2026-01-03,Basic,149,1,63.1,3,90.3,80.2,Low Risk
CUSTOMER_265,"Washington, Thompson and Crawford",Melissa Peters,arodgers@wade.com,(451)437-2637,Lake Jennifer,2025-11-06,Pro,499,3,69.9,2,72.7,78.8,Low Risk
CUSTOMER_266,Gonzales-Miller,Keith Tate,sandovaljessica@wolfe.biz,+1-957-279-1987x957,Emmaberg,2026-07-09,Basic,149,1,58.0,2,77.0,78.5,Low Risk
CUSTOMER_267,"Tyler, Taylor and Freeman",Roger Boyd,sherrymiranda@miller-madden.org,+1-854-988-7290x778,Blaketon,2025-12-02,Pro,499,0,67.4,1,66.2,78.4,Low Risk
CUSTOMER_268,Scott-Jordan,Chad Hudson,sarayoung@robinson.com,(652)821-7809x244,North Mary,2026-04-16,Enterprise,999,5,73.5,1,84.6,82.3,Low Risk
CUSTOMER_269,Daniel Inc,Jessica Dyer,julie48@daniels-rhodes.com,(815)823-2261x1754,West Brittneyport,2025-09-08,Pro,499,3,77.9,0,45.1,71.5,Medium Risk
CUSTOMER_270,"James, Freeman and Davenport",Kelly Douglas,craigwhite@rivera-lozano.com,(716)946-1007,Lake Barbara,2026-01-13,Basic,149,4,89.7,3,60.0,74.9,Medium Risk
CUSTOMER_271,"Bradley, Cohen and Payne",Stephanie Hill,james91@wilkerson.com,+1-577-755-2125,Clarktown,2026-05-26,Basic,149,7,48.7,1,68.5,67.5,Medium Risk
CUSTOMER_272,Garcia-Palmer,Ashley Kelley,joanna88@tyler.org,355.578.6228x0937,East Jilltown,2026-06-21,Pro,499,0,74.5,1,59.0,78.0,Low Risk
CUSTOMER_273,Watts and Sons,Jeremy Adams,twilson@fernandez.com,+1-913-393-0624x1193,Tylermouth,2026-01-18,Basic,149,0,64.3,1,100.0,89.3,Low Risk
CUSTOMER_274,Lane-Sullivan,Adam Warren,lisawalsh@ford-white.info,001-466-740-6907,West Justin,2025-08-04,Basic,149,2,67.9,2,86.1,83.8,Low Risk
CUSTOMER_275,Morris-Mckay,Anthony Donaldson,campbellkirsten@lee.org,001-938-896-4315,Mckinneyville,2026-07-12,Basic,149,7,72.9,0,60.7,72.0,Medium Risk
CUSTOMER_276,"Jenkins, Peters and Bell",Roy Lopez,djones@fowler-castillo.info,802.811.4207,Santanaberg,2026-01-24,Basic,149,0,80.9,1,55.8,78.8,Low Risk
CUSTOMER_277,Lewis Group,Miss Virginia Bradshaw,adrianaray@newton.com,001-787-750-3261,Hobbsland,2026-02-16,Enterprise,999,0,53.6,2,83.1,80.2,Low Risk
CUSTOMER_278,Tucker LLC,Tiffany Tate,hughesjonathan@barnes.org,681-830-4484,Michaelberg,2025-08-02,Basic,149,0,100.0,2,76.0,91.6,Low Risk
CUSTOMER_279,Johnson-Andrews,Amanda Mason,victoriawilliams@figueroa.com,+1-687-662-8331x291,Lake Wayneport,2025-10-02,Basic,149,1,77.9,1,61.8,79.1,Low Risk
CUSTOMER_280,Moore-Martinez,Patricia Collins,qgill@carroll.info,646.454.5551x0973,North Joshua,2026-07-20,Pro,499,21,79.4,0,93.6,73.2,Medium Risk
CUSTOMER_281,Miller PLC,Justin Ortiz,shannondavis@garcia-howell.com,7246030027,Stoneton,2026-03-17,Pro,499,2,74.8,0,64.6,78.3,Low Risk
CUSTOMER_282,Savage Ltd,Tonya David,haynesrobert@sweeney-finley.biz,236-676-4616x29019,Lanemouth,2025-07-31,Basic,149,20,31.3,10,25.0,0.0,High Risk
CUSTOMER_283,"Tanner, Howard and Collins",Martin Lucas,lopezgloria@simmons.net,001-427-987-2000x8572,Joshuashire,2025-07-30,Pro,499,20,24.5,4,26.3,25.1,High Risk
CUSTOMER_284,"Shaw, Adams and Foster",Jane Kelly,jeremyboyd@cline.org,001-260-523-2207,Choifurt,2025-12-16,Basic,149,5,76.6,1,92.3,85.9,Low Risk
CUSTOMER_285,Kramer-Vasquez,Joseph Jones,donald34@neal.org,(559)720-9930x20448,Johnland,2025-07-29,Basic,149,3,67.5,1,100.0,87.6,Low Risk
CUSTOMER_286,"Brown, Hansen and Reilly",Lucas Wright,davidrodriguez@russell-carroll.com,9373908682,West Shelleymouth,2026-03-05,Enterprise,999,3,78.1,0,68.1,79.6,Low Risk
CUSTOMER_287,Obrien-Nash,David Martin,tylercarroll@payne-dennis.info,750-785-8702,Danielsside,2025-07-30,Basic,149,2,76.2,0,57.7,76.3,Low Risk
CUSTOMER_288,Hall Inc,Deborah Todd,amymoore@choi.net,(722)229-1050x59162,South Derrick,2025-09-22,Basic,149,3,71.2,3,72.0,74.4,Medium Risk
CUSTOMER_289,Moore LLC,Natalie Garcia,boydmichael@little.org,237.900.6598,Darrenchester,2025-12-11,Basic,149,1,72.4,0,38.0,69.1,Medium Risk
CUSTOMER_290,"Hernandez, Manning and Pierce",Wayne Carroll,athomas@estes.biz,+1-615-735-5888,East Randy,2026-03-21,Pro,499,4,83.1,1,70.3,81.0,Low Risk
CUSTOMER_291,Johnson and Sons,Katherine Thomas,castanedathomas@sutton.net,+1-687-252-9733x0369,North Jason,2026-05-11,Pro,499,9,59.0,1,69.7,69.2,Medium Risk
CUSTOMER_292,Calderon Group,Vincent Callahan,zbrowning@moses-green.org,442-489-7300x21263,West Jasonville,2025-12-12,Basic,149,1,62.8,2,93.5,85.7,Low Risk
CUSTOMER_293,Mcdonald and Sons,Meagan Cobb,trujillochristopher@ross.org,001-916-216-8022x0186,Jamesville,2026-01-21,Basic,149,1,39.5,0,62.2,67.7,Medium Risk
CUSTOMER_294,Dalton Inc,George Williams,tiffany75@haley.net,001-531-629-3857,East Thomas,2025-10-29,Basic,149,3,59.4,1,86.0,80.3,Low Risk
CUSTOMER_295,Carrillo-Hernandez,Angelica Cox,mcculloughjennifer@smith.biz,402-551-5840,Lake Matthew,2026-05-11,Pro,499,0,76.3,0,58.9,78.5,Low Risk
CUSTOMER_296,"Roth, Schroeder and Smith",Paul Jackson,julie27@glenn.com,(403)562-3270,West Monique,2025-08-16,Pro,499,3,61.3,2,70.4,75.4,Low Risk
CUSTOMER_297,Medina-Russell,Michelle Bradley,anne90@rivera.com,001-818-485-3170x60995,Ellisberg,2026-01-31,Basic,149,15,71.3,1,72.2,68.5,Medium Risk
CUSTOMER_298,"Morrison, Harper and Watson",Tracy Potts,larrysavage@knox.org,(985)681-7597x0469,Chapmanbury,2025-09-20,Pro,499,0,67.7,2,84.6,84.9,Low Risk
CUSTOMER_299,"Bautista, Clark and Saunders",Lisa Morrison,bgonzales@roberson.org,001-252-498-7328x320,New Savannahshire,2026-04-05,Basic,149,3,66.9,0,47.4,69.0,Medium Risk
CUSTOMER_300,"Roberts, Mullen and Young",Mary Bryant,carrieharris@collier-brady.info,(771)547-6217x533,Crawfordland,2025-09-03,Pro,499,5,71.7,4,72.8,68.6,Medium Risk
CUSTOMER_301,Lee-Bowman,Laura Hunt,victorthompson@price.com,214-950-1002,East Reginaldmouth,2026-05-25,Enterprise,999,5,79.6,2,67.4,78.1,Low Risk
CUSTOMER_302,Henry Ltd,Pamela Ortiz,vtyler@ramsey-underwood.net,383-537-3580x525,Erictown,2025-10-03,Basic,149,0,79.3,1,68.7,82.8,Low Risk
CUSTOMER_303,Alvarez Inc,Rachel Henderson,rodrigueztheresa@martin-hoffman.com,552.462.6898,Parkborough,2026-02-05,Pro,499,7,92.8,3,81.2,80.6,Low Risk
CUSTOMER_304,Anderson-Jenkins,Travis Baird,mark78@reed-green.biz,657.622.2480,Port Danielchester,2026-04-24,Pro,499,7,59.0,1,68.5,70.6,Medium Risk
CUSTOMER_305,Cook and Sons,Joseph Garcia,michaeloconnor@hodge.info,988-666-4970x885,West Taraton,2025-10-24,Pro,499,0,70.3,0,87.0,86.5,Low Risk
CUSTOMER_306,Maynard and Sons,Mary Wilson,davidbarber@fuller.com,001-569-997-3017x999,Jonathanside,2025-08-28,Enterprise,999,2,40.3,1,89.4,76.6,Low Risk
CUSTOMER_307,Anderson-Myers,Casey Arias,ryan84@hubbard.info,223-789-0986,North Whitneychester,2026-02-10,Basic,149,1,80.1,0,58.3,78.6,Low Risk
CUSTOMER_308,Fisher LLC,Shirley Meyer,micheal14@richard.com,288-867-4525x026,Millerfort,2026-02-17,Pro,499,6,65.9,0,68.7,73.6,Medium Risk
CUSTOMER_309,Howell Inc,Sean Miller,natashacox@ruiz.com,+1-434-532-9795x922,Priceberg,2026-02-25,Pro,499,3,29.7,1,83.5,70.5,Medium Risk
CUSTOMER_310,"Nelson, Beltran and Davidson",Steven Bishop,terrycatherine@wood.biz,001-593-626-6613x461,Brandonport,2026-04-28,Pro,499,42,26.9,6,18.2,0.0,High Risk
CUSTOMER_311,Norton-Lloyd,Deanna Mccullough,joykane@rivers-brandt.com,(302)322-9092x9387,Port Adam,2025-12-05,Pro,499,1,69.8,0,72.2,80.3,Low Risk
CUSTOMER_312,Cooper-Rice,Aaron Mccoy,chadcosta@osborn-hunt.com,001-598-333-0322,New Lisaton,2025-11-03,Basic,149,3,49.7,2,72.7,72.7,Medium Risk
CUSTOMER_313,James PLC,Jose Holt,gfuller@santos.com,476-612-7765x60937,Vasquezburgh,2026-03-20,Pro,499,1,74.5,1,80.5,84.6,Low Risk
CUSTOMER_314,Green Ltd,Barbara Jordan,melinda33@burton.com,468.833.9101,Carpenterburgh,2025-08-13,Basic,149,0,71.0,3,51.3,69.8,Medium Risk
CUSTOMER_315,Farrell-Castro,Tracy Johnson,millerjoseph@nelson-cook.com,451-915-9537x30526,Torresland,2025-10-12,Basic,149,1,63.5,0,66.9,76.6,Low Risk
CUSTOMER_316,Romero-Flores,Matthew Vargas,gward@jones-patrick.net,307-280-5937x522,Lauraborough,2025-09-16,Basic,149,3,100.0,1,92.5,94.8,Low Risk
CUSTOMER_317,Livingston and Sons,Alicia Reyes,jonathan06@lynn.biz,+1-357-412-4137x60722,Lake Christopher,2025-08-21,Pro,499,3,89.6,0,68.6,83.3,Low Risk
CUSTOMER_318,Rios Ltd,David Jones,douglaswilliam@benjamin.com,001-943-651-3228,Morrisbury,2026-05-05,Basic,149,3,93.0,2,89.4,91.6,Low Risk
CUSTOMER_319,"Clay, Barnes and Williams",Francisco Navarro,hwood@smith.net,(612)736-6604x0886,Maryfurt,2026-06-10,Basic,149,5,93.3,1,72.2,83.9,Low Risk
CUSTOMER_320,"Holland, Lopez and Garcia",Caitlin Fisher,aprice@daugherty.biz,(377)495-6268x424,Port Katelyn,2026-02-07,Basic,149,1,84.3,0,86.9,89.8,Low Risk
CUSTOMER_321,Morris-Lopez,Darren Price,gary31@butler-moore.com,628-612-4360,New Stephen,2026-05-21,Basic,149,19,85.0,3,62.2,61.1,Medium Risk
CUSTOMER_322,"Burnett, Morris and Ward",Kimberly Miller,logansandra@harrison.com,219-739-8528x77189,Joshuaton,2025-11-09,Enterprise,999,1,83.4,0,53.2,77.8,Low Risk
CUSTOMER_323,Arellano-Scott,Tony Ramos,william46@potter.com,(542)469-5176x7929,South Christine,2025-11-06,Pro,499,0,36.3,2,78.3,73.3,Medium Risk
CUSTOMER_324,"Wilson, Johnson and Simmons",James Carter,christophertaylor@rodriguez-james.com,(359)215-4830,Rodriguezton,2026-06-30,Basic,149,2,83.3,2,82.3,87.0,Low Risk
CUSTOMER_325,Rodriguez Ltd,William Bryant,anna41@webb.com,708-489-6201x608,Jamesstad,2025-12-31,Enterprise,999,1,53.9,0,60.8,71.6,Medium Risk
CUSTOMER_326,Patterson-Ramos,Nicole Wright,tommy32@watson.com,835-364-0960x31089,Georgemouth,2026-05-10,Basic,149,5,73.6,1,100.0,87.7,Low Risk
CUSTOMER_327,"Brennan, Fuentes and Benson",Mrs. Jennifer Jarvis,david27@gardner-jackson.info,(959)850-3092,North Michael,2026-07-13,Basic,149,0,66.9,0,71.1,80.0,Low Risk
CUSTOMER_328,Vasquez-Harris,Marisa Jenkins,susan68@campos.org,414.424.4282,Amberhaven,2025-10-01,Basic,149,0,62.2,0,71.6,78.7,Low Risk
CUSTOMER_329,Smith LLC,Paul Christian,mariotanner@rojas-johnson.com,443.350.9199x064,South Monicaton,2026-03-31,Basic,149,0,61.6,2,54.9,72.7,Medium Risk
CUSTOMER_330,"Hancock, Hernandez and Peterson",George Banks,ojames@gonzalez.com,203.273.4671x2952,East Caitlin,2025-10-31,Basic,149,13,73.4,0,96.1,79.3,Low Risk
CUSTOMER_331,Smith Group,Luis Sharp,tanyamills@mcdowell.net,+1-372-803-4033x885,Michaelamouth,2026-02-12,Basic,149,13,98.7,1,57.9,73.5,Medium Risk
CUSTOMER_332,Taylor Ltd,Shelly Wagner,wilsonandrew@kent.com,001-849-333-9481x919,Mitchellmouth,2026-03-20,Basic,149,0,63.6,0,79.8,82.0,Low Risk
CUSTOMER_333,"Cochran, Garcia and Garza",Angelica Gregory,qblack@torres.com,912.686.1301x66614,West Cynthiamouth,2025-10-02,Enterprise,999,22,18.3,4,29.7,22.6,High Risk
CUSTOMER_334,Roth Ltd,Robert Black,rmunoz@rodriguez.org,6614805931,Wilsonhaven,2025-11-03,Basic,149,11,53.5,0,76.0,68.0,Medium Risk
CUSTOMER_335,"Hale, Roberts and Boyd",Mrs. Joyce Barrett,avilajeffrey@poole-adams.com,387-450-1791,North Karen,2026-06-09,Basic,149,2,90.9,0,69.6,84.9,Low Risk
CUSTOMER_336,Ford-Allen,Roger Foster,snixon@collins.com,2362401568,Anitaville,2025-10-28,Basic,149,3,84.1,1,76.7,84.4,Low Risk
CUSTOMER_337,"Williams, Reed and Stephenson",Catherine Robinson,jenna72@jones.org,597-960-2852x5092,West Louismouth,2025-12-20,Basic,149,6,60.2,1,91.2,79.7,Low Risk
CUSTOMER_338,Little-Donovan,Dr. Randy Hatfield,jenniferbrooks@clayton.org,7029801392,North Taylorstad,2026-07-23,Enterprise,999,1,52.3,0,52.8,68.3,Medium Risk
CUSTOMER_339,Coleman Inc,Virginia Nguyen,michellerush@sanchez.com,926.591.5248x7501,Palmertown,2026-02-21,Basic,149,3,69.2,0,92.8,85.6,Low Risk
CUSTOMER_340,"Cuevas, Baker and Cervantes",Anthony Fields,anne18@bridges-hernandez.biz,+1-993-359-0845,New Joseph,2026-02-22,Basic,149,9,73.7,1,64.4,71.8,Medium Risk
CUSTOMER_341,Bailey and Sons,Amy Jacobs,kconley@richards-richmond.com,9022250346,West Mark,2025-08-14,Basic,149,3,54.1,0,71.3,73.6,Medium Risk
CUSTOMER_342,"Roy, Bowman and Frazier",Brittany Smith,millermelissa@jenkins.org,8564575312,North Jonathanville,2026-04-30,Basic,149,4,53.2,3,77.9,70.2,Medium Risk
CUSTOMER_343,Guzman-Williams,Jonathan Robertson,erin63@fitzgerald-hood.com,+1-733-302-3982x14168,Port Benjamin,2026-06-13,Basic,149,9,55.4,2,68.2,67.6,Medium Risk
CUSTOMER_344,Lewis Inc,James Santiago,xthompson@garcia.org,4884682567,Jacobport,2025-11-22,Basic,149,0,70.7,2,68.8,80.3,Low Risk
CUSTOMER_345,Dominguez and Sons,Alvin Goodwin,darryl90@stevenson-flores.com,249-697-2578,Port Michelle,2026-03-16,Basic,149,4,48.6,2,49.4,63.4,Medium Risk
CUSTOMER_346,"Adams, Johnson and Newton",Daniel Harper,scervantes@jackson-hawkins.com,(381)480-0012,Christopherberg,2025-10-09,Basic,149,4,46.4,3,74.5,67.0,Medium Risk
CUSTOMER_347,Ward-Garza,Donald Price,anthony48@garza-stevens.com,001-721-280-3753,Walkertown,2026-01-04,Basic,149,0,61.3,0,41.0,67.7,Medium Risk
CUSTOMER_348,Ford-Wang,Melissa Kirk,alyssawoods@burns-blair.com,597.245.8115,Desireeport,2025-10-17,Pro,499,3,63.3,2,80.3,79.5,Low Risk
CUSTOMER_349,Stanley-Young,John Branch,thompsonjustin@contreras.com,845-853-6999x4361,Howardberg,2025-08-30,Enterprise,999,2,70.9,2,98.2,88.9,Low Risk
CUSTOMER_350,Mccoy-Garcia,Jonathan Mitchell,taylordylan@ramirez.info,(732)322-9364,East Calvin,2026-01-13,Basic,149,0,49.2,0,67.5,73.4,Medium Risk
CUSTOMER_351,Sandoval-Barajas,Tina Farmer,etucker@martin.com,+1-414-605-2136x049,Christineview,2026-06-09,Basic,149,3,66.7,3,81.3,76.3,Low Risk
CUSTOMER_352,"Bowers, Phillips and Eaton",Robert Scott,caseykimberly@beck.net,+1-360-342-1838,Brownfort,2026-06-26,Basic,149,7,67.0,2,94.2,81.9,Low Risk
CUSTOMER_353,Swanson-Daniel,Phillip Young,carolineroth@howard-martin.com,813.251.5843x623,Shawhaven,2026-01-14,Basic,149,2,78.1,1,82.5,85.6,Low Risk
CUSTOMER_354,Wells-Smith,Rebecca Navarro,rdavis@grant.com,(751)982-6195x7775,New Danielton,2025-12-30,Basic,149,2,62.0,1,69.5,76.2,Low Risk
CUSTOMER_355,Young Group,William Spence,nwright@gomez.net,288.645.9572,Bryantville,2026-02-07,Pro,499,5,89.4,1,47.2,74.0,Medium Risk
CUSTOMER_356,Robertson-Gomez,Sarah Li,thomas36@boyd.com,(530)873-4503x9028,Montgomeryside,2026-04-02,Enterprise,999,2,93.3,0,87.6,91.9,Low Risk
CUSTOMER_357,Smith-Flores,Wendy Lewis,acooper@pitts.com,(969)229-5357x56718,Tabithafort,2026-07-14,Basic,149,1,55.3,3,87.6,76.9,Low Risk
CUSTOMER_358,Ewing Ltd,Todd Alexander,lroberts@martin-price.info,4839151611,New Jeffrey,2025-10-09,Pro,499,4,70.8,1,86.7,83.1,Low Risk
CUSTOMER_359,Nolan-Barton,Heather Maldonado,andrewsanchez@harris.biz,+1-834-842-6139x53409,Morrisonville,2026-05-20,Basic,149,1,100.0,4,54.4,74.2,Medium Risk
CUSTOMER_360,Avila PLC,Alan Randall,david99@flowers-garcia.info,001-469-534-8112x3763,Lake Stevenmouth,2026-02-07,Basic,149,3,52.9,2,47.8,65.0,Medium Risk
CUSTOMER_361,Miller Group,Jodi Miller,vobrien@cline.com,6725272175,Port Morgan,2026-06-26,Pro,499,2,99.0,2,57.3,83.0,Low Risk
CUSTOMER_362,Gomez-Wise,Frances Daugherty,brianfisher@becker-johnson.info,436.328.7100x83501,Lopezfurt,2026-04-26,Basic,149,6,94.9,1,65.8,81.2,Low Risk
CUSTOMER_363,Scott LLC,Justin Miller,andrea89@gonzalez.com,(443)971-1427,East Rebeccahaven,2025-09-28,Basic,149,4,56.3,0,62.0,70.1,Medium Risk
CUSTOMER_364,Cooper-Obrien,Jason Guerra,rossjoseph@stephens-maldonado.com,(562)236-6621x9676,East Elizabeth,2025-08-11,Pro,499,30,20.9,10,15.9,0.0,High Risk
CUSTOMER_365,Stephens-Andrews,Christopher Brown,wsantos@smith-ward.com,554.778.8638x979,South Teresaland,2026-03-09,Basic,149,8,88.6,2,92.1,86.8,Low Risk
CUSTOMER_366,Cole-Buchanan,Molly Cochran,elizabethchavez@bray.com,389-896-8257,Brownton,2025-08-16,Basic,149,6,46.7,1,72.0,69.0,Medium Risk
CUSTOMER_367,Day-Jordan,Tammy Maddox,curtishernandez@flowers.com,261.488.7314,Mayoside,2026-07-15,Basic,149,0,57.1,1,88.4,83.1,Low Risk
CUSTOMER_368,Gonzalez and Sons,Jonathan Watson,elizabethphillips@moran.com,753-396-0459x35800,West Maria,2025-09-17,Basic,149,4,65.6,0,81.8,79.8,Low Risk
CUSTOMER_369,"Collier, Hale and Moran",Jessica Ryan,smithkevin@mitchell.info,001-207-745-3358,New Jasminechester,2026-05-23,Pro,499,2,87.3,1,63.2,81.6,Low Risk
CUSTOMER_370,"Hernandez, Williams and Thomas",James Hudson,claudia72@madden.biz,(599)381-6364x178,Orrfurt,2026-04-12,Pro,499,6,59.6,1,53.2,66.2,Medium Risk
CUSTOMER_371,Jenkins and Sons,Ashley Meyer,hamiltonsamuel@reid-burns.com,001-265-740-9200,Williamsshire,2026-04-06,Pro,499,4,87.3,2,59.8,78.6,Low Risk
CUSTOMER_372,Franco-Miles,Eric Miller,angela43@phillips.org,7458436203,Rebeccaborough,2026-04-12,Basic,149,12,24.7,5,19.3,25.2,High Risk
CUSTOMER_373,Ross-Thompson,Jordan Lewis,qdunn@lynch.com,213.813.4835x850,Neilshire,2026-04-27,Basic,149,32,21.2,4,30.0,14.9,High Risk
CUSTOMER_374,Martinez-King,Melissa Gomez,tanya86@alvarez-gutierrez.net,(652)307-9597,New Tonyamouth,2026-06-27,Pro,499,1,85.3,1,75.0,86.0,Low Risk
CUSTOMER_375,Cooper LLC,Jason Oliver,joneskevin@harrell.org,384-542-8724x71072,South Ryan,2025-08-11,Pro,499,1,64.3,1,60.8,74.7,Medium Risk
CUSTOMER_376,"Webster, Lee and Barker",Kim Porter,wmartinez@smith.com,2492757133,New Melanie,2026-01-30,Basic,149,3,87.7,3,77.5,81.3,Low Risk
CUSTOMER_377,Kelly-Grant,Madeline Ortiz,lauriedaniel@randolph.com,+1-237-958-3980,Garciaberg,2025-09-29,Basic,149,18,65.3,1,65.9,61.9,Medium Risk
CUSTOMER_378,"Walker, Coleman and Lane",Stephanie Khan,losborne@thompson.com,2847311945,Davidview,2026-01-15,Enterprise,999,3,56.7,0,64.6,72.0,Medium Risk
CUSTOMER_379,Harris Group,Kyle Patton,fcampbell@hernandez.org,990-627-2894,North Lisa,2025-11-17,Enterprise,999,2,56.7,1,53.7,69.1,Medium Risk
CUSTOMER_380,Key-Shepherd,Brittney Sanchez,alexander85@pacheco-ritter.info,001-250-689-0662x8464,Nicholasmouth,2026-07-03,Basic,149,4,62.2,2,76.4,76.9,Low Risk
CUSTOMER_381,Snyder and Sons,Kenneth Savage,lynchrichard@hart.com,621.231.7230x0653,Lake Zachary,2026-01-22,Pro,499,28,24.6,8,30.1,1.4,High Risk
CUSTOMER_382,"James, Davis and White",Kiara Mann,curtis53@dunlap.biz,936.635.0453x0453,Mcmillanton,2025-11-07,Pro,499,4,79.0,2,100.0,90.2,Low Risk
CUSTOMER_383,Luna Ltd,Nicole Jenkins,alexanderlindsey@harvey.biz,+1-761-484-3975x246,Norrischester,2026-01-12,Pro,499,2,80.3,1,99.6,92.2,Low Risk
CUSTOMER_384,"Carter, Ramirez and Harris",Samantha Olson,jonathan37@pierce.com,359-623-8533x3580,Susanburgh,2026-02-26,Pro,499,0,79.3,4,71.4,74.8,Medium Risk
CUSTOMER_385,"Dunn, Jones and Petersen",Christina Gray,michael50@hayes-anderson.com,+1-854-313-7963,New Pamela,2025-10-24,Pro,499,29,30.3,9,31.6,0.0,High Risk
CUSTOMER_386,Armstrong-Simmons,Kevin Williams,melissaallison@vega.com,671-353-4398,East Elizabeth,2026-01-27,Enterprise,999,1,85.9,0,52.7,78.3,Low Risk
CUSTOMER_387,Beck Group,Shannon Daniels,angela56@hardy-campbell.com,762-367-4085,Kevinfurt,2025-12-06,Enterprise,999,3,67.3,1,89.5,83.9,Low Risk
CUSTOMER_388,Edwards and Sons,Megan Adams,justin70@myers.biz,766-728-7712x28934,Chelseafort,2026-03-31,Basic,149,6,70.7,0,89.5,82.3,Low Risk
CUSTOMER_389,"Knox, Castro and Ramos",Kimberly Martin,kerry77@flores-poole.info,701.597.9823,Raventown,2025-07-27,Basic,149,25,27.9,5,30.8,18.8,High Risk
CUSTOMER_390,Adams Inc,Blake Washington,kelly35@nelson.com,(316)202-5166x44433,Lake Chris,2025-08-13,Basic,149,3,61.9,1,53.5,69.7,Medium Risk
CUSTOMER_391,Sanchez-Valdez,Joseph Mccullough MD,laura72@mason.biz,6327245089,Perkinsberg,2025-09-22,Pro,499,10,100.0,0,61.3,77.7,Low Risk
CUSTOMER_392,York-Hall,Amy Singleton,brittany74@payne-swanson.org,001-586-766-2048x247,Wilkinsonport,2026-05-13,Basic,149,0,73.3,2,60.6,78.2,Low Risk
CUSTOMER_393,"Miller, Dennis and Li",Joshua Durham,rmcintosh@brown.com,736.605.8933x031,Calebside,2026-02-28,Enterprise,999,3,57.8,0,90.8,81.5,Low Risk
CUSTOMER_394,Houston LLC,Cathy Everett,fpeterson@bailey-callahan.com,314-629-6174x21876,Raymondville,2026-05-28,Basic,149,33,7.1,7,25.4,0.0,High Risk
CUSTOMER_395,Shelton-Owens,Taylor Atkinson,hodgesamanda@atkinson-sims.com,685-806-8423x433,Baileymouth,2026-07-24,Basic,149,1,82.5,1,58.1,79.2,Low Risk
CUSTOMER_396,Thomas-Nguyen,Christian Ross,amandamcgrath@morris.org,001-708-211-4481,Sarahfort,2026-01-24,Basic,149,8,84.4,1,71.0,78.2,Low Risk
CUSTOMER_397,Stanley Group,Holly Todd,justin25@villegas-adams.com,(948)205-8926,North Amymouth,2026-04-06,Basic,149,1,90.1,1,92.1,93.4,Low Risk
CUSTOMER_398,"Wise, Munoz and Williams",Charles Scott,christian18@figueroa.org,+1-604-858-0244,West Joanne,2026-07-07,Pro,499,1,60.7,0,82.9,81.4,Low Risk
CUSTOMER_399,Banks-House,Felicia Richard,kbutler@baker-anderson.biz,(491)470-3216x90172,Johnburgh,2026-06-26,Basic,149,6,90.5,4,87.4,78.5,Low Risk
CUSTOMER_400,Gutierrez-Thomas,Donna Wilson,mason49@perkins-smith.net,938-248-8654x320,Reyeston,2025-11-05,Basic,149,0,61.2,1,56.4,73.1,Medium Risk
CUSTOMER_401,Young-Evans,Ashley Smith,sanchezmary@evans.org,001-610-221-3677x5566,East Cheryl,2025-10-20,Pro,499,0,77.0,0,58.2,78.5,Low Risk
CUSTOMER_402,Hudson-Day,Donna Palmer,jensenrobert@hill-donovan.net,566.757.4486,Port Ashleyberg,2026-02-01,Basic,149,12,60.4,1,69.6,67.0,Medium Risk
CUSTOMER_403,Ramirez and Sons,Luis Lawson,mirwin@smith-bailey.biz,925.826.4756,South Travis,2025-08-16,Pro,499,0,68.4,1,81.4,84.0,Low Risk
CUSTOMER_404,Carroll Group,Molly Kaiser,tylermartin@tran.com,969-585-5692x843,North Nancyberg,2026-02-11,Basic,149,0,52.7,0,85.5,80.7,Low Risk
CUSTOMER_405,Nichols-Kelly,Heidi Flores,cbrown@medina-garcia.com,(562)831-0610,Lindseymouth,2026-02-21,Pro,499,4,78.6,2,55.6,74.5,Medium Risk
CUSTOMER_406,"Edwards, Rodriguez and Warren",Joseph Peterson,padillacrystal@marquez.com,9426828486,South Charles,2026-06-19,Basic,149,0,59.5,0,100.0,87.8,Low Risk
CUSTOMER_407,"Beard, Robinson and Mcmahon",Thomas Hudson,tiffanyjohnson@martinez.com,544.726.2544,Ericside,2025-09-19,Basic,149,4,53.7,0,91.8,79.7,Low Risk
CUSTOMER_408,"Banks, Cortez and Humphrey",Benjamin Morgan,egibbs@martin.biz,(440)438-4718x8149,Barberburgh,2026-06-27,Basic,149,8,100.0,2,56.7,77.8,Low Risk
CUSTOMER_409,"Crawford, Rivers and Martin",Mrs. Heather Baker,victoriamcconnell@jackson.biz,727.426.9325x0815,Port Dean,2026-07-24,Basic,149,6,91.5,0,76.7,84.0,Low Risk
CUSTOMER_410,Snyder Group,Diane Harmon,wellsdonna@schmidt.com,001-946-282-6509x92115,Juanberg,2026-03-01,Basic,149,3,50.4,1,58.2,67.9,Medium Risk
CUSTOMER_411,Davis PLC,James Gutierrez,jennifer65@rodgers.net,+1-204-391-2832x1448,North Katherineburgh,2025-09-22,Enterprise,999,1,61.0,2,95.3,85.8,Low Risk
CUSTOMER_412,Flores-Parks,Shannon Villarreal,millermelissa@macdonald.com,814-907-3057x39660,Port Michelle,2025-10-12,Basic,149,0,72.1,0,70.6,81.3,Low Risk
CUSTOMER_413,Mccormick and Sons,Elizabeth Lewis,elizabethromero@white.net,313.438.3640x46598,Wiseshire,2026-04-28,Pro,499,5,78.2,0,87.9,84.8,Low Risk
CUSTOMER_414,Martinez-Jackson,Taylor Klein,linda02@garza.info,(666)572-0773,East Erinport,2025-07-24,Basic,149,5,83.8,2,71.0,80.6,Low Risk
CUSTOMER_415,"Smith, Bell and Odom",Charles Martinez,wileyshawn@vaughan.info,6675430325,Susanview,2026-06-06,Pro,499,1,77.4,1,66.5,80.6,Low Risk
CUSTOMER_416,"Taylor, Davis and Smith",Katherine Taylor,ayoung@larsen.com,001-843-532-5652x473,Lake Andrea,2026-05-29,Basic,149,9,58.6,0,95.1,78.0,Low Risk
CUSTOMER_417,Lynch-Peck,Jacqueline Yang,kingmichelle@carson.com,001-480-751-2796,Kingstad,2026-03-30,Pro,499,7,72.9,0,71.6,75.8,Low Risk
CUSTOMER_418,Coleman-Harris,Joel Adams,frank81@collins.biz,4299849554,East Seth,2025-08-26,Basic,149,38,10.9,10,24.5,0.0,High Risk
CUSTOMER_419,Nielsen and Sons,Selena Garrett,ericarusso@lee.net,260-964-0690x8631,North Cassidy,2025-07-31,Basic,149,1,44.2,1,60.9,68.7,Medium Risk
CUSTOMER_420,Clark-Costa,Steven Murphy,anna42@lawrence.com,996.412.6129,South Richardport,2026-01-19,Basic,149,4,71.0,1,70.2,77.4,Low Risk
CUSTOMER_421,"Douglas, Martin and Edwards",Steven Simmons,juarezmelissa@spears.com,001-509-919-8396,Mclaughlinmouth,2025-08-13,Basic,149,1,83.7,2,66.5,82.5,Low Risk
CUSTOMER_422,"Ramsey, Aguirre and Griffin",Stephanie Cruz,westmarcus@coleman-taylor.com,(635)902-2894,Christophermouth,2025-11-10,Pro,499,10,74.4,1,85.5,78.5,Low Risk
CUSTOMER_423,Brown and Sons,Lisa Morris,tfrank@smith.org,427.640.1483,Lake Katrinaborough,2026-03-17,Pro,499,5,52.5,0,84.1,75.8,Low Risk
CUSTOMER_424,Holmes-Carter,Matthew Johnson,lorimatthews@stewart.com,892-764-1688,Adrianfort,2025-12-08,Basic,149,1,72.0,1,45.9,71.8,Medium Risk
CUSTOMER_425,Myers-Horn,Patricia James,ryansantos@schmidt-hamilton.org,872.677.5331x7534,Roweville,2025-12-13,Basic,149,2,79.8,0,73.7,83.0,Low Risk
CUSTOMER_426,"Salinas, Parker and Smith",Dominique Mack,owoods@waller.net,+1-534-806-6358x77659,Deanmouth,2025-11-23,Basic,149,0,70.8,1,69.1,80.4,Low Risk
CUSTOMER_427,Anderson-Smith,Christopher Shaw,amanda53@tucker.biz,339.264.5381x52651,Williamschester,2026-07-19,Basic,149,23,28.2,5,32.5,21.2,High Risk
CUSTOMER_428,"Smith, Green and Ray",Jacob Bryant,williamsamanda@rice.com,2357208315,Veronicaton,2025-11-24,Basic,149,0,89.6,1,66.6,85.2,Low Risk
CUSTOMER_429,Hayes Ltd,Scott Woodard,daniel27@castillo.com,001-341-349-2990x48280,North Dawnborough,2025-08-06,Basic,149,28,5.0,7,10.0,0.0,High Risk
CUSTOMER_430,Bowen-Schroeder,John Baker,danielperkins@cannon.biz,(343)615-4879x82883,Port Tracyshire,2025-10-25,Basic,149,3,87.2,1,52.6,76.9,Low Risk
CUSTOMER_431,Phillips-Scott,Sandra Summers,angelica51@jackson-alexander.org,(402)389-8068,East Michelle,2026-05-13,Pro,499,3,72.6,0,62.5,76.0,Low Risk
CUSTOMER_432,Le PLC,Zachary Larsen,rodriguezbrandi@howell.com,(575)762-7926x34885,Thompsonville,2026-01-12,Basic,149,0,77.2,0,65.5,81.1,Low Risk
CUSTOMER_433,"Armstrong, Lutz and Jones",Donald Williams,lyoung@johnson-collins.com,+1-509-906-6510,Nancyhaven,2025-10-11,Pro,499,3,89.3,2,94.6,92.3,Low Risk
CUSTOMER_434,Morrow LLC,Diana Martinez,pspears@hudson-key.org,870-259-6123x70239,East Tiffanyfurt,2026-03-11,Basic,149,3,76.8,1,68.8,79.5,Low Risk
CUSTOMER_435,Schaefer-Duncan,Christopher Taylor,kirstenfields@mack.org,328.770.3827x9370,New Jacqueline,2025-09-11,Basic,149,4,67.1,0,79.8,79.6,Low Risk
CUSTOMER_436,"French, Williams and Galvan",Nancy Deleon,whitealejandro@maldonado.com,+1-311-936-6848x6442,Williemouth,2025-11-30,Enterprise,999,16,5.0,3,30.0,28.5,High Risk
CUSTOMER_437,Woodard and Sons,Anna Johnson,paulcruz@montgomery.com,644.797.9983,Martinezfurt,2026-06-16,Enterprise,999,0,100.0,1,59.2,85.7,Low Risk
CUSTOMER_438,"Jackson, Cruz and Andrews",Evelyn Johnson,lindsaybarr@walton.com,(424)464-8848,North Dillonfort,2026-05-01,Basic,149,5,65.5,2,55.7,69.8,Medium Risk
CUSTOMER_439,Rocha-Conway,Dustin Martinez,qharrison@callahan-mcclain.com,4673330751,South Betty,2026-04-29,Basic,149,1,96.4,2,80.3,91.2,Low Risk
CUSTOMER_440,Velazquez LLC,Ashley Stone,ethomas@vance.biz,922.900.4633,Robertsborough,2026-01-28,Basic,149,1,74.6,0,66.5,79.8,Low Risk
CUSTOMER_441,"Taylor, Brewer and Gonzalez",Eric Murphy,cristina53@mata-murray.com,001-742-651-0141x65288,Maryshire,2026-03-16,Basic,149,27,19.8,9,28.5,0.0,High Risk
CUSTOMER_442,"Barton, Carrillo and Mendez",Benjamin Reyes,kimberlynavarro@ryan.net,400-529-4815x71520,Griffinfurt,2025-11-21,Enterprise,999,8,47.3,0,95.5,75.6,Low Risk
CUSTOMER_443,Donaldson and Sons,Paul Wood,ericapeters@thompson-faulkner.com,575.507.0493,New Kristin,2026-04-03,Basic,149,3,84.3,0,67.1,81.1,Low Risk
CUSTOMER_444,Dunn Group,Jonathan Martinez,plong@edwards.info,(797)694-1151,Lake Marvin,2025-09-19,Basic,149,0,59.6,2,100.0,87.9,Low Risk
CUSTOMER_445,Ryan-Gutierrez,Kevin Flores,turnerryan@chavez.com,001-712-266-6527x0517,Lake Brianstad,2025-08-10,Basic,149,2,78.2,1,70.2,81.3,Low Risk
CUSTOMER_446,Costa LLC,Teresa Ellis,matthew06@carter.com,+1-417-407-0404x0586,East Michaelville,2025-08-23,Basic,149,36,11.8,6,39.2,2.8,High Risk
CUSTOMER_447,Campbell Inc,Kimberly Richardson,chandlercarlos@kelly.com,553.869.6762x2040,Parkborough,2026-04-09,Pro,499,0,74.6,0,65.5,80.3,Low Risk
CUSTOMER_448,Scott Group,Mrs. Suzanne Miller,willismichael@willis.com,605-366-3381x828,Lake Dennisfurt,2026-02-17,Pro,499,1,50.2,1,61.2,70.6,Medium Risk
CUSTOMER_449,Huffman-Lee,Christopher Barnett,brianlove@simmons-jenkins.com,+1-540-235-8275x33083,Harrelltown,2026-02-13,Enterprise,999,0,73.7,0,80.1,85.1,Low Risk
CUSTOMER_450,"White, Cruz and Li",Pamela Williamson,jesusharris@case.com,001-576-984-7241,Baileytown,2026-01-03,Pro,499,1,80.9,0,93.5,91.1,Low Risk
CUSTOMER_451,Dominguez PLC,Kimberly Daniels,dawnsampson@evans.biz,643-847-9887,East Audrey,2026-07-07,Enterprise,999,13,49.1,1,99.3,73.1,Medium Risk
CUSTOMER_452,Johnson Ltd,Patricia Moyer,dschneider@king.com,594.234.8624x26636,West Rebeccaport,2025-08-14,Basic,149,2,64.7,1,54.0,71.6,Medium Risk
CUSTOMER_453,Smith Ltd,Elizabeth Snow,phart@strong.biz,001-832-730-1021x4100,West Jennifer,2026-03-02,Basic,149,5,76.2,2,90.9,85.3,Low Risk
CUSTOMER_454,Kelly-Bowers,Lisa Watkins,aaron40@underwood.com,586.696.2548x90261,North Jasonland,2025-08-01,Basic,149,0,75.7,1,83.7,87.0,Low Risk
CUSTOMER_455,Lewis-Mendez,Kristy Watts,michaelhall@williams.com,235.851.2853,Robertberg,2026-05-20,Pro,499,13,25.8,7,32.1,20.1,High Risk
CUSTOMER_456,Johnson LLC,Lisa Bradley,codykemp@williams.com,691.230.8239,Port Joseph,2026-06-04,Enterprise,999,9,60.8,0,53.1,64.0,Medium Risk
CUSTOMER_457,Holden-Spencer,Laura Washington,parkerjennifer@ryan.com,818.326.8192x4069,Lake Angela,2026-07-05,Basic,149,6,74.9,1,51.6,70.3,Medium Risk
CUSTOMER_458,"Choi, Gutierrez and Burns",Taylor Berry,jeffreypotter@wilcox-lopez.net,001-466-543-1569x26562,Nicholaston,2025-08-06,Pro,499,0,77.3,1,74.5,84.3,Low Risk
CUSTOMER_459,Williams-Ellis,Alex Wise,angelgarrett@lucero.com,001-721-896-1471,East Jameshaven,2026-03-04,Basic,149,2,68.9,1,71.9,79.1,Low Risk
CUSTOMER_460,Maldonado Ltd,Christopher Mason,maria31@williams.com,(338)278-5599x509,Edwardhaven,2025-09-10,Basic,149,1,83.1,0,95.9,92.6,Low Risk
CUSTOMER_461,Woodard-Stokes,Vincent Ingram,thomasshort@thomas.com,+1-645-389-0820x2456,South Jenniferland,2026-04-30,Pro,499,4,79.3,0,84.2,84.8,Low Risk
CUSTOMER_462,"Clayton, Ramirez and Guerrero",Kayla Morris,isimmons@cervantes-byrd.biz,997.714.5131x291,Garcialand,2025-11-06,Basic,149,4,62.1,3,70.0,70.1,Medium Risk
CUSTOMER_463,Weaver-Khan,Teresa Brooks,jacquelinemooney@watson.org,694-244-8227,Brianborough,2025-11-24,Enterprise,999,2,53.5,1,76.0,75.9,Low Risk
CUSTOMER_464,Payne PLC,Alan Chang,flemingnatalie@cummings.net,001-272-790-4011x3962,New Valerieville,2025-07-24,Pro,499,3,68.0,1,64.4,75.3,Low Risk
CUSTOMER_465,Padilla and Sons,Kristin Mckay,johnsonkyle@palmer.com,993.276.2693x67612,Cherylton,2026-04-27,Enterprise,999,4,74.9,3,63.3,71.6,Medium Risk
CUSTOMER_466,Hughes-Barber,Amanda Moyer,snyderkelly@richardson.biz,001-825-296-6238x403,Jasmineport,2025-08-29,Basic,149,6,72.4,1,70.0,76.0,Low Risk
CUSTOMER_467,Nguyen-Glass,Amanda Simmons PhD,barnettkrystal@lamb-young.org,(476)268-9359x322,Rossmouth,2026-05-30,Basic,149,4,36.2,0,70.5,67.0,Medium Risk
CUSTOMER_468,Williams-Johnson,Erin Garcia,elizabethruiz@brown.com,(656)399-3227x571,Morsehaven,2026-05-31,Pro,499,8,46.0,2,83.5,71.0,Medium Risk
CUSTOMER_469,Wood Ltd,Monica Foley,thomasaaron@gutierrez-wolfe.com,+1-344-476-9856x9855,Smithburgh,2026-06-16,Basic,149,4,56.8,1,82.5,77.4,Low Risk
CUSTOMER_470,Johnson Ltd,Paige Jordan,judithsmith@warren.biz,001-471-420-9690,South Brenda,2026-05-13,Basic,149,2,73.5,1,60.5,76.5,Low Risk
CUSTOMER_471,Alexander-Reese,John French,zmorrison@richards.com,808-387-9952,East Jessica,2026-06-26,Enterprise,999,1,56.2,2,75.8,77.5,Low Risk
CUSTOMER_472,"Sosa, Robertson and Schroeder",Donna Casey,kevinjones@odonnell.com,+1-663-344-3168x975,Lake Gerald,2025-12-17,Basic,149,3,60.8,2,63.1,72.7,Medium Risk
CUSTOMER_473,Cook-Franco,Philip Black,alexis28@schroeder-thompson.net,(781)249-2717x091,Andrewport,2025-11-23,Basic,149,0,70.3,2,83.7,85.4,Low Risk
CUSTOMER_474,"Rose, Ellis and Fitzgerald",Nathan Strickland,matthew45@reed.com,(848)280-2541x2033,South Christophermouth,2025-07-24,Basic,149,9,82.8,3,72.4,72.8,Medium Risk
CUSTOMER_475,"Johnston, Lopez and Walters",Kimberly Sanchez,kristenruiz@williams.net,+1-456-344-3760,East Valerie,2026-04-21,Basic,149,1,81.7,5,81.5,73.7,Medium Risk
CUSTOMER_476,"Friedman, Pruitt and Cardenas",Heather Morris,taylordavis@estes.com,+1-874-742-7555,South Aaronbury,2026-03-31,Basic,149,7,68.6,1,85.5,79.4,Low Risk
CUSTOMER_477,"Murphy, Dalton and Hood",Janice Ruiz,fguerrero@may.org,(630)884-5615x20562,New Crystalberg,2025-12-05,Enterprise,999,2,77.2,0,82.0,85.1,Low Risk
CUSTOMER_478,Baird PLC,Jeffrey Burns,joshua07@luna.biz,001-625-841-9527x29060,Ballfort,2026-04-11,Basic,149,0,85.5,2,64.2,83.1,Low Risk
CUSTOMER_479,Avila-Davis,Gregory Tucker,teresa18@arnold.biz,001-412-349-6066x38390,New Brad,2025-09-20,Basic,149,5,84.4,2,79.0,83.6,Low Risk
CUSTOMER_480,Scott Inc,Tiffany Smith,cohenjeremiah@brown.com,206-636-2160,South Denise,2026-06-22,Basic,149,0,30.6,1,61.7,65.8,Medium Risk
CUSTOMER_481,King and Sons,Kayla Smith,christopherthompson@fitzgerald-quinn.com,986.721.0733x5675,East Lauren,2025-09-25,Pro,499,22,21.9,6,16.8,10.2,High Risk
CUSTOMER_482,Johnson LLC,Ryan Sanders,millerellen@chambers.com,(320)319-5290,Byrdville,2026-07-06,Pro,499,1,64.0,0,52.5,71.7,Medium Risk
CUSTOMER_483,"Hunt, Joyce and Keller",Joshua White,johnreid@davis-morgan.com,6548837830,Thomasbury,2025-10-10,Enterprise,999,5,68.8,1,64.3,73.8,Medium Risk
CUSTOMER_484,Alvarado-Smith,Nicole Ramirez,don43@porter.org,5247085355,Myersmouth,2025-12-15,Basic,149,1,49.2,0,74.3,74.9,Medium Risk
CUSTOMER_485,Smith and Sons,Steven Wood,wagnersarah@richardson.com,943.602.4109x5048,Dunnside,2026-06-02,Basic,149,2,76.1,1,65.2,78.9,Low Risk
CUSTOMER_486,Foster-Evans,Anthony Adams,riveraalan@palmer.com,(743)369-3571x5503,Dustinshire,2025-11-28,Basic,149,6,76.0,2,67.4,76.1,Low Risk
CUSTOMER_487,"Andrews, Martin and Watson",William Wong,gerald40@johnson.net,+1-888-201-5520,East Jonathanport,2026-06-06,Pro,499,1,72.2,2,78.3,83.2,Low Risk
CUSTOMER_488,"Spencer, Hart and Bell",Crystal Stone,samuel31@lopez.info,(826)874-6844,Port Katherineside,2026-03-28,Pro,499,0,51.0,0,76.7,77.1,Low Risk
CUSTOMER_489,"Walters, Perez and Jackson",Natalie Harvey,jhudson@thomas.com,390.626.1416,Tylerberg,2026-06-18,Basic,149,6,59.6,1,90.4,79.3,Low Risk
CUSTOMER_490,Jones PLC,David Berger,michaelsummers@tyler-washington.biz,3573422562,Johnsontown,2026-03-29,Basic,149,5,67.2,1,98.6,85.3,Low Risk
CUSTOMER_491,Hamilton-Reeves,Carlos Atkins,tlarson@robinson.biz,716-879-5812x268,Port John,2026-02-19,Basic,149,6,71.5,2,82.9,80.2,Low Risk
CUSTOMER_492,Melendez-Reese,David Martin,robert99@hall-sullivan.info,001-774-494-9853x90980,East Brittany,2026-03-27,Pro,499,1,96.3,0,78.1,90.4,Low Risk
CUSTOMER_493,Kelly Inc,Brittany Benton,josesanders@callahan-haley.com,490-392-2332x849,North Nicholas,2025-10-09,Basic,149,31,24.3,7,10.0,0.0,High Risk
CUSTOMER_494,King-Spencer,Kendra Williamson DVM,zburns@dyer.com,+1-448-877-9149x8477,Martinezland,2026-01-21,Enterprise,999,3,57.4,1,100.0,84.6,Low Risk
CUSTOMER_495,Gonzalez Ltd,Taylor Lane,hilljennifer@randall.net,001-905-660-0855x065,Port Joycefort,2025-07-27,Pro,499,7,76.9,0,54.2,70.9,Medium Risk
CUSTOMER_496,Nelson Ltd,Holly Baldwin,davidallen@bailey.info,(522)486-4467x72248,Isaiahshire,2026-05-15,Pro,499,18,25.7,10,19.4,0.0,High Risk
CUSTOMER_497,"Pacheco, Rivera and Brooks",Stacy Cannon,tinaanderson@martin-huff.com,475-781-3263x545,North Derekport,2026-06-10,Pro,499,1,92.9,0,97.0,95.9,Low Risk
CUSTOMER_498,"Rodriguez, Harrison and Vargas",Cody Ellis Jr.,jon80@patton-mclean.com,4052232931,Bryanttown,2026-02-01,Pro,499,13,15.0,5,22.6,22.5,High Risk
CUSTOMER_499,Dixon-Roberts,Steve Richardson,hsalinas@perry-campbell.com,001-807-921-7403x7162,Lake Jamesside,2026-05-13,Basic,149,7,73.1,0,95.2,84.1,Low Risk
CUSTOMER_500,"Morales, Adkins and Adams",Richard Hamilton,williamwilliams@gamble.com,870-821-0576,East Marychester,2026-07-02,Basic,149,0,66.5,2,55.2,74.3,Medium Risk
CUSTOMER_501,Cook and Sons,Alyssa Frazier,esaunders@gonzales.com,947.381.0676x91872,South Victor,2026-03-30,Pro,499,0,48.7,2,73.0,75.2,Low Risk
CUSTOMER_502,Cox-Carey,Amy Wilson DVM,kbryant@pierce.com,801.926.2939,Marshalltown,2026-07-21,Enterprise,999,7,58.1,0,93.1,78.9,Low Risk
CUSTOMER_503,Cowan-Nelson,Joseph Ruiz,wfisher@ward.biz,+1-956-745-5565,Lake Jeffreytown,2025-07-30,Basic,149,0,61.7,0,62.5,75.4,Low Risk
CUSTOMER_504,Brown-Carlson,Tiffany Herring,zwilson@jackson.biz,3815450683,Marilyntown,2025-12-23,Basic,149,5,80.6,0,43.4,70.0,Medium Risk
CUSTOMER_505,Becker PLC,Frank Cooper,carrollkristie@vincent-santana.com,001-711-605-6309x545,Hermanbury,2026-05-17,Basic,149,9,78.4,1,47.4,67.2,Medium Risk
CUSTOMER_506,"Brewer, Abbott and Daniel",Richard Berg,kathleenbarnes@chang-gutierrez.com,+1-917-859-4000x023,East Dylan,2026-02-22,Pro,499,0,84.3,1,83.1,89.4,Low Risk
CUSTOMER_507,"Gonzalez, Camacho and Miller",Joy Mcguire,lisabenson@rodriguez.com,770.930.7967,Meganton,2025-12-07,Basic,149,3,64.3,0,100.0,86.7,Low Risk
CUSTOMER_508,"Estrada, Johnson and Larsen",Laura Brooks,larsenrachel@owens.org,(812)916-2949x44701,Mariaport,2026-05-15,Enterprise,999,1,78.0,1,71.4,82.5,Low Risk
CUSTOMER_509,Hobbs-Riggs,Sean Rose,lucasnancy@garza.info,626.432.5997x586,New Fernando,2025-10-12,Basic,149,2,87.2,1,78.6,86.9,Low Risk
CUSTOMER_510,Mcintosh PLC,Matthew Austin,rhondasmith@holt.com,4529565989,Lake Shawntown,2026-02-01,Basic,149,7,84.9,0,82.4,83.2,Low Risk
CUSTOMER_511,"Allen, Romero and Warren",Michael Blackwell,oosborne@dean-cherry.biz,(394)529-6895x743,New Brandonmouth,2026-04-12,Enterprise,999,2,76.2,0,77.4,83.2,Low Risk
CUSTOMER_512,Sullivan Ltd,Cheyenne Anderson,tcox@jones-meyers.com,9913043738,New Joseph,2025-12-01,Enterprise,999,1,66.8,0,100.0,89.2,Low Risk
CUSTOMER_513,"Pearson, Franklin and Cox",Aaron Petty,christopherharvey@gomez-harris.info,+1-791-881-4978x4800,New Jamie,2025-09-03,Basic,149,6,79.1,1,78.3,80.9,Low Risk
CUSTOMER_514,Garza-Cantrell,Krystal Hardy,ingramchristopher@coleman.com,001-238-318-6441x8748,Benjaminside,2026-04-06,Basic,149,1,61.1,0,47.3,69.0,Medium Risk
CUSTOMER_515,Pierce-Carter,Toni Alexander,george21@williams.com,+1-499-422-1845x868,Moniquetown,2026-05-21,Basic,149,1,84.5,1,100.0,94.5,Low Risk
CUSTOMER_516,"Ramsey, Smith and Payne",Vanessa Dudley,clarkjohn@ho-faulkner.com,584-505-2266,Jonathanside,2026-01-19,Pro,499,3,74.3,1,65.5,77.6,Low Risk
CUSTOMER_517,Cruz-Moss,Dustin Reynolds,erikagarcia@davis.com,890.972.4072x0765,Taraton,2026-03-29,Basic,149,4,68.5,0,84.1,81.5,Low Risk
CUSTOMER_518,Johnson-Baker,Elizabeth Frye,tamarawilson@nixon-davis.biz,394.268.4171x6019,Lake Danielhaven,2025-11-12,Pro,499,4,69.4,1,79.0,80.0,Low Risk
CUSTOMER_519,George LLC,Andrew Hayes,fsteele@coffey.com,760.633.3506x9504,East Kevin,2026-07-08,Basic,149,1,66.3,0,55.3,73.4,Medium Risk
CUSTOMER_520,Wilson-Ruiz,James Adams,warrenmichael@sanchez-leonard.com,899-595-2337x74415,Morrismouth,2025-07-27,Basic,149,6,65.8,0,60.6,70.7,Medium Risk
CUSTOMER_521,Cooper-Marquez,Trevor Williams,nclark@massey.info,855-353-5151x08382,Walkershire,2026-03-23,Basic,149,8,79.6,1,77.2,78.9,Low Risk
CUSTOMER_522,Cole-Patterson,Lisa Long,david19@perry-edwards.com,(752)571-1108,New Robinton,2026-05-29,Basic,149,13,60.1,1,70.8,66.4,Medium Risk
CUSTOMER_523,Murphy-Fuentes,Janet Sellers,chapmantammy@sharp-austin.com,(514)597-7087,West Stephanieside,2025-08-24,Pro,499,6,51.5,3,85.4,70.6,Medium Risk
CUSTOMER_524,Baldwin Ltd,David Martin,danielvelazquez@mendoza.com,001-644-468-5676,Garciafurt,2026-03-17,Pro,499,8,71.2,1,74.7,75.5,Low Risk
CUSTOMER_525,Turner and Sons,Christopher Shaw,nicolewright@nguyen.com,(766)844-9961x8666,Brendanton,2025-12-20,Basic,149,0,78.5,0,100.0,93.6,Low Risk
CUSTOMER_526,Conway Ltd,Raymond Haley,sstrong@castro-mccoy.com,(731)710-5773,Ericville,2026-01-16,Basic,149,1,39.1,2,60.5,67.0,Medium Risk
CUSTOMER_527,Smith-Campbell,Kristina Bates,louis37@snyder.com,(801)328-3203x94073,Port Lucastown,2026-05-16,Basic,149,3,89.0,1,59.7,80.0,Low Risk
CUSTOMER_528,Yates LLC,Devin Lopez,betty44@hall.org,7185456706,Mitchellstad,2025-08-20,Basic,149,1,96.4,0,73.4,88.7,Low Risk
CUSTOMER_529,Harris-Lopez,Eric Carter,david42@gutierrez.net,442.376.3990,Port Adam,2026-01-06,Basic,149,3,76.2,2,100.0,90.2,Low Risk
CUSTOMER_530,"Graham, Strickland and Nelson",Amanda Davis,pandrews@brown.net,273-659-8038x6825,Youngstad,2025-09-07,Basic,149,1,72.9,0,87.9,86.8,Low Risk
CUSTOMER_531,Johnson and Sons,Chad Lewis,derekmurphy@pitts-small.com,526.652.5021x738,Randallchester,2025-11-24,Pro,499,41,30.3,5,35.2,7.9,High Risk
CUSTOMER_532,"Pacheco, Moreno and Dawson",Melissa Hobbs,garciaashley@combs.biz,001-329-799-4494x8058,East Sarahport,2025-12-12,Basic,149,2,68.5,0,44.0,69.2,Medium Risk
CUSTOMER_533,Morales Ltd,Melanie Smith,teresarivera@andrade-marshall.org,+1-597-931-5304x24451,Kathleenland,2026-07-04,Basic,149,8,66.9,0,72.0,73.3,Medium Risk
CUSTOMER_534,Bowers-Rodriguez,Nicole Banks,afoster@wilson.com,373-525-7162x289,Caseyborough,2025-10-05,Basic,149,0,85.6,1,61.8,82.3,Low Risk
CUSTOMER_535,Sanders-Cruz,Carla Lewis DDS,abennett@collins.org,5555550802,Torresberg,2026-05-26,Pro,499,21,5.0,4,25.0,17.9,High Risk
CUSTOMER_536,Smith-Frank,Jesse Lopez,bking@yoder.org,(988)560-5163x086,Lynnton,2026-03-09,Pro,499,4,69.6,0,64.3,74.9,Medium Risk
CUSTOMER_537,Brewer and Sons,Tina Rangel,michael70@levy.info,+1-335-511-4765x623,Lake Joshire,2026-04-05,Pro,499,1,53.8,1,72.2,75.5,Low Risk
CUSTOMER_538,Sullivan LLC,Brittney Ferguson,ryanbrown@flynn-haynes.com,946-707-6341x429,North Tanyashire,2026-02-13,Pro,499,10,75.2,1,62.4,70.6,Medium Risk
CUSTOMER_539,"Smith, Pope and Crawford",Bryan Davis,rogerskellie@robinson.info,264-220-2226x55560,South Taylormouth,2026-05-24,Pro,499,30,19.4,4,10.8,9.4,High Risk
CUSTOMER_540,Gross and Sons,Ryan Gordon,margaretcortez@collins-tucker.com,788-396-6765,Kerrytown,2026-05-13,Basic,149,0,77.2,2,73.5,83.9,Low Risk
CUSTOMER_541,"Novak, Owen and Mckinney",Joseph Bean,juanshannon@harrison.com,231.564.0496x873,Rachelberg,2026-01-15,Pro,499,4,60.4,4,45.7,56.6,Medium Risk
CUSTOMER_542,Ochoa Group,Brian Webster,jefferylopez@evans-kennedy.com,001-374-371-2456,New Jefferyport,2025-12-23,Basic,149,2,81.6,0,100.0,92.7,Low Risk
CUSTOMER_543,Wilson Group,Glenda Miller,larrymiller@roy-williams.com,(983)980-7416,Jamesport,2026-06-25,Basic,149,0,100.0,0,67.2,88.5,Low Risk
CUSTOMER_544,Davis-Pacheco,Matthew Marquez,dbrown@brooks.net,+1-321-338-4408x15600,Port Teresa,2025-12-25,Basic,149,3,53.6,0,60.2,69.5,Medium Risk
CUSTOMER_545,"Alvarez, Vaughn and Whitehead",Amy Davis,ngonzales@smith.com,642-964-0720x7334,West Richard,2026-03-31,Pro,499,0,44.5,1,61.1,69.7,Medium Risk
CUSTOMER_546,"Hernandez, James and Hanna",Roy Martin,martindaniel@huffman.com,+1-837-273-1541x869,South Robert,2026-05-31,Basic,149,13,76.9,2,71.2,71.6,Medium Risk
CUSTOMER_547,"Robinson, Thompson and Reynolds",Anthony Guerrero,anne51@wise-rowe.net,(471)359-4046x46226,West Karenmouth,2026-04-24,Basic,149,2,60.1,0,70.9,76.1,Low Risk
CUSTOMER_548,Anderson-Davis,Julia Logan,mikemiller@watson.com,850.920.2610x6393,Rosschester,2025-08-21,Basic,149,0,67.4,1,73.5,80.9,Low Risk
CUSTOMER_549,Lynch Inc,Michael Barton,delacruzkatherine@ramos-woodard.com,+1-468-317-4130,Melindaton,2026-07-16,Pro,499,19,50.1,3,69.1,53.1,Medium Risk
CUSTOMER_550,Palmer Group,Elijah Wagner,orogers@green.org,(426)511-1446,Jasonmouth,2026-01-13,Pro,499,7,75.7,0,65.9,74.6,Medium Risk
CUSTOMER_551,Hardin PLC,Timothy Rogers,wgarza@shaw-conway.com,(835)525-3326x57278,North Juliaside,2025-10-31,Pro,499,2,93.8,1,73.1,87.0,Low Risk
CUSTOMER_552,Waller-Hunter,Cristian Pugh,matthewsmith@mitchell-perez.com,(247)936-2933,Carlsonburgh,2025-08-30,Basic,149,3,64.3,1,76.6,78.5,Low Risk
CUSTOMER_553,Ortiz Group,Vicki Green,johnsoto@fernandez.com,(350)652-1632,New Kelly,2026-06-22,Basic,149,1,51.1,1,60.4,70.6,Medium Risk
CUSTOMER_554,Joseph and Sons,Cody Lane,jclark@carter.com,+1-287-977-4446x164,Lake Alexisburgh,2026-04-10,Basic,149,27,11.7,5,24.7,10.0,High Risk
CUSTOMER_555,"Jordan, Turner and Davila",William Smith,nmcgrath@gonzalez.com,+1-744-498-9912x8666,North Rachelland,2026-04-17,Enterprise,999,1,58.3,0,81.4,80.1,Low Risk
CUSTOMER_556,Carney LLC,Shelby Wang,gsharp@vincent.org,4347605144,North Ricardohaven,2025-09-27,Basic,149,2,55.3,0,100.0,84.8,Low Risk
CUSTOMER_557,Preston and Sons,Timothy Mendoza,michealpeterson@king-hawkins.com,313.533.1391,Bradshawport,2025-08-29,Basic,149,1,100.0,1,73.4,89.8,Low Risk
CUSTOMER_558,Schwartz PLC,Michelle Hill,rsantiago@campbell-chavez.org,558.294.2401x37815,Lake Alvin,2026-01-21,Pro,499,0,94.5,1,89.0,94.5,Low Risk
CUSTOMER_559,Wilson-Ali,Janet Anderson,qwalters@mitchell.info,+1-613-473-3456x87634,Debraland,2025-12-20,Basic,149,19,33.9,5,18.6,21.6,High Risk
CUSTOMER_560,Dickerson-Carter,Anthony Valencia,joeldominguez@stevenson.net,451-700-5078x06213,Bennettbury,2025-09-08,Basic,149,3,73.3,1,76.5,81.1,Low Risk
CUSTOMER_561,Lowery-Abbott,Jeffrey Williamson,amanda28@smith.com,(458)495-2235,Lake Roger,2026-01-21,Basic,149,1,84.1,0,81.5,87.9,Low Risk
CUSTOMER_562,"Smith, Oliver and Pollard",Maria Perkins,lynn43@peterson.com,+1-245-705-3224x4772,Traceystad,2025-12-02,Basic,149,0,82.7,0,79.2,87.5,Low Risk
CUSTOMER_563,"Banks, Weber and Leon",Savannah Burnett,arthurmckay@parker-gilbert.com,904-392-4225x0739,Port Walterberg,2026-05-19,Basic,149,0,66.0,0,64.2,77.3,Low Risk
CUSTOMER_564,Schultz Ltd,Teresa Martinez,moniquegibson@nguyen-freeman.com,+1-364-314-7846x3959,Angelaville,2026-04-12,Basic,149,7,62.3,1,71.1,72.4,Medium Risk
CUSTOMER_565,"Crosby, Lee and Newton",Charles Barnes,michaelian@bailey.org,924.334.6937,Woodside,2026-01-11,Enterprise,999,7,67.1,0,91.7,81.1,Low Risk
CUSTOMER_566,Ross Inc,Brenda James,nhorn@holland.org,894.633.5303,Leviport,2026-03-15,Pro,499,2,78.7,3,79.7,80.3,Low Risk
CUSTOMER_567,Morrison Ltd,Joan Rodriguez,hollowayeric@williams-simpson.com,001-944-615-8954x93438,New Dylan,2025-10-16,Basic,149,0,70.2,1,74.6,82.2,Low Risk
CUSTOMER_568,Schmidt PLC,William Davila,ericrichardson@ingram.biz,910.945.5797x742,Lake Tommyburgh,2026-02-15,Basic,149,0,69.4,0,89.3,87.1,Low Risk
CUSTOMER_569,"Lowery, Mckay and Gamble",Beth Jones,chad70@blanchard.com,+1-954-693-9037x58247,Kellyport,2025-08-19,Basic,149,20,51.9,2,76.8,60.0,Medium Risk
CUSTOMER_570,Jenkins-Robinson,Justin Kelley,jenna80@franklin.net,001-231-771-8617,Lake Dennisland,2025-08-14,Enterprise,999,3,64.9,1,100.0,86.8,Low Risk
CUSTOMER_571,"Hood, Miller and Harris",Nicole Bryant,gambleashley@gonzalez.info,269-906-9915x1649,South Jenniferborough,2026-05-23,Basic,149,1,88.7,2,81.9,89.4,Low Risk
CUSTOMER_572,Webb-Barnes,Stephen Alvarado,arroyomichael@foster.com,2543270551,West Elizabeth,2026-06-28,Basic,149,1,53.0,0,96.5,83.8,Low Risk
CUSTOMER_573,"Sampson, Scott and Allen",Julia Sanders,hthompson@lee.biz,6236832548,Mckinneyland,2025-12-27,Basic,149,0,81.8,2,36.3,72.2,Medium Risk
CUSTOMER_574,Clayton-Williams,Angela Walls PhD,william88@carr.com,869.632.1856x1090,East Debbieton,2025-09-28,Basic,149,9,72.3,3,70.3,68.9,Medium Risk
CUSTOMER_575,"Gonzalez, Davis and Bowman",David Garrett,edwardcolon@johnson-moore.com,368.753.7833x806,East Josephland,2026-04-04,Pro,499,7,63.5,1,99.5,82.8,Low Risk
CUSTOMER_576,Gomez-Day,Barbara Hoover,acarroll@hopkins-lane.net,+1-398-815-6205x5690,Lake Melindaton,2026-03-05,Pro,499,0,100.0,1,55.4,84.4,Low Risk
CUSTOMER_577,Hanna-Reynolds,Linda Medina,brownderek@peters.biz,645-959-8838x62526,Aprilfurt,2026-03-14,Pro,499,0,62.9,1,93.6,86.6,Low Risk
CUSTOMER_578,Ingram and Sons,Jay Castillo,tyler90@norris.com,(303)247-5106x31841,Amberview,2026-04-09,Basic,149,1,65.1,2,76.1,80.3,Low Risk
CUSTOMER_579,Ward and Sons,Anthony Hawkins,denisesmith@wong-brown.org,+1-363-565-8043x271,South Jaredport,2026-01-21,Basic,149,3,62.4,2,79.2,78.8,Low Risk
CUSTOMER_580,"White, Lyons and Burke",Jessica Smith,scott71@cordova.org,(872)918-4984x207,Hamiltontown,2026-02-16,Pro,499,1,65.6,0,61.5,75.3,Low Risk
CUSTOMER_581,"Craig, Hogan and Nguyen",Andrew Richard,heatherfisher@brown.com,001-687-889-4540x66528,Camposfort,2025-09-13,Basic,149,2,66.3,0,84.7,82.8,Low Risk
CUSTOMER_582,Davis-Hanson,James Arellano,derrick31@powell.com,+1-744-417-4331,Kimberlytown,2026-05-06,Basic,149,9,87.3,2,85.4,83.2,Low Risk
CUSTOMER_583,Berg-Carney,Stephanie Ramirez,lbell@harvey-moore.com,672.368.0078,Port Henry,2025-09-10,Basic,149,33,5.0,3,11.1,7.0,High Risk
CUSTOMER_584,"Peterson, Mason and Gibson",Cindy Garcia,alexanderrachel@meyer-lara.com,362.289.4715x687,New Christopher,2026-06-04,Basic,149,17,30.6,7,21.7,14.4,High Risk
CUSTOMER_585,May-Pratt,Stacy Patterson,murphydavid@leach.org,(689)619-1222,West Amymouth,2025-08-31,Basic,149,7,71.2,0,89.5,81.6,Low Risk
CUSTOMER_586,Ritter LLC,Kimberly Bailey,garciavictor@reed-rios.biz,894-982-2428x12483,Port Ashley,2025-12-31,Pro,499,1,59.8,1,82.6,81.0,Low Risk
CUSTOMER_587,Ortiz Inc,Kevin Sanchez,francisjennifer@kirby.info,(508)511-6907,Taylorville,2026-05-14,Basic,149,1,52.9,1,70.6,74.7,Medium Risk
CUSTOMER_588,James-Deleon,Thomas Reyes,elizabethortiz@rogers.info,618.430.9137x610,Lake Matthewhaven,2026-02-28,Basic,149,4,48.6,1,97.5,80.2,Low Risk
CUSTOMER_589,Reid and Sons,Kristin Wilson,owalker@smith-carson.com,795-670-0839x5076,South Ryanfort,2025-08-16,Basic,149,4,58.4,1,52.0,67.2,Medium Risk
CUSTOMER_590,Pennington Group,Carolyn Murphy,adampierce@smith-rice.com,(364)373-9976x448,Wellsview,2025-09-24,Pro,499,4,72.7,0,69.6,77.7,Low Risk
CUSTOMER_591,Collier PLC,Madeline Clark,vincentbrandon@charles.com,595.228.7862,Donnachester,2025-11-07,Pro,499,5,53.0,0,73.6,72.3,Medium Risk
CUSTOMER_592,"Burns, Cochran and Robinson",Anita Martinez,rachelclark@bailey.com,631-410-0443x52271,East Sarah,2026-01-13,Basic,149,29,29.9,9,38.4,0.5,High Risk
CUSTOMER_593,Tucker Group,Stephanie Meyers,rochanicholas@walker.com,5705518229,Oscarstad,2026-01-29,Basic,149,4,73.8,2,98.7,88.2,Low Risk
CUSTOMER_594,Gallagher-Johnson,Daniel Garcia,alicia45@armstrong.com,5872739494,Port Josefurt,2025-08-11,Basic,149,16,24.5,7,25.4,14.7,High Risk
CUSTOMER_595,Payne and Sons,Robert Harris,mary52@navarro.com,+1-941-716-9285x8828,Sandraton,2026-02-03,Basic,149,7,68.8,0,64.0,71.9,Medium Risk
CUSTOMER_596,Le and Sons,David Thornton,oscarshah@higgins-johnson.info,001-594-525-6760x44706,Wandaport,2025-10-30,Enterprise,999,21,63.6,2,65.8,58.7,Medium Risk
CUSTOMER_597,Mathews Inc,Keith Goodman,zmoody@baker-rose.net,326-508-0226x5712,New Catherinestad,2025-08-22,Basic,149,5,83.2,0,60.6,76.8,Low Risk
CUSTOMER_598,West-Mccarthy,Jennifer Bates,ericksonerik@kennedy.com,001-304-516-9058x9363,Stevenport,2025-12-18,Basic,149,3,84.2,1,85.0,87.4,Low Risk
CUSTOMER_599,"Henderson, Dean and Bates",Louis Murphy,klivingston@stanley.biz,(689)707-1274x4360,North Robert,2025-12-17,Basic,149,2,76.9,1,75.6,82.8,Low Risk
CUSTOMER_600,White-Gardner,Sarah Griffin,lisa08@walker.com,001-543-663-9397x195,East Tamarastad,2025-12-03,Pro,499,1,53.5,0,80.9,78.5,Low Risk
CUSTOMER_601,Davis PLC,Scott Rose,veronica51@padilla.com,(228)222-6684x96302,Thompsonmouth,2025-08-13,Basic,149,1,41.3,1,79.4,74.3,Medium Risk
CUSTOMER_602,"Jones, Herman and Solis",Kevin Wright,geraldli@williams.com,(208)604-7995x126,Mckeechester,2025-08-06,Basic,149,3,100.0,0,67.8,86.1,Low Risk
CUSTOMER_603,Brown LLC,Julie Smith,stephaniemckay@jones.info,(568)297-6614,Mcdonaldbury,2026-05-04,Pro,499,3,74.0,0,96.7,88.4,Low Risk
CUSTOMER_604,"Farley, Graves and Young",Erica Dougherty,jacob97@brown.com,539.254.5569x57302,West Ericport,2026-03-21,Enterprise,999,6,88.8,0,49.0,73.5,Medium Risk
CUSTOMER_605,Vaughn-Tyler,Melissa Bright,jrodriguez@howard.net,001-558-771-2640x0960,West Jeffreychester,2026-05-16,Pro,499,3,51.1,1,56.0,67.3,Medium Risk
CUSTOMER_606,"Mitchell, Ortega and Watson",Jennifer Fernandez,scott50@alvarez.net,502.416.5620x5346,West Kevinport,2026-03-02,Basic,149,0,87.7,2,76.4,88.1,Low Risk
CUSTOMER_607,"Smith, Trevino and Jimenez",Jared White,bradruiz@hood-mason.com,(407)343-7791x13260,Lake Raymondfurt,2025-07-29,Basic,149,3,93.2,0,48.6,77.3,Low Risk
CUSTOMER_608,Johnston LLC,Brenda Schmidt,mcclainjustin@stevenson-cunningham.info,675.291.0976,Stephanieberg,2026-02-25,Pro,499,3,94.7,0,65.0,83.5,Low Risk
CUSTOMER_609,"Bartlett, Marks and Gallagher",Daniel Smith,joelmiles@gonzalez.com,(572)765-5629x60166,Lake Linda,2026-06-26,Basic,149,0,86.5,0,45.6,76.9,Low Risk
CUSTOMER_610,Harmon-Palmer,Andrew Campbell,qshepard@buchanan.com,(683)533-9827,North Michaeltown,2026-02-12,Basic,149,6,82.8,2,74.8,80.8,Low Risk
CUSTOMER_611,Silva-Ward,Elizabeth Kelly,eric97@gonzalez-welch.com,882-208-9334x789,Adkinsfort,2025-11-25,Enterprise,999,2,76.1,1,95.7,89.6,Low Risk
CUSTOMER_612,Butler and Sons,Dylan Arnold,ufarmer@collins-mccall.com,+1-370-618-0641x32785,Trevorfort,2026-06-12,Pro,499,0,74.4,1,72.0,82.5,Low Risk
CUSTOMER_613,Mckay-Harrison,John Torres,joseph59@kelly.com,(272)640-5819x0391,South Andrewstad,2025-12-06,Basic,149,5,69.0,1,100.0,86.3,Low Risk
CUSTOMER_614,Schultz-Brown,Donald Petersen,jguerrero@adams-curry.biz,001-835-331-1344,Johnsonstad,2025-09-16,Basic,149,2,79.7,0,66.5,80.4,Low Risk
CUSTOMER_615,Mccormick Inc,James Miller,athompson@mckenzie.com,(709)977-0181x8504,East Tiffanystad,2026-02-11,Basic,149,4,79.5,1,75.8,81.9,Low Risk
CUSTOMER_616,"Alexander, Walker and Joseph",Marie Davis,acunningham@waller.biz,+1-474-685-9860,Lake Richard,2026-05-25,Basic,149,0,57.0,1,53.6,70.9,Medium Risk
CUSTOMER_617,Robinson PLC,Jerry Powell,kevin83@johnson.net,+1-392-542-3499x26898,Hallburgh,2025-10-29,Basic,149,0,87.0,1,82.6,90.0,Low Risk
CUSTOMER_618,Haley-Green,Lisa Fox,jonathan55@hicks-berger.com,6868536038,Gardnerview,2025-10-27,Pro,499,2,71.2,0,65.7,77.6,Low Risk
CUSTOMER_619,"Nguyen, Johnson and Gonzales",Christopher Gibson DDS,olamb@ward-kelly.net,832.381.0968,Campbellview,2026-01-04,Basic,149,9,45.2,3,74.7,62.3,Medium Risk
CUSTOMER_620,Frye-Huff,Sara Torres,ramoscrystal@white.info,601-284-4611x210,West Patriciafort,2026-04-01,Pro,499,4,61.4,3,82.1,74.2,Medium Risk
CUSTOMER_621,Wong-Rodriguez,Alec Hoover,jefferywhite@robinson.com,(473)547-7319,Brittneyside,2026-06-22,Basic,149,1,68.7,0,65.0,77.5,Low Risk
CUSTOMER_622,Salinas and Sons,Robin Jackson,rward@moreno.com,958.736.8511,Gouldhaven,2026-06-27,Pro,499,0,89.0,0,72.4,87.0,Low Risk
CUSTOMER_623,Ramirez-Fernandez,Adrian Mills,guerrerolori@martin-collins.com,377-792-2191,North Tracy,2025-11-02,Basic,149,8,73.5,3,75.2,71.9,Medium Risk
CUSTOMER_624,Sanchez Ltd,Denise Stanley,ericgonzales@watson.info,001-376-257-5325x75468,Vasquezville,2025-11-29,Basic,149,2,75.7,4,68.6,71.0,Medium Risk
CUSTOMER_625,Hahn-Dean,Douglas Gomez,freemantaylor@nolan.com,(942)362-1250x942,Cameronside,2025-10-01,Basic,149,10,89.2,1,89.9,84.5,Low Risk
CUSTOMER_626,Montgomery-Gray,Steven Davis,thomaswright@taylor.info,914-506-5936x527,South Brittanyville,2025-09-28,Pro,499,5,34.5,0,75.4,67.4,Medium Risk
CUSTOMER_627,Dixon-Olson,Johnathan Liu,courtney49@fitzgerald.info,(704)400-3551,West Samuel,2026-06-15,Enterprise,999,23,13.7,4,25.3,18.8,High Risk
CUSTOMER_628,Robinson-Dickerson,Robert Carter,angelicaellis@wilson.com,001-806-901-7757x771,Blakeland,2025-12-27,Enterprise,999,5,43.2,2,97.4,77.7,Low Risk
CUSTOMER_629,Perez LLC,Melanie Fields,zachary64@lee.info,(592)385-5069x252,East Matthew,2026-02-10,Basic,149,8,63.6,2,65.8,70.1,Medium Risk
CUSTOMER_630,Jones Ltd,Travis Foster,marilyn01@green.com,+1-201-767-1900x32674,Williammouth,2026-05-11,Pro,499,4,86.9,0,66.6,80.9,Low Risk
CUSTOMER_631,"Haynes, Carr and Black",Jaclyn Kerr,hickmancourtney@ramirez.biz,729-317-6421x2602,Dukechester,2025-08-12,Basic,149,0,71.0,2,67.8,80.0,Low Risk
CUSTOMER_632,Warren-Burnett,Jenny Reynolds,villanuevaadrian@harrison.com,001-526-533-4116,North Joseph,2026-03-27,Basic,149,0,66.1,1,48.7,71.9,Medium Risk
CUSTOMER_633,Young-Hutchinson,Patricia Martinez,gilbert22@ramirez.org,+1-754-316-9613,South Karen,2026-04-21,Basic,149,5,65.0,2,93.9,83.0,Low Risk
CUSTOMER_634,Horne-Barnes,Wayne Mendoza,nancy07@roberts-johnson.com,001-908-907-3784x09749,Port Josephborough,2025-10-10,Basic,149,8,86.7,2,61.5,75.5,Low Risk
CUSTOMER_635,"Anderson, Moss and Foster",Carrie Medina,michaelwong@martinez.biz,825.249.3514,Rodriguezville,2026-02-10,Basic,149,8,80.8,0,61.9,73.9,Medium Risk
CUSTOMER_636,Joseph Inc,Joanna Cross,tiffanylee@harris-brown.com,+1-558-256-3377x57177,West Sharon,2026-02-12,Basic,149,1,55.2,1,51.6,68.7,Medium Risk
CUSTOMER_637,"Johnson, Clark and Whitney",Katherine Christensen,carpenterbarbara@paul.biz,(788)786-3661x8071,Paulaville,2026-02-10,Pro,499,3,78.8,1,81.7,84.6,Low Risk
CUSTOMER_638,"Lowe, Gregory and Johnson",Jonathan Melendez,raysamuel@brown-bailey.com,603-437-5447,Colemouth,2025-11-28,Basic,149,9,62.3,0,99.9,80.8,Low Risk
CUSTOMER_639,"Zamora, Payne and Navarro",Luis Robbins,tiffanymoss@castaneda.com,001-564-448-1025x86482,West Justin,2025-10-24,Basic,149,12,88.8,1,65.7,74.1,Medium Risk
CUSTOMER_640,"Chambers, Howard and Pruitt",Allison Martinez,phillipsalan@holland-bowen.com,+1-851-323-2197x4952,Walshview,2026-02-12,Basic,149,3,49.5,1,72.7,72.7,Medium Risk
CUSTOMER_641,Mcknight PLC,Melanie Jackson,joshua53@york-young.com,+1-765-549-8213x0356,Weeksview,2026-01-20,Basic,149,5,63.5,1,61.6,71.2,Medium Risk
CUSTOMER_642,Hammond-Hall,Alexander Lucas,ashley11@bowman-browning.com,(395)313-2841x14466,Anthonymouth,2026-05-08,Basic,149,3,49.3,0,86.0,77.3,Low Risk
CUSTOMER_643,Hoover and Sons,Jon Stone,whitebob@bean.com,+1-988-707-8254x1437,Port Nicoleton,2026-05-07,Basic,149,2,46.6,3,88.2,73.6,Medium Risk
CUSTOMER_644,Edwards-Robbins,Gregory Oliver,bwells@brown.com,8236891223,Wiseside,2026-07-11,Pro,499,2,87.4,0,73.5,85.2,Low Risk
CUSTOMER_645,"Petty, Bernard and Reid",Rickey King,john57@johnson.info,974.347.2475x3666,West Robin,2025-08-20,Pro,499,0,96.6,0,95.5,97.4,Low Risk
CUSTOMER_646,Smith and Sons,Arthur Smith,victoria61@phillips.com,(946)786-8315x8315,New Dillonborough,2026-03-13,Basic,149,0,73.6,7,52.0,52.8,Medium Risk
CUSTOMER_647,"Brooks, Young and Roth",Laura King,fnichols@morales.com,001-861-366-7587x706,Christophershire,2025-08-06,Basic,149,1,71.5,0,49.6,72.9,Medium Risk
CUSTOMER_648,Lambert Ltd,Anthony Gaines DDS,reneehughes@orr.org,576.752.2789x44892,Lindamouth,2025-12-30,Pro,499,4,68.9,2,77.6,79.3,Low Risk
CUSTOMER_649,Lyons LLC,Suzanne Keith,jrivera@wiggins.com,8628810971,Laurafurt,2026-02-25,Basic,149,5,75.2,2,90.7,84.9,Low Risk
CUSTOMER_650,Morgan Ltd,Danny Elliott,sandersjoseph@dawson.biz,825-660-8210x94492,New William,2026-05-18,Basic,149,1,54.8,0,54.0,69.5,Medium Risk
CUSTOMER_651,Thompson-Higgins,Sheila Shepherd,xrobinson@lloyd.com,801.635.2228x09770,West Rachael,2026-02-26,Basic,149,4,78.7,1,100.0,90.1,Low Risk
CUSTOMER_652,Rogers-Flores,John Davis,eperez@johnson-shannon.info,+1-619-386-9136,Jenniferview,2026-04-20,Basic,149,1,53.7,1,47.3,66.8,Medium Risk
CUSTOMER_653,"Young, Caldwell and Wright",John Roberts,amyriley@shaw.com,001-535-545-6178x305,Tammytown,2026-01-12,Pro,499,11,61.9,0,53.4,62.6,Medium Risk
CUSTOMER_654,Kelly-Williams,Norma Marquez,edwinperez@caldwell.info,(366)541-1764x31754,New Markberg,2025-09-27,Enterprise,999,2,42.2,2,78.0,73.2,Medium Risk
CUSTOMER_655,"Patton, Hurst and Jacobs",Tiffany Williams,ljacobs@brown.com,(846)905-4077x0499,West Kimberlychester,2026-04-29,Enterprise,999,8,46.7,0,84.7,71.7,Medium Risk
CUSTOMER_656,Gordon Group,Jennifer Peterson,hmayo@hunter.com,707.435.8325,Lake Timothy,2025-09-07,Basic,149,0,60.7,2,77.9,80.5,Low Risk
CUSTOMER_657,"Crawford, Montoya and Park",Jessica Bartlett DDS,rjoyce@harvey.com,(468)624-4813,Brookemouth,2025-12-08,Basic,149,3,83.0,0,67.2,80.8,Low Risk
CUSTOMER_658,Green-Hunter,Sabrina Brown,palmergeorge@dickerson-khan.com,001-349-960-6714x04798,Jeremytown,2026-05-30,Basic,149,6,79.0,0,79.9,81.4,Low Risk
CUSTOMER_659,Livingston LLC,Daniel Mckinney,swatson@martinez.com,389-685-7037,Port Julie,2026-04-07,Basic,149,3,63.1,2,59.3,72.1,Medium Risk
CUSTOMER_660,Cook-Soto,Robert Clark,rhonda42@taylor.com,906-621-1814,West Kristinbury,2026-04-23,Basic,149,2,61.8,0,72.0,77.0,Low Risk
CUSTOMER_661,Robinson PLC,Lori Brooks,ugarcia@massey.net,001-464-965-7922x7621,Mcclainmouth,2026-05-18,Basic,149,0,88.0,2,51.3,79.4,Low Risk
CUSTOMER_662,"Lee, Wood and White",Steven Williams,vhutchinson@riddle-keith.biz,737.540.3785x9939,Mcclurechester,2025-10-05,Basic,149,8,69.2,1,70.3,73.4,Medium Risk
CUSTOMER_663,"Gilmore, Gardner and Martinez",Matthew Singh,thopkins@hunter-thompson.com,337.665.8403x34191,Stevenborough,2025-09-30,Basic,149,0,56.3,0,49.6,69.2,Medium Risk
CUSTOMER_664,Dennis LLC,Gordon Petersen,uwilson@gonzalez.biz,+1-747-940-6186x9046,West Ryan,2026-01-26,Basic,149,2,65.2,0,96.5,86.6,Low Risk
CUSTOMER_665,Carpenter-Quinn,Jeffrey West,jobrien@fischer.com,(460)913-1026x48803,East Joannabury,2026-05-26,Pro,499,9,56.7,1,67.0,67.6,Medium Risk
CUSTOMER_666,"Elliott, Walker and Jones",Joshua Collier,ylee@williams.info,(721)540-9912,Shelbyland,2025-08-05,Enterprise,999,15,59.1,1,73.1,65.2,Medium Risk
CUSTOMER_667,"Beltran, Wilkins and Davis",Claudia Mcdonald,timothy60@gomez.com,001-252-456-2678x44991,Jeannemouth,2025-09-20,Basic,149,26,5.0,6,24.3,4.3,High Risk
CUSTOMER_668,"Wilson, Thomas and Stafford",Samuel Newman,lambertdarrell@rodriguez.com,+1-677-522-7314,Lake Donald,2026-03-11,Basic,149,1,52.9,1,90.6,81.7,Low Risk
CUSTOMER_669,Taylor-Martin,Brandi Reed,youngjean@cardenas.com,(590)321-0279x5843,Morrisburgh,2025-09-15,Basic,149,1,79.6,0,56.1,77.6,Low Risk
CUSTOMER_670,Sanchez PLC,Charles Blackburn,dmoore@andrade-hill.info,8269252716,Kingtown,2026-04-29,Enterprise,999,5,73.1,1,80.3,80.7,Low Risk
CUSTOMER_671,Martin-Thornton,Melissa Long,flong@henderson.com,974-805-3950,Veronicaview,2026-01-12,Enterprise,999,1,49.7,0,73.2,74.7,Medium Risk
CUSTOMER_672,"Mendoza, Gibson and Haynes",Loretta Ritter,hannahbrown@bell.info,(800)519-5685,Davidmouth,2026-03-15,Basic,149,2,66.0,1,51.6,71.1,Medium Risk
CUSTOMER_673,Harris-Sutton,Sara Jones,joshuajones@watson-williams.com,5705495668,Toddfurt,2025-12-07,Pro,499,0,49.8,1,82.3,78.7,Low Risk
CUSTOMER_674,Dixon-Reeves,Sabrina Baker,shawnzuniga@pratt.com,+1-516-543-8208x88204,Lake Belinda,2026-06-28,Enterprise,999,3,49.9,0,89.6,78.7,Low Risk
CUSTOMER_675,Guerrero-Coleman,Marie Thompson MD,rreed@richmond.com,001-592-645-2592x03293,Michaelton,2026-03-17,Basic,149,7,96.1,1,62.6,79.6,Low Risk
CUSTOMER_676,"Marshall, Gutierrez and Harvey",Tanner Rogers,sheila33@smith-norman.com,+1-847-226-1667x782,Heatherbury,2026-05-15,Basic,149,1,70.2,1,57.7,75.4,Low Risk
CUSTOMER_677,Patel and Sons,Daniel Hernandez,thomasjohn@gonzalez.com,(701)984-5681,West Laura,2026-03-16,Basic,149,4,76.1,0,80.6,82.5,Low Risk
CUSTOMER_678,Peters LLC,Kevin Brown,bmclaughlin@torres.com,429-818-0394x494,Andersonport,2026-01-30,Basic,149,0,68.0,1,56.7,75.2,Low Risk
CUSTOMER_679,Clark and Sons,Paula Burns,richard90@nicholson.org,+1-937-221-7105,Ebonychester,2025-11-27,Pro,499,5,58.2,1,78.4,75.5,Low Risk
CUSTOMER_680,Walker-Williams,Craig Woods,patriciaadams@kelley.info,598.382.0873,Aguirreborough,2025-12-28,Basic,149,0,59.2,1,72.7,78.2,Low Risk
CUSTOMER_681,Smith-Jones,Natasha Jones,erik06@ortiz.com,679.872.3915,Garrisonberg,2026-06-21,Pro,499,0,76.4,1,56.7,77.8,Low Risk
CUSTOMER_682,Hernandez Ltd,Justin Carson,tracy75@alexander-gonzalez.net,695-602-6148,Yangville,2026-01-28,Basic,149,3,100.0,0,68.7,86.4,Low Risk
CUSTOMER_683,"Cummings, Parrish and Gonzales",Melissa Johnson,barberbrittany@monroe-washington.com,001-713-434-0973x487,Port Williamchester,2025-08-08,Pro,499,4,82.8,0,85.8,86.4,Low Risk
CUSTOMER_684,Cox-Travis,Daniel Lewis,heather95@shaw.com,(528)773-9061,Lake Shawna,2025-10-30,Enterprise,999,0,66.5,0,60.4,76.1,Low Risk
CUSTOMER_685,Cunningham Ltd,Edward Weaver,amandaallen@smith.info,754-968-7349x0433,Duaneberg,2025-10-06,Basic,149,3,59.3,0,86.7,80.5,Low Risk
CUSTOMER_686,Allen and Sons,Ernest Bryant,angela37@baker.net,611-562-4206x04458,Davidsonton,2025-10-06,Pro,499,1,52.2,0,75.8,76.3,Low Risk
CUSTOMER_687,Taylor PLC,Jill Skinner,joshuabarrett@cross-white.com,+1-815-724-0874x66718,North Brittany,2026-02-24,Basic,149,0,76.1,0,78.0,85.1,Low Risk
CUSTOMER_688,"Thompson, Watts and Nguyen",Matthew Wong DDS,cynthiadavis@hull.com,+1-773-729-4494x164,Port Patrickhaven,2025-11-04,Pro,499,3,71.7,0,76.6,80.7,Low Risk
CUSTOMER_689,Bishop-Luna,John Johnston,richardhudson@wallace-calderon.info,8893089269,Karenview,2025-09-09,Basic,149,0,68.0,1,64.8,78.1,Low Risk
CUSTOMER_690,Mccarthy-Mcgee,Paula Scott,kimberlyparker@mckinney-fischer.org,682-337-0497,East Shaun,2026-06-28,Pro,499,3,51.2,0,62.2,69.5,Medium Risk
CUSTOMER_691,Robinson LLC,Crystal Hensley,brendacurry@ruiz-leon.com,(665)397-0527,Jasminefort,2026-04-06,Basic,149,20,6.5,5,18.4,12.4,High Risk
CUSTOMER_692,"Norton, Edwards and Hobbs",Carol Boyd PhD,mccoyjo@thomas-pitts.biz,233-204-9462x885,Elizabethtown,2026-06-08,Pro,499,0,77.0,1,95.7,91.6,Low Risk
CUSTOMER_693,"Morales, Thomas and Sims",Francisco Brown,hillroberta@rice.org,(534)850-9340,Watsonhaven,2026-03-16,Pro,499,2,85.5,1,73.8,84.7,Low Risk
CUSTOMER_694,Welch LLC,Susan Mitchell,bernardmartinez@bonilla.com,7186516184,New Jenniferchester,2025-12-19,Pro,499,5,100.0,2,89.3,91.9,Low Risk
CUSTOMER_695,Williams-Williams,Ralph Davis,jgonzalez@carlson-sanchez.com,+1-958-866-1642x533,Burkeside,2026-04-11,Basic,149,23,5.0,3,16.5,17.6,High Risk
CUSTOMER_696,"Garcia, Garcia and Lawson",Hunter Miller,amy01@travis.com,984-737-6714x043,East Jacquelineton,2026-04-22,Basic,149,4,100.0,3,61.2,78.4,Low Risk
CUSTOMER_697,Thomas-Alvarez,Mr. Benjamin Montoya PhD,ccarroll@day-wallace.com,588-965-7207,West Stephen,2026-06-27,Basic,149,4,44.8,0,75.3,71.3,Medium Risk
CUSTOMER_698,Diaz-Tucker,Joseph Wilson,brian94@mcguire-whitaker.com,7079355919,North Jasminbury,2026-02-16,Basic,149,4,47.7,0,86.3,76.0,Low Risk
CUSTOMER_699,Tanner and Sons,Nathan Clements,christopher32@daniels.info,661.610.5744,Toddmouth,2026-02-16,Pro,499,1,73.6,0,30.0,66.7,Medium Risk
CUSTOMER_700,Strong PLC,Carl Brown,courtney23@ho.com,631-934-5447x90222,Robertton,2025-09-30,Basic,149,2,50.4,0,50.6,66.1,Medium Risk
CUSTOMER_701,Sanchez Inc,David Thompson,lward@johnson.com,+1-405-695-4460x35111,Andrewtown,2026-04-28,Enterprise,999,0,63.9,3,86.6,80.0,Low Risk
CUSTOMER_702,Collins-Owens,Kelsey Hartman,kathleen37@johnson.org,492.494.3679x0819,Williamsborough,2025-10-17,Basic,149,5,89.3,0,95.4,90.8,Low Risk
CUSTOMER_703,Short-Moore,Wendy Cook,andersonkimberly@barnes-taylor.com,988.646.1900x87261,Lindastad,2026-02-01,Pro,499,0,83.2,0,53.4,78.6,Low Risk
CUSTOMER_704,Adams-Donaldson,Jeffrey Eaton,boydmatthew@bailey-rogers.org,001-727-876-6371x7216,Travisbury,2026-04-06,Basic,149,0,69.1,0,78.5,83.2,Low Risk
CUSTOMER_705,Le-Lewis,Andrew Nash,heathergarcia@weaver.com,001-603-373-4998,West Desireetown,2025-07-27,Basic,149,3,70.7,0,87.5,84.2,Low Risk
CUSTOMER_706,"Lopez, Coleman and Aguirre",Michelle Williams,lauren79@kelly.biz,001-638-456-8014x96396,New Donald,2026-06-02,Basic,149,9,23.9,4,34.8,37.5,High Risk
CUSTOMER_707,Hodge Inc,Judy Hoffman,laura29@phillips.info,201-679-8517,Garnerland,2026-02-01,Pro,499,0,77.2,2,89.1,89.3,Low Risk
CUSTOMER_708,Hubbard-Pittman,David Torres,brendapatrick@martinez.org,(763)957-8065x58844,Donnamouth,2025-09-24,Pro,499,0,69.9,1,61.7,77.6,Low Risk
CUSTOMER_709,Harris and Sons,Sharon Cox,xwilliams@wise-vega.com,726.297.8405,Sharonbury,2025-08-26,Basic,149,3,71.2,2,100.0,88.7,Low Risk
CUSTOMER_710,Ponce-Ross,Jeffrey Conner,stephen22@miller-myers.info,469-539-2092x044,Lake Heathershire,2026-02-02,Basic,149,26,14.0,8,23.1,0.0,High Risk
CUSTOMER_711,Thomas-Flores,Richard Montoya,bowmanchristopher@marshall.com,476-941-6368x8282,New Charles,2025-10-15,Basic,149,0,76.4,0,81.6,86.5,Low Risk
CUSTOMER_712,"Schmidt, Powell and Park",Stephanie Deleon,rubenwheeler@collins.net,(541)264-6877x2343,South Suzanne,2026-04-09,Basic,149,1,76.0,0,92.6,89.3,Low Risk
CUSTOMER_713,"Thomas, Alvarado and Green",Frances Rowland,lopezanthony@powell.biz,434.648.3739x099,Port Andreashire,2025-09-22,Pro,499,19,84.7,0,78.9,71.4,Medium Risk
CUSTOMER_714,Schwartz-Vasquez,Tony Johns,qcaldwell@davis.com,827-903-9547x8464,Briannaport,2025-08-13,Pro,499,10,68.8,1,50.4,64.5,Medium Risk
CUSTOMER_715,Fox Ltd,Traci Campbell,david97@miranda.info,(805)961-2335x26084,Lake Kurtberg,2025-08-16,Basic,149,17,63.0,1,65.6,62.0,Medium Risk
CUSTOMER_716,Carter-Woods,Elizabeth Vargas,cooleybeverly@logan-floyd.com,+1-559-368-6871,Kevinhaven,2026-01-17,Pro,499,7,73.1,2,78.7,78.4,Low Risk
CUSTOMER_717,"Maxwell, Young and Zhang",Matthew Lyons,guyadams@james.biz,997-250-7265x463,Wagnerfort,2026-06-06,Pro,499,6,72.1,1,64.1,73.8,Medium Risk
CUSTOMER_718,"Rich, Brown and Macias",Eric Garcia,williamsgina@adkins.com,001-251-919-7534x5688,West Christophershire,2026-03-02,Basic,149,19,9.9,7,11.5,2.9,High Risk
CUSTOMER_719,Baker PLC,Connie Taylor,amy62@riddle.com,+1-408-531-1668,North Shelbyberg,2026-07-07,Enterprise,999,0,48.7,0,49.0,66.8,Medium Risk
CUSTOMER_720,Murphy Inc,Nancy Miller,wheeleramy@larson.info,832.205.8733x686,Ruizhaven,2025-08-08,Basic,149,1,71.5,0,59.9,76.5,Low Risk
CUSTOMER_721,Silva-Long,Philip Gordon,juan01@santos.com,001-309-767-0796x9342,Sullivanhaven,2026-03-05,Basic,149,1,69.6,0,86.2,85.2,Low Risk
CUSTOMER_722,Rich Inc,Nathaniel Ross,michael97@washington-stanley.com,(432)480-8584x40167,Jenniferfort,2026-06-28,Basic,149,4,57.9,1,41.3,63.3,Medium Risk
CUSTOMER_723,Dominguez PLC,Michael Davis,randyfinley@williams-graves.info,746-894-7740,Lopezmouth,2026-07-09,Pro,499,1,100.0,3,69.8,84.1,Low Risk
CUSTOMER_724,Melton-Barker,Steven Thomas,tgarner@williams-howard.com,+1-766-466-6610x301,Martinborough,2026-02-09,Pro,499,1,76.6,1,48.6,74.1,Medium Risk
CUSTOMER_725,"Vega, Burns and Garcia",Peter Williams,qmay@kerr.net,2846542560,North James,2026-07-17,Pro,499,1,89.4,1,68.7,85.0,Low Risk
CUSTOMER_726,Wilson PLC,Ricky Martin,petersonmark@morton-dalton.com,9084412690,Lake Cliffordtown,2025-08-11,Basic,149,10,57.2,1,64.5,66.0,Medium Risk
CUSTOMER_727,Eaton-Lee,Sarah Weeks,collinselizabeth@rivas.com,9558872808,Williammouth,2026-05-24,Basic,149,0,70.4,2,77.7,83.3,Low Risk
CUSTOMER_728,Stewart-Johnson,Paige Martin,anthonysantana@ross.com,671-440-2472x5311,East Clayton,2026-06-26,Enterprise,999,10,52.2,1,61.1,63.3,Medium Risk
CUSTOMER_729,Burton Inc,Douglas Mills,lisaadams@sutton-massey.com,+1-423-401-7185x8458,East Victor,2026-02-18,Basic,149,3,58.1,3,75.6,71.8,Medium Risk
CUSTOMER_730,"Vaughn, Key and Gonzalez",Caleb King,ericarnold@watkins-joseph.com,8605044432,North Abigail,2026-03-06,Basic,149,14,73.4,3,100.0,75.3,Low Risk
CUSTOMER_731,Williams-Velazquez,Beverly Long,kristendickerson@lee-anderson.biz,936-466-2543x68278,Ortizton,2026-06-20,Basic,149,2,60.7,2,78.6,79.0,Low Risk
CUSTOMER_732,Gonzalez-Cook,Dr. Jeffrey Lawson,anngilmore@melton.com,338.264.9297x8175,Lake Shelly,2025-08-09,Pro,499,1,100.0,2,100.0,99.1,Low Risk
CUSTOMER_733,"Harrison, Baker and Christian",Angela Norris,qwilson@ruiz.com,(233)646-4255x681,Tanyahaven,2026-02-14,Basic,149,5,72.2,2,87.0,82.7,Low Risk
CUSTOMER_734,"Morris, Leonard and Sullivan",Derek Turner,bradleyelizabeth@macdonald-wilson.net,(860)632-6418,Hudsonstad,2026-06-29,Basic,149,2,57.4,0,88.9,81.6,Low Risk
CUSTOMER_735,Petersen-Smith,Kenneth Robinson MD,angelarodriguez@collins.com,711-890-9592,Solomonstad,2026-05-16,Pro,499,0,75.2,1,83.6,86.8,Low Risk
CUSTOMER_736,Martin Inc,Amy Nelson,michael68@cook.com,+1-921-452-6161x8872,Molinaville,2026-06-02,Basic,149,3,61.9,1,74.3,77.0,Low Risk
CUSTOMER_737,"Campbell, Wood and Ward",Jose Cole MD,mgill@noble.com,001-224-888-6198x40382,Dunnmouth,2025-12-01,Basic,149,1,98.0,3,58.1,79.4,Low Risk
CUSTOMER_738,Herring-Ramsey,Jerome Dawson,lbrock@kennedy-ross.com,+1-428-389-5009,Johnmouth,2026-02-02,Basic,149,0,81.6,2,70.7,84.2,Low Risk
CUSTOMER_739,Villanueva-Ross,Tyler Ford,smithlogan@smith-moreno.info,309-784-3025x98966,Brayborough,2025-11-17,Basic,149,0,68.9,0,73.2,81.3,Low Risk
CUSTOMER_740,"Jackson, Moore and Singh",James Sullivan,leah86@beck-barnett.com,+1-907-990-5469x0004,Bridgesfurt,2025-08-26,Enterprise,999,25,30.3,6,23.3,12.4,High Risk
CUSTOMER_741,Edwards Inc,Christina Walker,jowens@ortiz.com,001-709-786-5736,Hallton,2026-06-02,Basic,149,2,65.0,1,57.6,72.9,Medium Risk
CUSTOMER_742,"Montgomery, Phillips and Webster",Yesenia Cooper,oclark@gonzales-rodriguez.com,712-365-6891x73961,East Paige,2026-05-18,Basic,149,49,25.8,8,39.4,0.0,High Risk
CUSTOMER_743,Sparks-Olson,Tammy Cross,breannathomas@perez.biz,(503)270-5283,South Charles,2025-12-03,Basic,149,7,74.3,0,65.7,74.2,Medium Risk
CUSTOMER_744,"Garcia, Spencer and Powers",Michael Castillo,trevor28@lopez.com,540-439-2772,Port Miketown,2026-03-03,Pro,499,11,100.0,1,97.5,89.5,Low Risk
CUSTOMER_745,"Sharp, Ramirez and Foster",Brianna Berry,michael29@andrade-robinson.com,463.596.6227x3219,East Benjamin,2025-10-11,Enterprise,999,2,74.7,0,63.8,78.0,Low Risk
CUSTOMER_746,"Castillo, Hall and Wilson",Mrs. Stephanie Clark,fparsons@williams.info,+1-829-937-4114x1058,South Lauren,2025-11-09,Basic,149,7,69.0,0,76.9,76.5,Low Risk
CUSTOMER_747,Miller-Stewart,Caitlyn Mitchell,michael61@jordan-silva.com,+1-354-344-3217,Codytown,2026-02-22,Pro,499,4,51.8,0,63.1,69.1,Medium Risk
CUSTOMER_748,"Knight, Carter and Butler",Sarah Roman,lesliescott@atkinson-perez.com,(902)326-5647,Philipfurt,2025-09-09,Pro,499,11,62.5,0,62.0,65.8,Medium Risk
CUSTOMER_749,"Murphy, Beck and Murphy",Lisa Anderson,davidsweeney@lopez.info,+1-854-453-9295x46170,Irwinshire,2026-07-06,Basic,149,1,89.6,2,100.0,96.0,Low Risk
CUSTOMER_750,Hall PLC,Amanda Hill,bethany01@ball.com,001-348-823-3754x90057,Gutierrezville,2025-10-30,Enterprise,999,9,72.3,4,84.6,69.4,Medium Risk
CUSTOMER_751,Thomas-Meza,Curtis Meyer,alexisyates@french-lopez.com,(937)442-5815x763,Palmertown,2025-08-16,Pro,499,5,69.5,0,88.8,82.6,Low Risk
CUSTOMER_752,"Medina, Carter and Hunter",Jason Thompson,rileyalicia@hayden-gibson.com,782.805.7737,Susanhaven,2025-08-11,Enterprise,999,3,98.4,0,84.8,91.6,Low Risk
CUSTOMER_753,Shelton LLC,Robert Wilson,katherine15@zimmerman.com,(811)876-3166x4056,East Brittney,2025-11-21,Pro,499,0,68.1,1,92.2,87.7,Low Risk
CUSTOMER_754,Simpson-Fowler,Donna Hodge,walkerdebra@newman-williams.com,606-954-9770x587,North Katherine,2026-04-08,Pro,499,1,67.7,1,44.1,69.9,Medium Risk
CUSTOMER_755,Alexander-Miller,Austin White,donna44@snyder.com,915.634.1626x84189,East Brian,2026-05-12,Basic,149,4,69.7,1,76.1,79.0,Low Risk
CUSTOMER_756,"Green, Gonzalez and Black",Eric Kelly,morganmegan@wagner.biz,+1-366-669-8195x973,Ryanfort,2025-09-20,Pro,499,8,88.5,1,74.0,80.4,Low Risk
CUSTOMER_757,Rodriguez-Conway,Mike Park,graykathy@bryant-johnson.net,001-415-272-1856x2858,East Kevinland,2025-12-06,Pro,499,18,84.3,4,61.2,57.0,Medium Risk
CUSTOMER_758,Miller-Odonnell,Sarah Smith,aberg@rowe.com,337.400.6814,South Allisonland,2025-12-07,Basic,149,0,62.4,1,81.0,82.1,Low Risk
CUSTOMER_759,Reyes and Sons,Jennifer Moyer,robert82@sheppard.net,454-580-8927,Huntview,2025-10-14,Pro,499,8,45.1,2,92.7,74.0,Medium Risk
CUSTOMER_760,Alexander PLC,Julian Simon,athompson@johnson.org,+1-258-442-9497x13564,Lake Craig,2025-11-19,Enterprise,999,2,90.7,1,83.3,89.6,Low Risk
CUSTOMER_761,Benjamin-Brandt,Penny Burton,andrew32@levine.com,5363860445,Port Marcside,2026-05-28,Pro,499,1,97.0,1,55.9,82.8,Low Risk
CUSTOMER_762,Lopez-Jackson,Jessica Cook,phillipshannah@stevens.com,(677)788-0722,Johnsonport,2026-05-25,Enterprise,999,23,9.4,5,26.3,13.4,High Risk
CUSTOMER_763,Turner and Sons,Tamara Martinez,millerjames@thompson.com,001-477-713-1978x97800,Hinesland,2025-10-06,Basic,149,0,97.8,1,61.9,86.0,Low Risk
CUSTOMER_764,"Mclaughlin, White and Lee",Amy Phillips,gardnermelissa@romero-alexander.net,(444)962-2151,West Kathryn,2026-01-26,Basic,149,6,87.4,0,82.1,84.7,Low Risk
CUSTOMER_765,Vasquez-Bruce,Brandy Perkins DDS,dlane@klein-baldwin.com,908.396.0279,Maryton,2025-07-31,Enterprise,999,0,86.8,2,86.4,91.3,Low Risk
CUSTOMER_766,Mcgee-Byrd,Brandon King,anthonyhoward@jones.org,001-873-623-0992x883,Muellerville,2026-01-23,Basic,149,3,59.7,1,59.2,71.0,Medium Risk
CUSTOMER_767,"Johnston, Williams and Gonzalez",Christina Jones,sandra71@sanchez-rodriguez.com,(808)581-2444,Port Jeremymouth,2026-04-07,Pro,499,9,69.0,1,57.9,68.1,Medium Risk
CUSTOMER_768,Mitchell-Vasquez,Mike Villarreal,bfrey@tyler.net,(836)724-7046x006,Cindymouth,2025-12-16,Basic,149,5,73.4,0,79.6,80.5,Low Risk
CUSTOMER_769,Robinson-Choi,Katie Waters,john96@lucas.org,904.974.7009,West Jennifer,2025-08-27,Pro,499,46,8.8,9,13.3,0.0,High Risk
CUSTOMER_770,Schmitt Inc,Francisco Fisher,dennis75@andrews-marshall.biz,858.739.5472x459,Nicolemouth,2025-08-26,Basic,149,2,68.0,2,91.0,85.5,Low Risk
CUSTOMER_771,Parker PLC,Karen Thompson,wnguyen@kelly.com,9532613081,Ashleychester,2026-04-08,Basic,149,21,27.5,10,37.3,1.9,High Risk
CUSTOMER_772,"Harris, Porter and Daugherty",William Hernandez,gcherry@foster.com,463.523.5822,Mahoneyborough,2025-08-25,Basic,149,1,93.8,1,82.0,91.0,Low Risk
CUSTOMER_773,Sanchez-Gray,Christina Beasley,kathleenhenry@freeman-williams.info,001-906-674-0701x1071,East Ashley,2026-05-10,Pro,499,3,68.1,2,68.2,76.7,Low Risk
CUSTOMER_774,"Noble, Trujillo and King",Javier Barron,sherylweiss@berry.biz,597.711.7482x76399,Johnfort,2026-06-28,Basic,149,0,69.8,2,66.7,79.3,Low Risk
CUSTOMER_775,"Anthony, Williams and Lee",Jamie Torres,williamspatricia@brown.com,(526)533-8939,Griffinside,2025-08-08,Basic,149,7,80.6,0,66.4,76.3,Low Risk
CUSTOMER_776,"Castro, Taylor and Johnston",Alexandra Patterson,tracie61@myers-morgan.com,3715615738,West Eric,2025-12-08,Basic,149,1,72.5,0,87.0,86.3,Low Risk
CUSTOMER_777,"White, Guerrero and White",Bryan Grimes,joneskyle@colon-patterson.com,(500)554-4815,New Rebeccaland,2026-05-18,Basic,149,20,78.1,2,70.7,65.7,Medium Risk
CUSTOMER_778,Young-Smith,Erika Petersen,eileenreyes@randall.com,840-894-2143x8426,East Pamelaberg,2025-12-16,Enterprise,999,1,84.4,0,75.5,85.9,Low Risk
CUSTOMER_779,"Smith, Cummings and Riley",Taylor Clay MD,sabrina34@wood.com,602-320-8494,Thomasside,2026-07-21,Pro,499,0,83.1,2,83.8,89.3,Low Risk
CUSTOMER_780,"Beasley, Brown and Green",Cassandra Pineda,sallen@ibarra-hernandez.org,001-528-887-8234x611,Bellhaven,2026-04-18,Basic,149,9,69.9,6,58.0,50.4,Medium Risk
CUSTOMER_781,"Roth, West and Velez",Jessica Clark,elizabethhoffman@rogers.biz,628-593-6834,Port Michelle,2026-05-22,Basic,149,1,56.7,1,97.6,85.3,Low Risk
CUSTOMER_782,Clark LLC,Tracey Brown,nfoster@cooper.com,885-250-8301x438,Jeremiahview,2026-01-20,Enterprise,999,0,64.5,0,81.2,82.8,Low Risk
CUSTOMER_783,Moran-Williams,Janet Mckay,stewartnicholas@griffith-espinoza.com,855-321-0742x155,Barkerville,2025-08-18,Pro,499,6,66.6,2,69.7,74.1,Medium Risk
CUSTOMER_784,"Smith, Jones and Hensley",Theresa Martinez,charlessmith@schmidt-edwards.info,751.890.4176x53890,Simmonsport,2025-10-28,Basic,149,2,57.8,1,75.3,76.9,Low Risk
CUSTOMER_785,Kelly Group,Michael Becker,xgarrett@pearson-williams.com,952.663.5848x212,Johnsonhaven,2025-07-28,Pro,499,0,91.4,2,80.4,90.6,Low Risk
CUSTOMER_786,Smith-Jones,Evan Day,kristine39@carter.net,6645163170,Port Ashley,2026-03-31,Pro,499,0,50.4,0,74.6,76.2,Low Risk
CUSTOMER_787,"Wells, Jones and Weaver",Aaron Odom,danielle65@gaines.com,001-558-796-9256,Kennedyhaven,2025-10-15,Basic,149,6,64.1,1,70.5,73.7,Medium Risk
CUSTOMER_788,Garcia Ltd,Mark Petersen,vbradford@myers.com,+1-497-550-9027x7973,Patriciastad,2025-08-22,Enterprise,999,36,29.7,7,13.8,0.0,High Risk
CUSTOMER_789,"Ford, Nelson and Norris",Amy Lopez,ericbecker@johnson.com,8064917958,South Davidside,2025-11-03,Basic,149,3,70.9,0,95.2,87.0,Low Risk
CUSTOMER_790,Melendez-Frank,Amanda Wise,matthew43@lewis.com,001-826-386-1676x730,Vasquezton,2026-06-28,Basic,149,5,85.8,0,76.3,83.1,Low Risk
CUSTOMER_791,Lee Ltd,Corey Randolph,sean89@palmer.com,351.551.3007x188,Amandaburgh,2026-05-17,Basic,149,4,67.6,1,67.5,75.4,Low Risk
CUSTOMER_792,Nichols Ltd,Sabrina Peters,kmorse@johns.org,6798896035,New Richard,2026-01-09,Basic,149,29,25.7,7,16.8,0.7,High Risk
CUSTOMER_793,Bird PLC,Jason Gonzalez,elizabethray@doyle.com,793-859-9559x251,Garciachester,2026-03-18,Basic,149,3,63.4,1,92.9,83.9,Low Risk
CUSTOMER_794,Martinez and Sons,Jennifer Parker,bradleywalls@savage-huerta.com,476.338.1936,Port Jose,2025-08-16,Basic,149,3,71.7,0,78.8,81.5,Low Risk
CUSTOMER_795,Yang-King,Joanna Price,uperez@myers-perkins.org,692-712-8152,Adamshaven,2026-05-31,Basic,149,1,76.5,0,67.2,80.6,Low Risk
CUSTOMER_796,Duran Group,Angela Green,xhart@mueller.com,603-650-2273,Port Linda,2025-10-10,Pro,499,7,86.6,0,100.0,89.9,Low Risk
CUSTOMER_797,"Raymond, Odonnell and Harris",Stephen Grant,cthomas@thornton.net,(947)819-0810x10397,North Jeanettefurt,2026-02-05,Enterprise,999,0,64.1,3,73.5,75.5,Low Risk
CUSTOMER_798,"Arnold, Weeks and Todd",Patrick Nelson,greyes@bailey.com,733.662.0730,Seanshire,2026-06-02,Basic,149,1,85.2,1,79.2,87.4,Low Risk
CUSTOMER_799,Wagner-Dixon,Trevor Williams,kadams@olson-george.com,345.296.5669x1403,East Latashafurt,2025-12-30,Basic,149,5,77.8,0,93.1,86.5,Low Risk
CUSTOMER_800,Summers-Evans,Benjamin Abbott,mccallmonique@wilson.com,001-269-540-9649x04363,South Marcusfort,2026-06-18,Pro,499,0,95.3,3,58.8,79.7,Low Risk
CUSTOMER_801,"Ball, Mack and Jimenez",Timothy Campos MD,jill91@diaz-zavala.net,881-742-3136,New Andrewfurt,2025-09-11,Basic,149,2,75.5,2,66.9,79.3,Low Risk
CUSTOMER_802,Peterson Inc,Scott Cummings,eherman@velasquez-garcia.com,(492)812-2629x0736,North Davidberg,2025-09-23,Basic,149,1,62.2,0,71.7,77.9,Low Risk
CUSTOMER_803,"Chang, Pena and Long",Melissa Butler,jvelazquez@le.biz,8238661151,Catherineshire,2026-06-07,Basic,149,1,57.4,0,45.6,67.3,Medium Risk
CUSTOMER_804,Arroyo-Ford,Walter Michael,laura02@hall.com,474-862-6053x720,Hernandezmouth,2026-05-17,Pro,499,9,90.3,2,62.6,76.1,Low Risk
CUSTOMER_805,Anderson-Williams,Alicia Collins,tmorris@henderson.com,(438)851-8519x832,North Christinestad,2026-05-26,Enterprise,999,3,86.1,0,93.5,90.9,Low Risk
CUSTOMER_806,Freeman-Pratt,Abigail Flowers,michael04@todd.com,614-533-3749x7624,Laurahaven,2025-12-26,Pro,499,0,54.6,2,55.8,70.9,Medium Risk
CUSTOMER_807,Parrish-Mcdonald,Matthew Hardy,toni92@potter-wolfe.com,(268)324-8932x458,New Michelle,2025-09-16,Basic,149,1,87.6,0,100.0,95.4,Low Risk
CUSTOMER_808,Harrison-Wilson,Joshua Archer,blackmichael@weber.com,(665)207-1095,East Deborahbury,2026-05-15,Pro,499,1,79.6,1,95.6,91.5,Low Risk
CUSTOMER_809,Wheeler-Williams,Michelle Sutton,jcoleman@jackson-warner.biz,+1-971-733-2787,South Tara,2026-01-10,Enterprise,999,3,80.9,0,79.1,84.3,Low Risk
CUSTOMER_810,Jones PLC,Andrea Anderson,hannahwhite@vaughn.com,001-723-787-6439x49999,Ayersstad,2025-08-24,Enterprise,999,29,26.0,10,25.0,0.0,High Risk
CUSTOMER_811,"Curry, Sanders and Sanders",Daniel Cruz,jennifer66@jones.com,3502265315,Lake Elizabethville,2026-07-10,Basic,149,0,53.8,4,96.3,75.8,Low Risk
CUSTOMER_812,"Hill, James and Rogers",Caleb Smith DVM,nicholasmartin@jackson-watts.com,790-795-5820,Wardchester,2025-08-24,Enterprise,999,3,79.3,3,67.9,75.4,Low Risk
CUSTOMER_813,Bowen Inc,Tammy Collins,gmontgomery@hendrix-peterson.info,780.322.7791x0213,New Kyle,2025-12-18,Enterprise,999,6,64.5,0,44.7,64.7,Medium Risk
CUSTOMER_814,Larson LLC,Scott Leon,ggutierrez@bell.com,001-516-204-5567,Sanchezchester,2026-07-07,Enterprise,999,38,8.5,11,22.2,0.0,High Risk
CUSTOMER_815,Phillips Inc,Steven Marquez,villanuevalacey@cox.net,(357)700-1685x0321,North Kimberlyshire,2025-10-26,Pro,499,0,68.0,0,100.0,90.4,Low Risk
CUSTOMER_816,"Cross, Vance and Lee",Michelle Smith,ihoover@obrien.info,842-803-6695x487,Brittanymouth,2025-09-26,Basic,149,7,76.0,1,69.2,75.9,Low Risk
CUSTOMER_817,"Wallace, Reid and Bryant",Regina Mitchell,kerri80@farmer.biz,001-613-574-1479x1378,Sheppardview,2026-04-24,Basic,149,5,57.0,0,99.4,82.5,Low Risk
CUSTOMER_818,Daniel Inc,Kelsey Hall,anthony45@york-lopez.com,879.748.0900,Keithville,2026-07-02,Pro,499,3,79.3,0,68.5,80.1,Low Risk
CUSTOMER_819,Wright Ltd,Michael Mcmahon,kevin85@payne-farmer.com,4152555660,West Angelaport,2026-07-06,Basic,149,40,21.8,6,21.4,0.0,High Risk
CUSTOMER_820,Barton-Rangel,Jeffrey Montgomery,amanda54@alexander-turner.org,265.846.3359x9964,Dustinmouth,2025-08-27,Basic,149,7,63.7,1,62.0,69.7,Medium Risk
CUSTOMER_821,"Sutton, Bryant and Carr",Ricky Holmes,johnsoncynthia@davis-rivera.com,+1-495-652-4200,South Christinamouth,2025-08-02,Basic,149,0,69.7,1,62.9,77.9,Low Risk
CUSTOMER_822,"Gallagher, Marks and Vaughn",Katherine Gonzalez,ericaanderson@gonzalez.info,001-442-288-4392x0382,Lake Susan,2025-11-24,Enterprise,999,2,53.7,0,78.4,76.8,Low Risk
CUSTOMER_823,Foster LLC,Paula Peters,blairashley@stewart.info,001-600-831-0459x29468,Mooneyfurt,2026-06-26,Pro,499,46,19.7,8,44.3,0.0,High Risk
CUSTOMER_824,Henderson Group,Darren Clark Jr.,michelle41@johnson-campbell.com,(920)428-7010x570,Bettytown,2026-01-05,Basic,149,2,84.7,0,62.1,80.4,Low Risk
CUSTOMER_825,Garcia PLC,Robert Baker,amandahahn@stephens-wood.net,(655)483-1748x00143,South Gregorytown,2025-07-30,Basic,149,22,37.2,6,27.6,18.6,High Risk
CUSTOMER_826,"Briggs, Wilson and Ball",John Carey,martinezashlee@page.com,9592174035,Gonzalezview,2025-11-13,Pro,499,0,95.3,0,75.8,90.1,Low Risk
CUSTOMER_827,Dennis-Huff,David Henry,daniel04@johnson.com,(418)229-9008,Adamsland,2025-10-04,Pro,499,0,86.8,2,100.0,96.0,Low Risk
CUSTOMER_828,Young-Taylor,Annette Brown,ericachoi@lee.com,9914673640,Kristineshire,2026-06-07,Enterprise,999,0,79.3,1,63.1,80.9,Low Risk
CUSTOMER_829,Brown-Esparza,Jacob Miller,robertrusso@powers.com,(316)762-1184x51298,West Desiree,2026-06-14,Basic,149,3,41.9,1,80.5,73.1,Medium Risk
CUSTOMER_830,Miller PLC,Randy Stevens,andrewcoleman@kelly.com,001-380-991-3920x971,East Jeffrey,2026-04-03,Pro,499,5,80.4,1,95.0,88.0,Low Risk
CUSTOMER_831,Black-Martinez,Bryan Young,burgesslinda@webb.biz,(956)290-1539x74781,Anthonyhaven,2025-10-02,Basic,149,24,28.0,7,21.6,7.5,High Risk
CUSTOMER_832,"Harris, Gallagher and Shaw",Richard Santiago,harrisonamanda@pope-gordon.com,(531)863-4120,Duffymouth,2026-02-08,Basic,149,1,74.2,0,77.6,83.5,Low Risk
CUSTOMER_833,Thompson LLC,Rebecca Ingram,alyssa65@thompson.com,248-575-3335,West Sharonberg,2025-09-30,Basic,149,1,67.2,1,73.8,80.1,Low Risk
CUSTOMER_834,"Douglas, Mcgee and Ellis",Shannon Woods,wagnermatthew@baldwin.com,(590)980-9032x73048,North Susan,2025-07-30,Pro,499,0,51.1,1,79.9,78.3,Low Risk
CUSTOMER_835,"Small, Banks and Mora",Daniel Chambers,leslieparks@bradford-garrett.net,+1-243-479-8019x41985,Josephmouth,2025-10-08,Basic,149,0,97.4,2,63.7,86.5,Low Risk
CUSTOMER_836,Thomas-Kelly,Melissa Jimenez,welchmegan@simpson.com,(843)870-9057,East Donald,2026-01-24,Enterprise,999,48,25.6,7,19.7,0.0,High Risk
CUSTOMER_837,Wells Inc,Kristi Garcia,vmurphy@knox.org,528.830.1279,Port Joseph,2026-02-10,Basic,149,1,44.2,1,79.4,75.2,Low Risk
CUSTOMER_838,Roberts-Schmidt,Charles Watson,christinacollins@herrera-bryant.com,950.294.0796x2319,North Tara,2025-11-05,Pro,499,0,51.9,0,69.3,74.8,Medium Risk
CUSTOMER_839,"Smith, Rogers and Lewis",Michael Scott,anthonydaniel@brown.com,5823013437,Lake Robertstad,2025-07-24,Basic,149,8,37.2,3,95.3,68.0,Medium Risk
CUSTOMER_840,Mccoy-Clayton,Brian Grimes,davisshannon@jones-wheeler.com,(440)889-9221,East Brettstad,2025-09-23,Basic,149,2,55.6,2,77.7,77.1,Low Risk
CUSTOMER_841,"Newman, Walker and Jenkins",Marvin Graham,uvalentine@watson.com,(402)818-6930,New Ashleyfurt,2025-10-28,Enterprise,999,1,64.5,1,72.1,78.7,Low Risk
CUSTOMER_842,Baldwin-Howard,Kevin Harper,bradfordhannah@johnson.com,511.862.7460,North Kimberlystad,2026-05-06,Pro,499,3,74.0,1,79.8,82.5,Low Risk
CUSTOMER_843,"Matthews, Sharp and Sloan",Yolanda Smith,dawsonjessica@hall.net,(259)247-8925x45405,West Elizabeth,2026-07-03,Basic,149,4,78.3,2,66.9,78.4,Low Risk
CUSTOMER_844,"Johnson, Scott and Vaughn",Maurice Bradford,brandonharper@walters-hutchinson.com,(539)359-2390x02277,South Garyport,2026-02-03,Pro,499,2,73.0,0,62.7,77.1,Low Risk
CUSTOMER_845,"Frederick, Simon and Fowler",Brandon Newton,gregory16@rivera.com,001-868-543-4723x581,Quinnberg,2025-10-21,Basic,149,4,83.3,1,85.6,86.4,Low Risk
CUSTOMER_846,Price-Wilkerson,Ricky Coleman,phillipmurphy@smith-pratt.com,001-668-816-2326x208,East Leahport,2025-08-25,Basic,149,29,23.6,5,10.0,6.7,High Risk
CUSTOMER_847,Bowers-Atkins,Ray Bennett,wbenson@lewis.com,001-644-774-1772x7987,Whiteville,2026-04-09,Pro,499,0,81.3,0,97.7,93.6,Low Risk
CUSTOMER_848,Mercado LLC,Daniel Smith,kmarks@elliott.com,311-310-9179,South Williamburgh,2025-10-12,Basic,149,8,85.1,0,82.6,82.4,Low Risk
CUSTOMER_849,Smith Group,Brandon Stewart,peter35@ferguson.com,824.339.8089x4465,Christianborough,2025-12-15,Enterprise,999,21,10.1,9,33.3,0.0,High Risk
CUSTOMER_850,"Chang, Miller and Rodriguez",Brandon Brown,qwilcox@martinez.com,+1-887-976-1312x480,West Stevenchester,2026-06-06,Basic,149,3,68.8,0,76.4,79.8,Low Risk
CUSTOMER_851,"Lewis, Bartlett and Powell",Craig Tucker,bchristensen@lawrence-terrell.biz,001-457-602-8570x772,Christophermouth,2026-07-06,Enterprise,999,2,71.8,0,89.8,86.2,Low Risk
CUSTOMER_852,Harrison-Sanders,Wanda Meyers,alvarezjames@nelson.com,946.435.5832,South Keith,2026-05-22,Pro,499,18,5.0,4,35.9,24.3,High Risk
CUSTOMER_853,"Meza, Walters and Smith",April Simmons,zachary05@norris.net,6645958717,West Josephton,2026-05-05,Basic,149,3,77.3,1,61.3,77.0,Low Risk
CUSTOMER_854,Romero-Evans,Teresa Mercado,matthewthomas@jackson.net,319-599-7344x98577,Danaborough,2025-08-08,Basic,149,0,81.0,2,56.7,79.1,Low Risk
CUSTOMER_855,Watkins-Holloway,James Wilson,jamesswanson@johnson.com,719-448-1928x78521,Derrickton,2025-07-30,Basic,149,42,12.4,7,19.9,0.0,High Risk
CUSTOMER_856,Meyer-Rodriguez,Shannon Johnson,mccannmary@henderson.com,333-537-9078,East Benjaminhaven,2026-01-09,Basic,149,22,70.2,2,69.2,61.0,Medium Risk
CUSTOMER_857,"Fox, Holloway and Torres",Kimberly Ferguson,wlee@vargas.org,+1-533-789-9402x65931,New Alyssa,2025-09-21,Basic,149,2,58.7,1,68.9,75.0,Low Risk
CUSTOMER_858,"Valenzuela, Martinez and Richmond",Kayla Arroyo,turnerleonard@foster.com,(784)742-3562,Parkerhaven,2025-10-19,Enterprise,999,23,29.0,6,32.4,16.9,High Risk
CUSTOMER_859,Taylor-Barnes,Corey Byrd,gerald90@baxter.com,+1-240-900-4915x3631,Ayalamouth,2026-02-23,Pro,499,0,52.4,1,77.7,77.9,Low Risk
CUSTOMER_860,Lyons Ltd,Ryan Carpenter MD,riceshannon@blevins.com,(267)522-2513x818,Limouth,2026-05-25,Pro,499,10,80.2,0,90.1,81.8,Low Risk
CUSTOMER_861,Jones Inc,William Wilson,iharrison@moses.com,(399)905-8757x05270,Justinville,2026-01-13,Basic,149,0,47.2,1,55.6,68.6,Medium Risk
CUSTOMER_862,Smith-Wise,Jennifer Johnson,paulnewton@robinson.biz,001-812-603-4838x685,Andersonport,2026-05-17,Basic,149,6,36.8,0,67.3,64.3,Medium Risk
CUSTOMER_863,"Booth, Wallace and Hardy",Brandon Rosario,ccraig@romero.com,(435)902-0994x52150,Roweborough,2025-09-27,Basic,149,4,69.8,1,74.7,78.6,Low Risk
CUSTOMER_864,Roy-Allen,Jeffrey Yates,xscott@martin.com,+1-285-645-4188,Dodsontown,2025-09-24,Basic,149,5,52.6,1,65.1,69.2,Medium Risk
CUSTOMER_865,"Mason, Harrison and Barry",Sherry Wiggins,sharongarcia@clark.com,+1-925-542-4838x368,Crossside,2026-04-06,Basic,149,2,48.0,1,84.4,77.2,Low Risk
CUSTOMER_866,Villarreal-Hickman,Sarah Hines,fosteramanda@martinez-kent.biz,+1-634-638-3402x67399,East Raymond,2026-02-04,Basic,149,6,77.7,2,79.8,81.0,Low Risk
CUSTOMER_867,Mejia LLC,Joel Nguyen,joneslauren@ray-mercado.com,(814)646-8650,Jamestown,2026-02-03,Basic,149,1,69.7,2,94.8,88.2,Low Risk
CUSTOMER_868,Lewis-Armstrong,Mr. Wesley Hester,vortega@aguilar.net,001-911-954-3682,West Tammyfort,2026-05-10,Enterprise,999,3,61.3,0,86.3,81.0,Low Risk
CUSTOMER_869,Phelps-Payne,Rachel Perez,acostamitchell@gonzalez.com,001-502-725-3297x8109,Thomasmouth,2025-11-21,Basic,149,1,52.2,2,63.1,71.9,Medium Risk
CUSTOMER_870,Williams PLC,Troy Miller DVM,sherry30@mendoza.com,9129792880,Oconnorhaven,2025-11-11,Pro,499,1,49.9,2,47.5,65.7,Medium Risk
CUSTOMER_871,Johnson-Stout,Emily Hood,marie12@campbell.info,(459)951-6102,Romeroborough,2025-12-18,Basic,149,0,36.9,1,91.0,77.9,Low Risk
CUSTOMER_872,Stone-Bell,Kyle Brown DVM,xramirez@palmer.biz,(604)548-6759,South Deborah,2025-10-13,Basic,149,8,37.2,3,84.8,64.3,Medium Risk
CUSTOMER_873,Harvey-Palmer,Nicholas Edwards,chicks@lara-parks.net,927-253-4677x120,Jocelynville,2025-08-27,Pro,499,3,93.3,0,46.5,76.6,Low Risk
CUSTOMER_874,Hill-Myers,Amber Anderson,joanne52@williams.net,001-887-344-8771x6101,Birdborough,2026-03-14,Basic,149,8,71.8,3,95.1,78.3,Low Risk
CUSTOMER_875,"Davidson, Gill and Soto",Matthew Anderson PhD,morrismargaret@simon-carr.info,+1-929-351-4409x8202,Manningbury,2026-06-26,Basic,149,1,56.3,2,89.3,82.3,Low Risk
CUSTOMER_876,Miller and Sons,Ricky Patrick,gallowaysara@strickland-black.com,275-868-6201x8679,New Crystal,2026-07-22,Enterprise,999,4,90.9,1,100.0,93.8,Low Risk
CUSTOMER_877,Patton and Sons,Alicia Perez,murphykevin@williams-henderson.com,475-408-2406x9135,Laceytown,2026-07-22,Basic,149,0,54.7,1,81.4,79.9,Low Risk
CUSTOMER_878,Brown-Murphy,Nathan Andersen,harmonemily@burke.net,4369281519,East Yvonne,2025-12-09,Basic,149,3,58.5,0,100.0,84.9,Low Risk
CUSTOMER_879,Baker Group,Mary Ellison,shane40@cook.biz,+1-677-469-7673x82129,Millerstad,2026-03-29,Basic,149,8,81.0,1,74.8,78.5,Low Risk
CUSTOMER_880,"White, Clements and Foster",Kurt Callahan,seanruiz@krueger.com,(678)225-9595x0132,Davidstad,2026-04-12,Basic,149,8,94.2,1,77.3,83.3,Low Risk
CUSTOMER_881,"Larson, Delgado and Armstrong",Stephanie Scott,rogernguyen@lawrence.info,+1-851-224-0281x65619,East Teresastad,2026-06-18,Pro,499,0,67.8,0,77.2,82.4,Low Risk
CUSTOMER_882,Diaz-Mccarthy,Kenneth Abbott,colemanapril@mccall-tyler.info,(941)684-4591,New Angelaberg,2026-02-15,Basic,149,0,74.6,2,64.9,80.1,Low Risk
CUSTOMER_883,Carroll LLC,Stephen White,sergioelliott@wilson.com,(898)214-2563,South Alyssamouth,2026-04-09,Pro,499,4,59.9,1,100.0,84.5,Low Risk
CUSTOMER_884,"Ward, Craig and Martinez",Gregory Daniels,marcussmith@sanders.com,(446)230-5140x1196,East Michael,2026-03-18,Basic,149,43,17.0,7,39.2,0.0,High Risk
CUSTOMER_885,"King, Travis and Thompson",Tracey Gregory,jennifer45@preston.com,001-757-292-2514x2616,South Lori,2026-01-10,Pro,499,3,71.1,0,52.4,72.0,Medium Risk
CUSTOMER_886,Hernandez-Galloway,James Gregory,stuartcaleb@warren.com,542-568-4883x81028,South Kathleenfort,2026-01-04,Pro,499,4,41.6,0,51.8,62.1,Medium Risk
CUSTOMER_887,Huang Group,Richard Hubbard,ashleymontoya@stevenson-brown.com,(962)927-4679x343,Nicholasland,2025-12-21,Enterprise,999,0,61.7,0,75.4,79.9,Low Risk
CUSTOMER_888,Flores-Prince,Tammy Cameron,bryanmonique@harris.com,3299054379,Tiffanytown,2026-01-19,Basic,149,2,75.5,1,100.0,90.9,Low Risk
CUSTOMER_889,"Kim, Maldonado and Carpenter",Robin Ochoa,sreed@hobbs.biz,(773)265-4405x256,Elizabethchester,2025-10-21,Basic,149,0,98.5,1,61.6,86.1,Low Risk
CUSTOMER_890,Pace and Sons,Lisa Garcia,jacob45@sherman.com,243-314-0315x736,Matthewport,2025-12-23,Basic,149,3,93.4,3,54.3,74.9,Medium Risk
CUSTOMER_891,Juarez-Hansen,Amanda Johnson,heather85@gamble.com,435.445.0749,Patriciaburgh,2025-08-05,Pro,499,1,93.2,0,82.1,90.8,Low Risk
CUSTOMER_892,Arias-Salas,Martin Horton,chavezelizabeth@hodge.com,217-333-1285,North Moniqueberg,2026-02-12,Pro,499,1,80.9,1,68.6,82.4,Low Risk
CUSTOMER_893,"Hobbs, Garcia and Graham",Eric Sutton,kevin02@adams.org,(316)452-2559x98794,West Micheal,2025-10-18,Basic,149,2,55.7,1,54.6,69.1,Medium Risk
CUSTOMER_894,Butler Group,Luke Cook,nsteele@simmons-larson.net,+1-362-755-9749x2062,New Christopher,2026-04-29,Basic,149,4,76.5,2,94.8,87.6,Low Risk
CUSTOMER_895,Stokes and Sons,Joseph Sanchez,noahstewart@morgan.com,+1-700-724-5849x233,Port David,2026-06-03,Basic,149,0,37.1,1,77.7,73.3,Medium Risk
CUSTOMER_896,Bennett Group,Travis Anderson,kmorris@jones.info,738-834-2147x02087,Elliottchester,2026-04-05,Enterprise,999,2,56.4,1,65.1,73.0,Medium Risk
CUSTOMER_897,Gillespie-Wilson,Jonathan Massey,rmatthews@graves-wagner.org,964-544-0134x645,East Loretta,2026-06-22,Basic,149,3,88.6,1,70.6,83.7,Low Risk
CUSTOMER_898,Dorsey-Freeman,Jeremy Best,janice73@smith.info,821-454-8826x30918,Robertsonmouth,2025-12-25,Enterprise,999,3,39.8,1,96.4,78.1,Low Risk
CUSTOMER_899,"Garcia, Humphrey and Roberts",Laura Santos,irwintiffany@holland.com,2772373571,North Beverly,2026-05-25,Basic,149,1,50.0,0,66.3,72.3,Medium Risk
CUSTOMER_900,Haynes LLC,Carrie Williams,tony24@parker.net,693-812-7495x77488,South Erin,2025-08-04,Pro,499,5,89.2,1,87.7,88.1,Low Risk
CUSTOMER_901,"Davis, Jones and Salinas",Jason May,molly46@walker.net,001-767-690-6529x9204,Lake Robert,2026-05-04,Basic,149,1,49.4,1,68.5,72.9,Medium Risk
CUSTOMER_902,Kim-Ramos,Brad Clark,rflores@phelps.com,+1-680-825-0670,Jeremyside,2026-06-10,Basic,149,3,82.2,0,79.7,84.9,Low Risk
CUSTOMER_903,Berry LLC,Theresa Bentley,spark@smith.org,237-864-9253x502,North Chadfurt,2026-04-15,Pro,499,9,76.7,3,60.5,66.8,Medium Risk
CUSTOMER_904,Fernandez-Richardson,William Willis,kellyholloway@brooks.com,001-423-753-7749x903,Katiefurt,2025-09-09,Pro,499,6,59.0,0,92.7,79.9,Low Risk
CUSTOMER_905,Lewis-Collier,Michelle Martin,sanfordalexandria@shaw-richards.com,(371)491-0216,Fitzgeraldfurt,2025-12-16,Enterprise,999,7,61.6,0,58.3,67.8,Medium Risk
CUSTOMER_906,"Hayes, Bryant and Harris",Sabrina Perry,david60@potter.info,825.527.5830x49463,Carrmouth,2025-11-29,Basic,149,3,95.5,0,78.2,88.4,Low Risk
CUSTOMER_907,Hall-Jimenez,Justin Lewis,cheryl77@morgan-allen.info,616-691-4052,Darlenemouth,2026-07-17,Enterprise,999,4,43.3,1,79.0,72.1,Medium Risk
CUSTOMER_908,"Flores, Maddox and Hill",April Norris,kimberlysmith@hicks.com,001-793-663-1042x6791,New Georgeside,2026-06-30,Enterprise,999,5,57.4,0,64.4,70.4,Medium Risk
CUSTOMER_909,Collins-Cooper,Michael Carter,rebeccacurtis@espinoza.com,795.793.1578x89504,Arellanofort,2026-04-11,Basic,149,0,65.9,1,72.7,80.2,Low Risk
CUSTOMER_910,"Hall, Melton and Ross",Jessica Mclaughlin,michael16@douglas.info,218.835.6251,Ryanfort,2026-04-01,Pro,499,42,31.9,7,24.2,0.0,High Risk
CUSTOMER_911,Burns Group,Debra Kane,orodriguez@snyder.com,001-852-333-2278,Pughview,2025-11-16,Enterprise,999,1,55.4,1,88.5,81.7,Low Risk
CUSTOMER_912,"Pena, Becker and Clark",Richard Wilson,zdaniels@warren-allen.info,490.904.4399,Williamsberg,2026-01-02,Basic,149,1,54.3,2,67.0,73.9,Medium Risk
CUSTOMER_913,"Rodriguez, Hill and Kline",Colleen Martinez,wilsontim@allen.com,001-521-681-1894,Angelicamouth,2025-09-28,Basic,149,0,75.7,0,58.0,78.0,Low Risk
CUSTOMER_914,"Hoover, Smith and Elliott",Willie Nguyen,melanielewis@daniels.com,+1-592-524-2729x51444,Lake Carolbury,2025-07-28,Pro,499,1,83.7,2,70.2,83.8,Low Risk
CUSTOMER_915,"Moore, Lambert and Massey",Stephanie Wilcox,moconnell@hill.biz,793.564.3803,Powellburgh,2026-05-05,Enterprise,999,25,17.0,8,28.7,1.3,High Risk
CUSTOMER_916,"Reynolds, Hess and Hawkins",Jacob Lopez,marissa09@gray.com,699-215-8367x741,Hughesberg,2026-06-21,Enterprise,999,8,79.1,2,44.9,67.4,Medium Risk
CUSTOMER_917,"Anderson, Clark and Richardson",Linda Peters,gregoryvega@livingston.org,001-957-582-3266x9920,Ellisborough,2025-08-19,Basic,149,0,92.2,1,67.4,86.2,Low Risk
CUSTOMER_918,Torres-Carson,Tiffany Fisher,sgraves@miller.biz,606.490.2680,Curtismouth,2026-06-04,Enterprise,999,1,62.9,1,80.0,81.0,Low Risk
CUSTOMER_919,Tapia Ltd,Nicholas Norton,nicholaschapman@benson.net,782-501-7171x801,West Christianberg,2026-07-23,Basic,149,3,67.2,1,77.1,79.5,Low Risk
CUSTOMER_920,Contreras-Richards,Kevin Sanchez,alyssarobinson@contreras-moore.info,+1-923-810-5823x0807,Jacquelineborough,2026-03-03,Basic,149,3,54.8,2,49.1,66.0,Medium Risk
CUSTOMER_921,Harrell Inc,Brian Boyd,amy66@brown-clark.com,001-954-830-1343x265,South Audrey,2025-09-19,Basic,149,3,76.4,0,63.7,77.6,Low Risk
CUSTOMER_922,Wright-Cain,Eric Garza,michael30@morales.com,(206)336-2074,Deanburgh,2025-10-21,Basic,149,8,83.9,0,45.0,68.9,Medium Risk
CUSTOMER_923,Flowers Group,Kirk Wilson,josephharper@marsh-jones.com,+1-852-912-0067x58260,Duaneton,2025-08-21,Enterprise,999,0,58.7,2,85.5,82.5,Low Risk
CUSTOMER_924,"Thompson, Turner and Smith",Mr. Rodney Rogers,bateslaurie@warner.com,594-760-6225,Ashleyview,2025-08-04,Basic,149,38,17.8,5,21.1,1.0,High Risk
CUSTOMER_925,Smith PLC,Tonya Smith,charles18@hoover.com,+1-602-424-0445x48948,Costaside,2025-09-13,Basic,149,7,77.4,1,58.7,72.6,Medium Risk
CUSTOMER_926,Silva and Sons,Christina Cohen,hodgeswilliam@fisher.com,(724)465-1448,Samuelview,2025-09-28,Enterprise,999,1,88.1,0,74.8,86.7,Low Risk
CUSTOMER_927,Myers Ltd,Trevor Michael,tanya91@wiggins.com,754.520.5150x27252,Garyport,2025-07-26,Basic,149,4,66.3,2,95.6,84.8,Low Risk
CUSTOMER_928,Pierce-Smith,Levi Hensley,dereksmith@lopez-sheppard.info,+1-354-477-6394x57611,East Joseph,2026-04-22,Pro,499,2,72.9,1,86.5,85.4,Low Risk
CUSTOMER_929,Mason PLC,Tyler Wright,jacob50@zuniga.com,(932)217-1559x87148,Meltonfurt,2026-07-02,Pro,499,13,69.6,0,95.5,77.9,Low Risk
CUSTOMER_930,Barber Inc,Charles Leonard,carolwhite@ford.com,3547292691,West Isabeltown,2026-02-21,Basic,149,5,65.7,0,68.0,74.1,Medium Risk
CUSTOMER_931,Allen-Johnson,Paul Smith,ericmorris@smith-burns.com,(864)463-3124x67118,New Angelamouth,2025-09-16,Basic,149,0,56.3,1,72.5,77.3,Low Risk
CUSTOMER_932,Powers-Hughes,James Perez,leslie45@castaneda.com,+1-982-452-3655x227,New Mary,2026-05-02,Basic,149,5,58.7,2,68.0,72.0,Medium Risk
CUSTOMER_933,Arnold-Cruz,Kayla Carter,aguilarbrian@acosta-vazquez.com,918-592-4299x2492,Walkerport,2026-03-18,Pro,499,5,50.0,0,94.9,78.8,Low Risk
CUSTOMER_934,Thompson Group,Lisa Noble,anna42@weiss-burton.com,430.250.9387,Romeroview,2025-10-16,Basic,149,5,100.0,1,79.1,88.3,Low Risk
CUSTOMER_935,"Chase, Hull and Miller",Brent Oconnor,rileykimberly@clarke-larson.com,001-365-602-3919x5134,East Dakota,2026-05-20,Basic,149,3,54.9,1,77.1,75.8,Low Risk
CUSTOMER_936,Hill Inc,Benjamin Garcia,johnsonmichelle@peck.biz,+1-718-939-6419,West Lisa,2026-02-04,Enterprise,999,6,89.1,0,56.9,76.4,Low Risk
CUSTOMER_937,"Lee, Torres and Morgan",Shawn Woodard,davisdenise@lyons-hamilton.com,890-369-7824x78204,Wilsonview,2025-08-16,Basic,149,2,62.5,2,70.3,76.6,Low Risk
CUSTOMER_938,Mullins-Franklin,Curtis Ramirez,lewistanner@perry-estrada.com,001-251-978-4484x6335,Port Williamview,2026-01-24,Pro,499,1,61.4,1,65.8,75.6,Low Risk
CUSTOMER_939,Hall Group,Justin Snyder,hbates@hobbs.com,001-324-841-1911x5970,New Brittany,2026-07-06,Enterprise,999,43,18.4,6,14.2,0.0,High Risk
CUSTOMER_940,Davis-Jackson,Paul Olson,tammysalazar@coffey-sanchez.com,(214)901-0885,North Matthewland,2026-03-08,Basic,149,0,66.9,1,77.2,82.1,Low Risk
CUSTOMER_941,"Wells, Miller and Johnson",John Bautista,wellsveronica@roberts.net,655.335.7895x3401,Port Tamarastad,2026-04-12,Basic,149,0,85.9,0,74.8,86.9,Low Risk
CUSTOMER_942,Galvan-Alexander,Adam Conner,barnettgary@ware-wyatt.com,(269)646-1260x708,Flynnmouth,2025-11-28,Enterprise,999,9,74.7,4,94.2,73.5,Medium Risk
CUSTOMER_943,Christian-Pacheco,Ronald Cruz,jessica68@schneider.com,(279)909-6758x6348,Snyderville,2026-06-11,Pro,499,31,9.2,6,13.6,0.0,High Risk
CUSTOMER_944,Silva-Howard,Paul Lynch,greencourtney@burton.com,001-217-347-0515x06535,New Matthewland,2025-12-25,Pro,499,4,83.6,0,100.0,91.6,Low Risk
CUSTOMER_945,"Ferguson, Mueller and Knapp",Roberta Owens,tiffanykramer@weber.com,001-834-670-3413x6151,East Tracyfurt,2026-01-29,Pro,499,0,44.9,0,63.1,70.6,Medium Risk
CUSTOMER_946,Diaz-King,Samuel Grimes,robertsdaniel@fuentes.com,468-294-7426,Lake Josephtown,2025-11-29,Basic,149,3,48.7,0,81.1,75.4,Low Risk
CUSTOMER_947,Lopez-Rogers,Paul Snyder,reginaldfranklin@burke-hernandez.com,001-528-503-1954x3099,Port Nicholaston,2026-02-26,Basic,149,3,73.4,0,63.2,76.5,Low Risk
CUSTOMER_948,Hernandez PLC,Brittney Smith,rodriguezjoshua@harrison.com,+1-722-828-5400x28063,Wilsonstad,2026-02-22,Basic,149,2,84.1,1,58.5,79.0,Low Risk
CUSTOMER_949,Phelps PLC,Kirsten Cross,mherman@frey-pope.com,(867)807-0188x18536,New Jeffreybury,2025-09-24,Pro,499,5,89.8,1,87.3,88.1,Low Risk
CUSTOMER_950,Graham and Sons,Anthony Johnson,iwilkins@wilson.com,(202)619-5970,Bairdshire,2025-08-21,Basic,149,0,70.8,1,96.5,90.0,Low Risk
CUSTOMER_951,"Brown, Wright and Johnson",Joshua Hicks,gabrieljones@blevins-howell.com,(513)706-9631x07925,Janetville,2025-09-18,Pro,499,1,100.0,1,47.0,80.6,Low Risk
CUSTOMER_952,Murphy-Meza,Marisa Buchanan,sandra65@porter.com,001-928-767-0376x0314,Kennethfort,2026-01-29,Basic,149,0,81.2,0,83.4,88.6,Low Risk
CUSTOMER_953,"Orozco, Gray and Padilla",Margaret Lopez,kelsey37@armstrong-berry.com,854-407-0958x67510,South Jeanetteville,2026-05-25,Basic,149,2,52.4,0,92.9,81.5,Low Risk
CUSTOMER_954,Gomez Ltd,Sara Wilson,amoore@weaver.com,425-418-3402x0975,Port Danielberg,2026-03-02,Basic,149,2,95.0,2,79.2,89.5,Low Risk
CUSTOMER_955,Butler-Hess,Stephen Spencer,lisa29@reynolds.com,+1-572-870-5056x6390,Weeksshire,2026-05-21,Pro,499,2,61.4,3,55.4,66.6,Medium Risk
CUSTOMER_956,Rivera Group,April Bautista,williamsbrenda@griffin.net,682.666.4995,Port Brenda,2026-01-20,Basic,149,3,74.6,1,92.0,87.0,Low Risk
CUSTOMER_957,Morales-Hall,John Harding,ojones@hall-ingram.org,001-848-913-9975x341,Duffychester,2025-12-10,Pro,499,3,69.9,2,44.2,68.8,Medium Risk
CUSTOMER_958,Roman Group,Lauren Ford,ashley91@petersen.com,001-997-256-4852x3511,New Davidchester,2026-01-24,Pro,499,4,74.7,2,83.5,83.1,Low Risk
CUSTOMER_959,Vasquez Ltd,Derek Martinez,albert75@edwards.com,+1-855-292-5119x8253,Walkerburgh,2025-08-27,Pro,499,13,71.1,2,81.9,73.6,Medium Risk
CUSTOMER_960,"Wright, Morgan and James",Tricia Stafford,amanda67@parks.com,7428375954,Lake Amanda,2025-11-16,Basic,149,7,65.5,2,89.7,79.9,Low Risk
CUSTOMER_961,"Crosby, Vega and Brown",Tyler Mitchell,santanakerry@lewis.com,+1-889-720-4293x42815,Lake Rachelchester,2026-04-01,Basic,149,1,47.7,0,69.9,72.9,Medium Risk
CUSTOMER_962,Mcintyre Inc,Dr. Troy Wilson,bradshawdanny@lane.org,+1-751-615-9814x082,North Andrew,2026-05-29,Pro,499,0,67.2,0,64.3,77.7,Low Risk
CUSTOMER_963,Morales Inc,Stephen Campbell,pamelahines@myers.org,(638)247-0811x327,Cindyfort,2026-03-02,Enterprise,999,0,77.9,0,63.0,80.4,Low Risk
CUSTOMER_964,Walker LLC,Victor Page,davidkim@robinson.com,+1-801-705-0592x0730,West Jonathan,2026-03-07,Basic,149,2,75.4,1,80.4,84.0,Low Risk
CUSTOMER_965,"Brown, Allen and Turner",Michael Rivera,brianmoore@mooney-garrett.com,(260)466-9488,New Charles,2026-02-03,Basic,149,21,74.8,0,77.6,66.2,Medium Risk
CUSTOMER_966,"Campbell, Wade and Mcdonald",Brenda Ward,ebailey@perez-wallace.com,737-797-1279x30377,South Adamton,2025-12-02,Basic,149,1,65.0,0,72.3,78.9,Low Risk
CUSTOMER_967,Parker-Cervantes,April Jenkins,patrick02@garrett.net,(214)663-6722,Matthewport,2026-06-23,Basic,149,1,78.0,0,63.1,79.6,Low Risk
CUSTOMER_968,"Valdez, Casey and Orozco",Annette Lee,santosmelissa@dean.com,001-218-728-7602x380,Jasonfurt,2025-09-20,Basic,149,8,61.8,0,75.8,73.1,Medium Risk
CUSTOMER_969,Russo-Adams,Tammy Myers,ambervalentine@pham.com,+1-691-412-2944x233,New Cherylchester,2025-08-13,Pro,499,3,80.2,0,79.8,84.4,Low Risk
CUSTOMER_970,Harris LLC,Justin Pena,ronnie87@gordon-ochoa.com,+1-937-375-0666x287,Smithville,2026-05-03,Basic,149,4,76.6,0,100.0,89.5,Low Risk
CUSTOMER_971,Tran Group,Jessica Odonnell,cartershawn@gilbert.com,+1-216-209-2586x14088,East Austin,2025-09-29,Basic,149,0,69.3,1,72.3,81.1,Low Risk
CUSTOMER_972,"Delacruz, Cabrera and White",Jodi Moody,holdenbrenda@young.com,877.692.5286x491,East Justin,2025-08-22,Basic,149,1,77.2,2,65.3,80.1,Low Risk
CUSTOMER_973,"Young, Price and Lewis",Deanna Shaffer,greenejulie@monroe-gonzalez.com,3226434119,North Katie,2025-10-23,Basic,149,40,35.1,5,10.0,0.5,High Risk
CUSTOMER_974,"Jackson, Bradshaw and Campos",Becky Butler,danielroberts@mays.com,723-867-2359,West Christineview,2026-05-04,Basic,149,3,73.0,0,84.2,83.7,Low Risk
CUSTOMER_975,Mcguire LLC,Cynthia Watts,jackiemartin@thomas-oneill.com,(421)484-7208x74548,Deanmouth,2026-03-02,Enterprise,999,4,69.1,0,70.8,77.0,Low Risk
CUSTOMER_976,Wright-Frye,Heather Dunn,jason40@stevenson.com,+1-577-899-2534x68201,Dunnhaven,2026-04-01,Pro,499,3,94.1,0,88.6,91.6,Low Risk
CUSTOMER_977,Robertson Group,Steven Norris,mileskeith@montoya.biz,(964)920-6561x303,South Zacharyland,2025-10-17,Basic,149,5,57.3,0,83.0,76.9,Low Risk
CUSTOMER_978,Valdez-Morris,Stanley Davis,nashtammy@hughes.com,842.689.0675,New Brandonland,2026-01-24,Basic,149,0,63.6,1,65.2,76.9,Low Risk
CUSTOMER_979,Barron Ltd,Austin Long,olivia13@flynn-wang.org,841-528-9804,West Randall,2026-05-08,Pro,499,2,87.1,1,93.2,92.0,Low Risk
CUSTOMER_980,"West, Stafford and Johnson",Lori Patterson,batesjared@blair-hansen.com,+1-920-601-0076x67955,Lake Stephenhaven,2026-01-03,Basic,149,10,80.3,1,52.2,68.6,Medium Risk
CUSTOMER_981,Miranda PLC,Robert Lutz DDS,qsanchez@gay.com,(390)735-4276,Jeanmouth,2026-07-09,Pro,499,5,58.5,0,63.9,70.5,Medium Risk
CUSTOMER_982,Roth PLC,Felicia Miller,rodney84@kirby.com,504-690-8922x51007,New Victoriahaven,2026-07-18,Pro,499,0,87.4,3,80.4,84.9,Low Risk
CUSTOMER_983,"Jones, Christensen and Robinson",Christopher Wilson,cynthiarobinson@gibbs.com,001-546-636-9983x2688,Kurtfurt,2025-09-22,Basic,149,1,96.9,1,92.8,95.7,Low Risk
CUSTOMER_984,"Knight, Gomez and Diaz",Heather Taylor,kylesmith@davidson-carter.com,209.439.5723,Port Daniellemouth,2026-02-18,Basic,149,1,79.9,1,76.4,84.8,Low Risk
CUSTOMER_985,Moore Ltd,Katelyn Jones,smithnathaniel@hunt.biz,651-652-4464,West Matthewmouth,2026-05-23,Enterprise,999,2,99.8,1,69.9,87.7,Low Risk
CUSTOMER_986,"Castillo, Lopez and Smith",Luis Walker,leechristopher@wright.org,001-522-903-7002,East Vanessa,2025-08-15,Pro,499,16,31.1,9,40.4,13.0,High Risk
CUSTOMER_987,Burnett Group,Alexander Mack,pamela14@white.org,(544)504-2956,Jamesmouth,2025-10-20,Pro,499,0,80.6,0,84.1,88.6,Low Risk
CUSTOMER_988,Lane and Sons,Justin Rivera,tirwin@jimenez.com,+1-986-280-4550,Jordanfurt,2026-02-06,Pro,499,5,70.1,1,68.7,75.7,Low Risk
CUSTOMER_989,Baker PLC,Anthony Ford,cbradley@martin.net,569-318-9947x1293,Sarahtown,2026-05-31,Enterprise,999,9,41.6,2,72.5,65.0,Medium Risk
CUSTOMER_990,"Smith, Haney and Zuniga",Vincent Smith,douglas41@harris.info,(796)359-1649x6611,Bennettton,2026-05-05,Basic,149,15,77.1,1,74.0,70.9,Medium Risk
CUSTOMER_991,"Roberts, Rodriguez and Blair",Dana Shaw,lindaodom@harrison-paul.biz,001-533-348-5425x1497,West Samantha,2025-08-01,Basic,149,2,78.4,0,71.3,81.7,Low Risk
CUSTOMER_992,"Padilla, Chavez and Garcia",Justin Murphy,barronbrian@diaz.com,(686)754-8068x4820,South Gregoryton,2026-05-07,Basic,149,2,100.0,0,47.1,79.7,Low Risk
CUSTOMER_993,"Ramirez, Garcia and Williams",Todd Mendoza,daniel99@marsh-diaz.com,+1-597-393-4669,Katiemouth,2025-10-13,Basic,149,3,72.8,0,91.3,86.2,Low Risk
CUSTOMER_994,Mcgrath-Velazquez,Lisa Henson,collinsnathan@miller.com,287.985.8519x403,Cynthiaborough,2025-11-08,Basic,149,6,69.7,0,81.4,79.1,Low Risk
CUSTOMER_995,Smith Inc,Justin Villarreal,kaitlyn18@james.com,729-525-9194x9339,South Davidfurt,2026-02-21,Pro,499,26,27.9,4,40.8,25.9,High Risk
CUSTOMER_996,"Reed, Ramirez and Brown",Nicholas Shea,harperdebra@le-branch.com,337.381.3677x6813,Lake Jason,2025-11-18,Pro,499,6,75.9,0,49.2,69.7,Medium Risk
CUSTOMER_997,Payne-Burns,Tyler Thompson,ejordan@winters.com,960-654-9450x37068,Lewisville,2025-11-06,Basic,149,0,58.3,1,75.4,78.9,Low Risk
CUSTOMER_998,Velazquez PLC,Erika Zimmerman,stephanieallen@vincent.org,001-981-639-3642,Meghanhaven,2025-11-06,Pro,499,4,78.7,1,89.6,86.5,Low Risk
CUSTOMER_999,Moran-Cruz,Justin Lewis,megan52@carter.org,(876)217-3884,New Katiestad,2025-08-23,Basic,149,18,28.1,8,20.6,7.9,High Risk
CUSTOMER_1000,"Everett, Parker and Harvey",Michelle Smith,bradley22@miller.com,657-843-7060x635,East David,2026-03-26,Pro,499,0,74.1,1,62.4,79.1,Low Risk
CUSTOMER_1001,Harris-Rivas,Don Patterson,dawn53@kennedy-ruiz.com,865-553-5836x68346,South Nicholas,2026-03-22,Pro,499,9,86.2,2,67.6,76.6,Low Risk
CUSTOMER_1002,"Arnold, Williams and Cortez",Stephanie Obrien,townsendtyler@lopez.com,375.665.6043x025,New Ericport,2026-01-06,Basic,149,0,85.8,0,70.9,85.6,Low Risk
CUSTOMER_1003,Henry-Smith,Sandra Edwards,johnsondavid@miller.org,479-515-9652,Port Stevenmouth,2026-06-06,Basic,149,0,56.2,1,65.9,74.9,Medium Risk
CUSTOMER_1004,"Roberts, Porter and Fitzpatrick",Todd Navarro,smithkellie@meza-johnson.org,001-218-414-3519x8729,New Jamie,2026-04-26,Pro,499,5,81.0,1,58.0,75.2,Low Risk
CUSTOMER_1005,Gonzalez-Gardner,Brett Holden,kstein@ruiz-campbell.biz,(974)715-5962,North Julia,2025-09-28,Basic,149,8,20.6,6,10.0,19.7,High Risk
CUSTOMER_1006,Garcia PLC,Michael Conway,garzajill@ramos.net,(499)424-7860x1779,East Samantha,2025-10-08,Basic,149,2,95.2,2,65.4,84.7,Low Risk
CUSTOMER_1007,Marks-Sanchez,Jeffrey Wells,terribarton@campbell.com,001-921-710-6805,North Jimmy,2025-11-08,Basic,149,1,64.8,1,71.4,78.6,Low Risk
CUSTOMER_1008,Johnston-Johnson,James Schultz,alexanderjames@bartlett-fry.biz,001-313-415-4854x8691,West Amybury,2026-06-06,Pro,499,12,54.9,1,86.0,71.1,Medium Risk
CUSTOMER_1009,Gonzalez Inc,Jacob Diaz,ovargas@banks.com,6992929719,Jonesview,2025-08-04,Basic,149,21,16.8,5,29.1,18.4,High Risk
CUSTOMER_1010,Hernandez-Weaver,Christopher Jackson,wbruce@reynolds.com,461.614.9319x9351,East Donald,2025-10-04,Basic,149,26,22.6,7,19.9,3.5,High Risk
CUSTOMER_1011,Smith Ltd,Robert Boyer,kendraoliver@adams-burgess.com,213-972-0759,North Christina,2025-08-17,Basic,149,4,72.8,3,62.1,70.6,Medium Risk
CUSTOMER_1012,Riley Group,Reginald Wilson,shepardcrystal@martin.com,001-277-251-3302x305,Ortiztown,2026-03-06,Basic,149,0,54.1,1,100.0,86.2,Low Risk
CUSTOMER_1013,Mann PLC,Brian Long,brendajackson@lozano.com,001-274-308-3117x51629,Johnsonport,2026-01-12,Basic,149,5,69.4,1,70.7,76.2,Low Risk
CUSTOMER_1014,Gallegos-Oconnell,Carolyn Cox,tinafischer@powell.com,4673577460,South Kimberlyborough,2025-11-20,Pro,499,1,51.4,0,69.1,73.7,Medium Risk
CUSTOMER_1015,Silva LLC,Leslie Dickerson,sanchezandrew@dawson.info,001-226-312-3718,Morrishaven,2026-06-16,Basic,149,1,80.4,0,77.4,85.3,Low Risk
CUSTOMER_1016,"Johnson, Coleman and Arroyo",Emily Meyer,juliewilson@skinner.com,334-881-4546x87257,Port Stephanieshire,2026-07-07,Basic,149,16,62.5,0,61.7,61.3,Medium Risk
CUSTOMER_1017,Campbell-Morgan,Tyler Cobb,gutierrezhelen@martinez.org,+1-881-619-6058x6217,Murphyborough,2025-08-08,Basic,149,4,62.3,1,91.6,82.2,Low Risk
CUSTOMER_1018,Fernandez-Harris,Amy Lee,kyle49@elliott.com,+1-549-837-6329x51969,New Shannonshire,2026-01-16,Basic,149,3,52.3,0,80.3,76.2,Low Risk
CUSTOMER_1019,Sullivan-Patel,Donald Castro,bjensen@tran.com,(446)253-8995x0347,West Melody,2026-05-17,Pro,499,0,70.4,2,56.3,75.8,Low Risk
CUSTOMER_1020,Webb PLC,Heather Lee,carolholmes@black-frey.com,881-805-5890x895,Maryport,2026-07-23,Pro,499,5,80.7,2,66.4,78.1,Low Risk
CUSTOMER_1021,"Donovan, Miller and Charles",Jenny Perez,ntyler@hernandez.org,001-423-816-5184x54783,Lake Cynthia,2025-11-23,Basic,149,1,75.1,1,63.9,79.0,Low Risk
CUSTOMER_1022,"Herring, Suarez and Stephens",Amanda Leonard,rsmith@washington-bell.com,001-906-687-0835x422,Lake Tracyburgh,2026-01-01,Pro,499,7,69.5,1,55.2,69.0,Medium Risk
CUSTOMER_1023,"Avila, Rhodes and Wood",Carl James,vanessarobbins@cruz.com,001-254-720-3233x828,Burkestad,2025-10-28,Pro,499,11,72.5,0,100.0,82.1,Low Risk
CUSTOMER_1024,"Johnson, Gonzalez and Young",Michael Mccarthy,jeffrey55@meza.com,575-681-2689,Lestad,2026-05-03,Basic,149,0,45.2,2,69.1,72.7,Medium Risk
CUSTOMER_1025,"Cooley, Smith and Burns",Cheryl Carroll,vlee@preston.com,780-421-9278x467,South Jeffreyland,2026-04-20,Enterprise,999,3,86.3,1,86.7,88.6,Low Risk
CUSTOMER_1026,Cox-Coleman,Jill Collins,elizabethbernard@allison.com,223-472-5665,Lake Stephanie,2026-05-03,Basic,149,3,81.3,0,100.0,91.8,Low Risk
CUSTOMER_1027,Smith Group,James Keller,jonesrobert@decker-rivers.com,6543530244,Perezberg,2026-05-06,Basic,149,1,76.9,0,79.6,85.1,Low Risk
CUSTOMER_1028,Morales-Garcia,Melissa Cole,joseph01@thomas.com,+1-306-525-8436x197,Port Austinhaven,2026-04-07,Basic,149,8,49.6,2,66.9,66.3,Medium Risk
CUSTOMER_1029,"Jacobson, Mejia and Wolf",Adam Johnson,katiesmith@manning-martinez.net,920-871-7857,Scotttown,2026-02-10,Pro,499,1,76.4,1,74.5,83.1,Low Risk
CUSTOMER_1030,Lewis Group,Olivia Chandler,patricialin@martin-weaver.com,497-674-8539,Travisfort,2026-06-18,Pro,499,4,89.2,1,81.8,86.9,Low Risk
CUSTOMER_1031,Diaz-Young,Phillip Jensen,kelly47@nunez.com,425.431.3430,East Stevehaven,2026-03-04,Pro,499,13,88.5,4,64.6,63.8,Medium Risk
CUSTOMER_1032,Avila Ltd,Eric Stevens,aaroncruz@little.biz,699.223.4256,New Taylorland,2025-09-01,Basic,149,3,86.5,2,79.2,86.0,Low Risk
CUSTOMER_1033,Moss-Whitney,Scott Kent,irangel@green-carlson.com,(860)282-5825,West Gregory,2025-09-13,Enterprise,999,1,55.1,3,46.7,62.5,Medium Risk
CUSTOMER_1034,"Hartman, Pineda and Brown",Caitlyn Smith,beckerandrea@mosley-bell.com,445.214.2898,Brayview,2025-10-08,Pro,499,9,69.0,0,100.0,82.8,Low Risk
CUSTOMER_1035,Castro Ltd,Frank Yang,xparker@melton.com,508-722-7572,Ortegamouth,2025-08-20,Pro,499,2,49.2,1,45.5,63.9,Medium Risk
CUSTOMER_1036,Munoz Group,Sarah Brooks,gspencer@harris-logan.org,260-501-1599,Wardview,2025-11-25,Basic,149,8,89.9,1,92.5,87.3,Low Risk
CUSTOMER_1037,"Jackson, Bell and Bradley",Jonathan Boyd MD,john87@james.info,(812)602-8720,Port Benjaminshire,2026-01-03,Basic,149,2,54.2,1,89.2,80.7,Low Risk
CUSTOMER_1038,Holden-Hernandez,Madison Williams,xbrown@campbell.com,(724)738-3005x40482,West Samantha,2025-10-18,Basic,149,11,73.4,0,60.6,68.6,Medium Risk
CUSTOMER_1039,Fernandez-Carpenter,Rick Ramsey,josephbarrera@wilkins.net,298.550.8424,Leemouth,2026-05-16,Basic,149,1,92.9,1,56.8,81.9,Low Risk
CUSTOMER_1040,Garza Ltd,Jonathon Smith,jonesfrank@johnston-estrada.com,317-804-6567,Lake Kristinchester,2025-09-26,Pro,499,9,90.1,0,91.8,86.3,Low Risk
CUSTOMER_1041,"Rodriguez, Peters and Mcfarland",Jamie Jensen,ebenitez@nguyen.com,001-897-299-8516x217,New Raven,2025-12-29,Basic,149,8,68.8,1,61.2,70.1,Medium Risk
CUSTOMER_1042,Carpenter-Chavez,Jeffrey Lee,williemooney@lowery.biz,822.597.3100x63878,Adrianmouth,2025-09-09,Basic,149,5,69.2,0,28.1,61.2,Medium Risk
CUSTOMER_1043,Burch-Hall,Stephanie Scott,norrisjennifer@bailey.org,353.883.5627x8015,Kaylahaven,2025-09-30,Enterprise,999,2,75.9,1,64.1,78.5,Low Risk
CUSTOMER_1044,"Ramos, Mcclure and Sanchez",Natalie Stone,elizabeth77@craig-giles.com,251-348-0512x8881,East Sheenabury,2025-09-21,Basic,149,3,54.8,0,76.3,75.5,Low Risk
CUSTOMER_1045,"Taylor, Grant and Smith",George Harris,donaldhayden@wright.com,726-392-1779x3033,South Michaelview,2026-05-21,Basic,149,2,42.4,0,57.8,66.2,Medium Risk
CUSTOMER_1046,Miller-Jenkins,Matthew Andersen,gibsonjeffrey@sanders.com,893-569-9829x101,Carolynhaven,2025-12-17,Pro,499,1,96.7,2,75.1,89.4,Low Risk
CUSTOMER_1047,"Daniels, Thompson and Foster",Brenda Daniels,xgrimes@jones.com,(633)445-4929x28919,Port Miguel,2026-07-24,Pro,499,9,64.9,2,64.6,69.2,Medium Risk
CUSTOMER_1048,Barron-Turner,Brittney Ashley,jacqueline14@moore.com,855.375.2516x067,South Jodiville,2025-11-02,Pro,499,3,69.7,3,59.2,69.5,Medium Risk
CUSTOMER_1049,"Hill, Bowen and Craig",Kimberly Reynolds,brownadam@ferguson.com,+1-457-727-6128x03302,Jordanview,2026-05-22,Pro,499,2,62.4,0,79.9,79.9,Low Risk
CUSTOMER_1050,"Cooper, Elliott and Tucker",Seth Torres,laurie06@lee.com,001-857-564-7367x532,Garciafurt,2025-10-23,Basic,149,5,84.7,0,100.0,91.0,Low Risk
CUSTOMER_1051,Williams-Coleman,Katherine Smith,campbellmonica@blackburn.com,(288)377-1206,North Charles,2025-11-05,Pro,499,4,87.1,0,67.9,81.4,Low Risk
CUSTOMER_1052,"Levine, Larson and Waller",Lisa Gray,rebeccamoore@burke.com,5254405756,Lake Ariel,2025-09-01,Basic,149,4,95.2,0,100.0,95.1,Low Risk
CUSTOMER_1053,Smith-Hess,Hailey Moore,barrettlaura@holmes-mills.com,699.491.5132x375,Smithborough,2025-08-25,Pro,499,10,100.0,0,42.1,71.0,Medium Risk
CUSTOMER_1054,"Lang, Bruce and Bates",Alan Edwards,hdavis@dominguez.com,(734)818-4717,Millerport,2025-08-14,Basic,149,6,76.4,0,78.8,80.2,Low Risk
CUSTOMER_1055,Frazier Group,Lori Gray,katie92@miller-lopez.info,+1-354-872-7601,North Ronnie,2026-02-24,Basic,149,1,72.2,0,81.7,84.4,Low Risk
CUSTOMER_1056,Willis Ltd,Stephen Costa,charris@allen-jenkins.org,4005955393,Greenview,2026-03-20,Pro,499,3,64.7,3,94.1,80.2,Low Risk
CUSTOMER_1057,Cooley Inc,Ashley Potter,eric92@rose.org,+1-463-406-0663x379,South Richardview,2026-04-28,Pro,499,22,23.5,6,10.1,8.3,High Risk
CUSTOMER_1058,Landry-Soto,David Russell,matthewlewis@jones.info,344.373.4538,Theresachester,2025-09-18,Enterprise,999,18,11.0,3,32.9,29.6,High Risk
CUSTOMER_1059,Young-Parsons,Douglas Morrison,amy12@washington.com,533.741.5601,New Kimberly,2026-06-21,Basic,149,13,80.0,1,81.9,76.3,Low Risk
CUSTOMER_1060,Richards Ltd,Charles Koch,briangarcia@davis.org,5624513583,Randalltown,2025-09-18,Basic,149,0,42.5,0,76.9,74.7,Medium Risk
CUSTOMER_1061,Bryant Group,Joshua White,burnsmatthew@hall.net,6896671830,Lake Kimberlyborough,2026-02-04,Basic,149,25,76.4,0,93.4,68.7,Medium Risk
CUSTOMER_1062,Trujillo-Thompson,Mary Logan,lesliesanchez@lyons.com,9623438219,West John,2025-08-11,Pro,499,1,70.8,0,63.4,77.6,Low Risk
CUSTOMER_1063,Love-Sosa,Christopher Moreno,palmerjennifer@nguyen.com,804-847-5138,Port Donaldside,2025-11-04,Basic,149,0,49.6,3,60.3,66.5,Medium Risk
CUSTOMER_1064,Hill-Carter,Shane Garcia,bradleyscott@williamson.info,590.446.3847,Jamesview,2026-04-04,Basic,149,12,83.3,2,100.0,84.5,Low Risk
CUSTOMER_1065,"Keller, Edwards and Fields",Sharon Ayala,bookerkeith@hill-burnett.info,384-880-9795x9396,Bendermouth,2025-11-21,Pro,499,11,84.8,2,72.8,76.3,Low Risk
CUSTOMER_1066,James-Fernandez,Amanda Montgomery,hernandezpaul@ward.com,(343)234-3120,Baileymouth,2025-09-29,Basic,149,4,85.2,0,86.8,87.4,Low Risk
CUSTOMER_1067,"Leon, Sanchez and Bean",Thomas Swanson,jreynolds@white-gilmore.com,955.212.7442x668,New David,2026-05-22,Basic,149,1,72.1,1,73.2,81.4,Low Risk
CUSTOMER_1068,Torres PLC,Steven Singleton,lambertandrea@pacheco.net,492-822-8947x64317,Danielborough,2025-10-20,Basic,149,2,71.4,3,63.1,72.3,Medium Risk
CUSTOMER_1069,"Jackson, Cline and Bradley",Christina Wilson,danielthomas@montgomery-jackson.com,001-877-872-4355x9805,West Sheilaland,2025-12-15,Pro,499,0,72.5,0,70.2,81.3,Low Risk
CUSTOMER_1070,Mcdonald-Molina,Stephanie Thomas,mhines@hardin-bartlett.com,(968)694-7789x79908,South Pamela,2025-08-12,Basic,149,5,86.1,2,72.9,82.0,Low Risk
CUSTOMER_1071,Levy Inc,Robin Conway,knightstephen@reynolds.com,620.940.9130,Gomezshire,2026-03-13,Basic,149,6,60.7,1,90.8,79.7,Low Risk
CUSTOMER_1072,Jimenez-Ochoa,Carlos Barnett,annette94@norman-stout.com,744-530-1721x5611,Bakerstad,2026-04-13,Pro,499,3,68.4,2,78.9,80.5,Low Risk
CUSTOMER_1073,Johnson LLC,Matthew Alvarez,vhale@martin.com,3412067535,Markville,2025-07-28,Basic,149,2,48.6,0,78.8,75.4,Low Risk
CUSTOMER_1074,Morris and Sons,Evelyn Martinez,grayfrank@pace.biz,(633)906-5536,Port Ricardo,2026-03-05,Basic,149,12,73.5,0,68.9,70.7,Medium Risk
CUSTOMER_1075,Leblanc-Benson,Brenda Vaughn,fperry@valentine-cruz.info,+1-528-901-5413x08412,South Scottport,2025-12-10,Basic,149,5,75.2,0,91.9,85.4,Low Risk
CUSTOMER_1076,"Welch, Ortiz and Daniel",Brandon Bowman,jessica77@hunter.com,+1-924-912-8951x96241,West Matthewville,2026-07-08,Basic,149,0,82.2,0,78.4,87.1,Low Risk
CUSTOMER_1077,"Wilson, Edwards and Richards",Robert Lara,misty45@huerta-white.com,700.539.0814x099,Gregorybury,2025-12-30,Pro,499,5,70.9,3,82.5,76.3,Low Risk
CUSTOMER_1078,Herrera-Shah,Kimberly Lambert,larry81@patel.com,284.810.5241,Port Ericaton,2025-12-16,Basic,149,7,61.5,0,100.0,82.3,Low Risk
CUSTOMER_1079,Coleman-Miller,Laura Martinez,edwin10@krueger-jackson.info,(884)817-2005,Torreschester,2025-12-09,Basic,149,5,76.7,0,83.9,83.0,Low Risk
CUSTOMER_1080,"Lloyd, Avery and Robertson",Andrea Terry,douglasporter@peters.com,(353)931-0204,Joannamouth,2026-06-13,Pro,499,0,66.9,0,70.5,79.7,Low Risk
CUSTOMER_1081,"Smith, Jones and Bell",Matthew Scott,brady80@williams-wise.com,901-521-9264x704,Garymouth,2026-01-11,Basic,149,0,64.3,0,42.2,69.1,Medium Risk
CUSTOMER_1082,Ramos Ltd,Daniel Bowers MD,jeremy39@kim.net,001-453-926-6761,New Christina,2026-02-10,Basic,149,1,63.5,0,75.9,79.7,Low Risk
CUSTOMER_1083,Patterson and Sons,Julie Edwards,stevenriley@newman-mckay.com,+1-207-304-2721,Alexandershire,2026-05-31,Basic,149,2,71.1,0,53.3,73.2,Medium Risk
CUSTOMER_1084,"Myers, Rogers and Martin",Toni Garcia,aliciasnyder@barton.com,+1-886-577-1783x62863,Smithland,2025-10-15,Basic,149,1,100.0,1,58.8,84.7,Low Risk
CUSTOMER_1085,Garcia Group,Julian Garcia Jr.,bmartinez@owens.com,(689)631-0343x550,Lake Jasonview,2026-06-29,Enterprise,999,3,83.2,0,69.5,81.7,Low Risk
CUSTOMER_1086,"Chandler, Cummings and Khan",Lisa Taylor,frenchjerry@johnson.biz,001-476-841-8986x05139,Dariusland,2026-07-21,Basic,149,4,62.1,1,87.5,80.8,Low Risk
CUSTOMER_1087,"Chambers, Wilson and Scott",Mary Long,mjohnson@foster-nichols.com,(593)510-8706,Simmonsside,2026-06-25,Pro,499,9,58.7,1,71.3,69.7,Medium Risk
CUSTOMER_1088,"Hayes, Clark and Keller",Annette Barnett,opayne@day.org,001-763-837-3365x526,Randallfurt,2025-12-01,Pro,499,0,75.1,1,79.6,85.4,Low Risk
CUSTOMER_1089,May-Matthews,James Mills,andrewmorgan@potter-cooper.net,3114384339,Lewisfurt,2026-06-28,Basic,149,0,72.4,0,49.5,74.0,Medium Risk
CUSTOMER_1090,Moore PLC,Carl Williams,patrick14@mcneil.com,001-434-698-3325x291,Davidmouth,2026-03-12,Pro,499,3,76.5,0,80.3,83.4,Low Risk
CUSTOMER_1091,Mcgee Group,Miss Emily Miller,thomasallen@rodriguez-smith.biz,001-577-999-4705x193,South Georgeborough,2026-04-10,Basic,149,4,74.1,3,89.3,80.5,Low Risk
CUSTOMER_1092,"Daniels, West and Jensen",Wendy Nolan,taylornicole@lin.com,213-980-6184x09801,Weaverland,2025-08-13,Basic,149,1,66.4,4,76.0,71.6,Medium Risk
CUSTOMER_1093,Shea-Robinson,Eric Ward,schroederhaley@gilbert-lewis.com,484.223.9145x715,East Sabrina,2025-08-13,Basic,149,1,85.3,1,58.6,80.2,Low Risk
CUSTOMER_1094,Smith and Sons,Christine Watts,tracy86@everett-brown.com,+1-660-639-7865x430,Davidbury,2025-11-18,Pro,499,7,96.0,1,77.3,84.7,Low Risk
CUSTOMER_1095,Chen Group,Brandon Anderson,westmatthew@vaughan.com,4709006548,Lake Michealtown,2025-12-26,Enterprise,999,0,51.9,2,60.9,71.9,Medium Risk
CUSTOMER_1096,"Santiago, Miranda and Smith",John Hudson,pdeleon@compton.com,3593891629,Mollyland,2025-11-10,Basic,149,3,72.5,0,77.3,81.2,Low Risk
CUSTOMER_1097,Newton-Perry,Cindy Davis,vanderson@reeves.com,926-626-7157,South Barbarabury,2025-10-20,Basic,149,22,16.6,6,17.1,8.7,High Risk
CUSTOMER_1098,"Cole, Mueller and Brown",Alicia Bryant,gonzalezcarol@harvey.com,415.306.3522,Port Colleen,2025-11-15,Enterprise,999,1,69.4,2,80.7,83.2,Low Risk
CUSTOMER_1099,Thompson-Poole,Sandy Harper,sherri58@mcfarland-taylor.com,001-306-625-3649,Marcochester,2026-02-16,Pro,499,7,64.1,3,90.6,75.3,Low Risk
CUSTOMER_1100,Wilkins Ltd,Audrey Mckee,asmith@morris-berry.com,+1-964-616-2902x62654,Millermouth,2025-12-11,Basic,149,7,68.4,3,69.3,69.1,Medium Risk
CUSTOMER_1101,"Brown, Andrade and Fields",Alex Roberts,elizabethharper@moore-torres.net,+1-807-788-8957x52135,Brendafurt,2025-12-25,Pro,499,1,47.3,0,58.6,68.8,Medium Risk
CUSTOMER_1102,"Sanchez, Kennedy and York",Andrew Vazquez,mjohnson@holmes.biz,577.428.4476x70693,Lake David,2025-10-15,Basic,149,13,55.1,2,76.3,66.9,Medium Risk
CUSTOMER_1103,Thompson Ltd,Tina Shaw,wilsonjoseph@moore.info,551-936-6993x67855,Sarahborough,2025-09-14,Pro,499,2,73.4,1,71.4,80.3,Low Risk
CUSTOMER_1104,Lewis LLC,Frederick Hill,daniel23@wade-shelton.com,(275)789-4947x245,Lake Joy,2026-03-24,Basic,149,0,71.6,2,55.8,76.0,Low Risk
CUSTOMER_1105,"Rose, Marshall and Lopez",Stephen Greene,thompsonallen@norris-kelley.net,729-234-7779,Deleonland,2025-11-27,Enterprise,999,2,51.0,3,57.0,64.0,Medium Risk
CUSTOMER_1106,"Caldwell, Hawkins and Mcconnell",Bruce Cameron,jeremyjackson@johnson.com,832.259.3094,Mitchellport,2026-03-05,Pro,499,12,81.0,1,70.1,73.3,Medium Risk
CUSTOMER_1107,Gonzalez Inc,Jacob Gomez,simpsonrhonda@davis.com,363-692-8415,West Tiffanyhaven,2025-10-05,Basic,149,3,46.4,0,93.8,79.1,Low Risk
CUSTOMER_1108,Holmes PLC,Richard Gomez,mmoore@wallace-phillips.info,001-593-330-8989x4458,Port Rebeccamouth,2026-06-12,Pro,499,5,66.6,0,58.5,71.1,Medium Risk
CUSTOMER_1109,Webb Inc,Anthony Zamora,wardmargaret@mitchell.com,(269)887-1437,South Josephfurt,2025-11-20,Pro,499,4,70.3,0,74.0,78.5,Low Risk
CUSTOMER_1110,"Anderson, Lloyd and Barajas",Stacy Cline,jenniferellis@ellis-allen.com,514.404.9493x127,Boydborough,2026-01-27,Basic,149,3,79.0,1,72.8,81.6,Low Risk
CUSTOMER_1111,Burns-Barnes,Cheryl Barnes,fharper@knight-phillips.com,875.310.8946x35441,Samanthaborough,2025-08-12,Basic,149,0,92.3,2,65.9,85.8,Low Risk
CUSTOMER_1112,Lindsey-Kaufman,Jeffrey Lawrence,ffowler@webb.com,001-257-395-9247,Teresaberg,2026-05-23,Pro,499,4,65.8,2,61.3,72.7,Medium Risk
CUSTOMER_1113,"Wright, Miller and Sherman",Maria Stephens,urivas@hernandez.com,859-791-5511x98311,Aaronside,2025-12-06,Pro,499,1,94.7,0,65.5,85.5,Low Risk
CUSTOMER_1114,"Ramirez, Hoffman and Love",Cheryl Keith,kcastaneda@pratt.com,213-530-6771x627,East April,2026-04-12,Pro,499,30,18.7,7,22.7,0.0,High Risk
CUSTOMER_1115,Freeman PLC,Christine Mcclure,cameron75@burke.org,(220)726-7669x575,Dominguezhaven,2026-06-21,Basic,149,2,67.8,3,100.0,84.1,Low Risk
CUSTOMER_1116,"Mora, Rubio and Jacobs",Brianna Davis,ewatts@mayer.com,314.369.8725x6820,South Thomas,2026-07-04,Basic,149,0,54.1,0,79.5,79.1,Low Risk
CUSTOMER_1117,Velazquez LLC,Katelyn Anderson,mary78@moore.com,819-658-5378,Port Savannahbury,2026-03-18,Basic,149,8,71.2,1,78.0,76.7,Low Risk
CUSTOMER_1118,"Perez, Gordon and Lewis",Kimberly Landry,sullivanjohn@smith.net,(481)670-6467,Rachelfurt,2025-09-09,Basic,149,0,72.4,0,51.1,74.6,Medium Risk
CUSTOMER_1119,Thomas-Wyatt,Michelle Kennedy,linda79@richardson-shepherd.com,523-592-2439x2234,New Catherine,2026-06-08,Basic,149,0,69.2,2,72.0,81.0,Low Risk
CUSTOMER_1120,"Stewart, Barber and Sandoval",Brian Foster,zmiller@guzman.info,001-496-929-6350x7364,New Robertfort,2025-12-05,Basic,149,0,73.4,2,82.9,86.0,Low Risk
CUSTOMER_1121,Young and Sons,Steven Peterson MD,jennifersawyer@bell.info,5278660014,Janetbury,2026-05-05,Basic,149,5,94.8,2,90.3,90.7,Low Risk
CUSTOMER_1122,Scott Group,Maria Hood,williamsjohn@rodriguez.biz,753.644.1256x15576,Christopherborough,2025-08-15,Basic,149,3,56.9,1,63.1,71.5,Medium Risk
CUSTOMER_1123,Ramos-Bishop,Randy Tyler,hendrixjeffery@garcia.com,938-235-3829x35302,West Michaelville,2025-10-12,Basic,149,5,100.0,1,78.4,88.1,Low Risk
CUSTOMER_1124,Ellis-Reid,Edward Edwards,williamsjoel@hanson.com,240.282.7681x39862,Adamsville,2026-06-26,Basic,149,1,53.7,1,60.5,71.4,Medium Risk
CUSTOMER_1125,"Hernandez, Jensen and Frank",Diane Lozano,kstanton@meadows-schneider.com,7197526703,New Stacy,2025-12-30,Basic,149,0,84.3,2,83.2,89.4,Low Risk
CUSTOMER_1126,Thompson-Torres,Jose Brown,lewispam@love-cantu.com,+1-500-251-2052,Martinezchester,2025-07-28,Basic,149,7,42.5,2,76.3,68.3,Medium Risk
CUSTOMER_1127,Wilson LLC,Frank Peterson,johnsondaniel@chapman.com,323-599-8900,New Kimberlyborough,2026-02-08,Pro,499,0,73.5,2,46.1,73.2,Medium Risk
CUSTOMER_1128,Mueller-Nelson,Andrew Brown,tammy49@white.com,001-765-986-8172,Williamsport,2026-06-23,Basic,149,1,62.2,0,69.6,77.1,Low Risk
CUSTOMER_1129,Ingram Group,Ann Mitchell,kaitlynramos@robbins.biz,001-660-858-3717,West Tylerton,2026-05-11,Enterprise,999,26,9.4,5,47.2,18.1,High Risk
CUSTOMER_1130,"Allen, Young and Jenkins",Christopher Mcbride,alisonjackson@harris-johnston.info,882-993-0846x9736,Terryfort,2025-07-31,Pro,499,1,79.7,1,66.6,81.3,Low Risk
CUSTOMER_1131,Maddox Ltd,James Glover,nicholsrobert@black.com,4363480680,Meyerville,2025-10-27,Basic,149,0,77.5,0,83.8,87.6,Low Risk
CUSTOMER_1132,"Berg, Patterson and Thomas",John Duran,michaelspears@howe.biz,(683)805-5936x43082,Moraleschester,2025-11-22,Enterprise,999,2,89.8,0,76.8,87.1,Low Risk
CUSTOMER_1133,Duarte-Rodriguez,Yolanda Meyer,cody08@houston.com,+1-917-684-9309x61224,South Richard,2025-07-26,Basic,149,0,58.5,0,90.8,84.3,Low Risk
CUSTOMER_1134,"Johnson, Hunt and Robles",Tom Hamilton,dorseystephen@dillon.com,001-217-472-3190x1584,Christopherton,2026-05-01,Pro,499,11,59.4,4,56.4,53.9,Medium Risk
CUSTOMER_1135,Lewis Ltd,Lauren Williams,adamhart@kelly.org,(998)684-6263x235,South Jennifer,2026-03-23,Basic,149,2,60.0,0,67.9,75.0,Low Risk
CUSTOMER_1136,"Hester, Guerra and Perkins",Nicole Nguyen,tompeters@martin.com,+1-883-950-0708x278,Leonardside,2026-04-25,Pro,499,0,75.1,4,85.5,78.5,Low Risk
CUSTOMER_1137,"Gutierrez, Higgins and Travis",Jasmine Adams,thomasroach@silva.biz,+1-990-402-6122x11596,Port Sabrinamouth,2025-12-26,Basic,149,12,56.9,0,96.4,75.3,Low Risk
CUSTOMER_1138,"Chen, Smith and Hunt",Fernando Haas,xfoster@barnes-moore.com,+1-841-340-5856x42173,West Teresafurt,2026-06-22,Pro,499,3,75.8,0,75.1,81.4,Low Risk
CUSTOMER_1139,"Marshall, Anderson and Beard",Stephen Peterson,meredithcummings@levine.com,(819)344-8674x8449,Lake Jordan,2025-12-12,Basic,149,5,65.2,1,96.2,83.9,Low Risk
CUSTOMER_1140,Russell LLC,Erika Jackson,williamscorey@clark.biz,001-373-274-8654,Emilyfurt,2026-06-24,Basic,149,34,25.1,7,19.3,0.0,High Risk
CUSTOMER_1141,"Wilson, Jones and Smith",Mr. Jimmy Robinson,smithlisa@johnson.org,735.591.2925x402,Port Stephanie,2026-02-05,Basic,149,2,85.6,2,81.3,87.4,Low Risk
CUSTOMER_1142,Brandt PLC,Lee Sanchez,fbutler@west.com,(901)564-3762,Gonzalezborough,2026-04-03,Basic,149,3,66.0,0,81.2,80.6,Low Risk
CUSTOMER_1143,"Pena, Knight and Brooks",Joshua Armstrong,hmeadows@maldonado.com,455-992-3479,Woodview,2025-10-18,Basic,149,2,74.1,1,89.4,86.8,Low Risk
CUSTOMER_1144,"Kramer, Walter and Crosby",Jonathan Bradley,hilljennifer@howell.com,001-361-950-8241x273,West Rodneyborough,2026-05-22,Basic,149,1,48.6,1,82.9,77.7,Low Risk
CUSTOMER_1145,Mcdowell PLC,Cynthia Watson,brownkenneth@gentry.info,844.417.2960x743,South Anthony,2025-09-21,Pro,499,8,75.6,1,77.2,77.7,Low Risk
CUSTOMER_1146,"Calderon, Dawson and Forbes",Kelsey Thomas,audreyjacobs@chambers-murray.com,(851)981-9264,West William,2025-12-26,Basic,149,7,86.5,1,96.9,88.7,Low Risk
CUSTOMER_1147,Hall-Wagner,Stacy Gardner,stevenstiffany@combs.com,001-550-991-3111x27568,West Melissa,2026-04-29,Basic,149,7,39.4,1,58.3,61.1,Medium Risk
CUSTOMER_1148,"Hahn, Wade and Gilbert",Robert Moore,duncancatherine@wolf-marquez.biz,2842953156,Jamesfurt,2026-04-28,Basic,149,2,100.0,2,80.8,91.5,Low Risk
CUSTOMER_1149,Smith and Sons,Alex Jackson,maryhuber@ferguson-stevens.com,9432907180,New Peterport,2025-10-27,Basic,149,14,72.2,2,81.2,72.8,Medium Risk
CUSTOMER_1150,White-Nelson,Kristen Wilkins,justinstafford@yoder.com,301.465.2989x5483,Duranstad,2025-08-20,Pro,499,1,58.2,1,73.0,77.1,Low Risk
CUSTOMER_1151,Sanchez-Lee,Ross Baker,rangeljennifer@padilla-mccann.org,688.972.4177x36767,Bellchester,2025-10-26,Basic,149,0,85.1,1,60.9,81.8,Low Risk
CUSTOMER_1152,Moore Ltd,Matthew Mills,schmidtelizabeth@matthews.com,493-877-1251x74198,East Eric,2026-02-08,Basic,149,45,26.7,5,43.6,9.8,High Risk
CUSTOMER_1153,"Hernandez, Grant and Moore",Dawn Martin,smitherik@oliver-smith.com,422-680-1493x425,Griffithburgh,2025-09-07,Enterprise,999,0,82.8,1,76.3,86.5,Low Risk
CUSTOMER_1154,Howard Inc,Scott Haynes,kimkimberly@scott-finley.org,279-483-0104,New Stevebury,2026-07-20,Basic,149,12,96.8,1,62.8,75.5,Low Risk
CUSTOMER_1155,"Lyons, Maldonado and Turner",Matthew Baker,brittany66@smith.com,(978)883-2815x181,Blairberg,2026-04-09,Pro,499,0,79.2,2,94.9,92.0,Low Risk
CUSTOMER_1156,Roach-Diaz,Rhonda Lowe,brian40@ingram.com,305-259-2143,South Angela,2025-12-28,Pro,499,2,55.0,2,64.5,72.3,Medium Risk
CUSTOMER_1157,Owens Ltd,Thomas Moore,ryanbaker@berry.org,(945)535-4057,North Natalieshire,2026-02-12,Basic,149,40,12.2,6,10.0,0.0,High Risk
CUSTOMER_1158,"Johns, Jones and Sanchez",Beth Brown,pamelacooley@payne.com,(306)549-7785x8984,Port Zachary,2025-10-07,Basic,149,3,65.2,0,60.9,73.2,Medium Risk
CUSTOMER_1159,May-Stone,Samuel Ingram,preed@delgado.biz,8586070325,Port Brianland,2025-08-09,Pro,499,28,30.0,10,31.9,0.0,High Risk
CUSTOMER_1160,"Levy, Roman and Gonzalez",Karen Price,alexweber@wong.info,5815135469,Amberchester,2025-11-28,Basic,149,0,76.8,1,58.7,78.6,Low Risk
CUSTOMER_1161,Smith-Perry,Mary Walker DDS,spencermolly@smith.biz,(805)743-7119,North Paige,2026-07-08,Basic,149,3,72.8,3,63.3,71.9,Medium Risk
CUSTOMER_1162,Cummings-Douglas,Charles Medina,hernandezholly@daniel-harrington.com,344.535.8936x446,Newtonville,2026-04-16,Pro,499,0,51.0,0,81.2,78.7,Low Risk
CUSTOMER_1163,Montgomery-Martin,Anthony Frost,shelly29@hanna-french.org,(728)864-9909x69198,Johnsonhaven,2026-07-03,Pro,499,1,62.8,0,93.5,85.7,Low Risk
CUSTOMER_1164,Smith and Sons,April Scott,danielle79@parker.com,(578)671-1310x0559,East Rick,2026-02-09,Basic,149,0,79.0,2,76.3,85.4,Low Risk
CUSTOMER_1165,"Estrada, Freeman and Gilbert",Kimberly Elliott,martinezamanda@serrano.com,001-440-922-2904x39997,Adamsshire,2026-05-11,Basic,149,1,68.4,0,72.1,79.9,Low Risk
CUSTOMER_1166,Dickson Ltd,Lori Richard,william22@parker-anderson.org,745.229.2932x85163,Debrashire,2026-05-31,Enterprise,999,3,97.8,1,60.3,82.8,Low Risk
CUSTOMER_1167,Whitaker-Rios,Frank Rich,justin42@cole.info,882.562.0383,Gregoryton,2026-06-22,Pro,499,7,67.4,1,77.2,76.1,Low Risk
CUSTOMER_1168,Davis-Berry,Sandra Smith,fhodge@cruz.info,001-448-459-7247x633,Wesleyhaven,2025-09-17,Basic,149,3,49.8,2,71.7,72.4,Medium Risk
CUSTOMER_1169,Morales-Taylor,Kelsey Hines,ruizandrew@richards.org,363-731-9127,Port Courtneychester,2026-01-19,Pro,499,0,100.0,0,77.2,92.0,Low Risk
CUSTOMER_1170,Juarez Ltd,Angel Nelson,kathleen58@payne.com,529-949-6997,Maureenville,2026-01-20,Basic,149,0,74.4,2,93.7,90.1,Low Risk
CUSTOMER_1171,Taylor-Estrada,Andrew Coleman,victoria76@oliver-briggs.net,942-676-2204x01725,Griffithfurt,2025-09-05,Basic,149,3,91.1,0,78.2,87.1,Low Risk
CUSTOMER_1172,Scott PLC,Christopher Shepherd,mmorris@reyes-morris.com,(607)994-0331,Lake Josephstad,2026-07-22,Basic,149,6,67.0,1,84.5,79.4,Low Risk
CUSTOMER_1173,Doyle-Mann,David Kramer DDS,jessica46@moreno-hayes.com,481-810-5341,Jofort,2026-01-27,Basic,149,2,93.4,0,60.9,82.6,Low Risk
CUSTOMER_1174,Huff PLC,Mia Smith,avance@cowan-livingston.com,(675)278-3491,Mcmahonfurt,2025-12-23,Pro,499,6,58.0,2,83.6,76.4,Low Risk
CUSTOMER_1175,Smith Group,Richard Beck,colonstephen@russell.com,351-986-7795,New Christophermouth,2025-10-29,Basic,149,1,61.3,1,89.4,83.8,Low Risk
CUSTOMER_1176,Lester LLC,Eric Shields,kendravasquez@peck.com,001-711-447-1402x1275,East Melissaburgh,2026-06-07,Pro,499,2,74.5,1,77.4,82.7,Low Risk
CUSTOMER_1177,"Heath, Bridges and Moore",David Marquez,leslie59@gallagher.net,(993)389-8151x03020,Garretthaven,2026-02-26,Basic,149,1,91.7,1,71.8,86.8,Low Risk
CUSTOMER_1178,"Peck, Gutierrez and Martin",John Walter,brian36@bradshaw.net,+1-339-960-5689x7589,East Annettestad,2026-03-24,Pro,499,7,46.5,1,36.9,55.7,Medium Risk
CUSTOMER_1179,Bowen LLC,Claire Castillo,hawkinsjenna@wise.com,9013809691,Robertview,2025-08-16,Basic,149,0,66.6,0,91.6,87.0,Low Risk
CUSTOMER_1180,Crawford Group,Dr. Brandon Villanueva,james02@walker.com,+1-400-510-8885x17342,Lake Davidchester,2025-12-08,Basic,149,14,25.0,5,28.9,26.9,High Risk
CUSTOMER_1181,Booker and Sons,Erica Bishop,james49@martin.com,759.916.1504,West Jamesmouth,2026-02-20,Basic,149,0,89.4,1,82.8,90.8,Low Risk
CUSTOMER_1182,Pollard-Powers,Jordan Hernandez,justinhodges@lewis.net,6443194055,North Richard,2025-12-15,Pro,499,6,60.5,1,78.6,75.4,Low Risk
CUSTOMER_1183,Nelson-Montoya,Bianca Hunt,thomashaley@gomez.biz,(449)533-5767,Frankmouth,2026-06-06,Pro,499,0,79.7,2,77.1,85.9,Low Risk
CUSTOMER_1184,Evans-Allen,Alan Mckee,dukelinda@boone.org,+1-313-879-2308x36038,Samuelbury,2025-11-27,Pro,499,0,67.1,0,67.2,78.6,Low Risk
CUSTOMER_1185,Johnson-Mclaughlin,Sarah Silva,daniel37@lindsey-nguyen.info,807-841-8180,New Sharonshire,2026-06-18,Basic,149,5,80.2,2,58.5,75.2,Low Risk
CUSTOMER_1186,Rodriguez Ltd,Jennifer Wilson,porterjohnny@brown.biz,(894)210-2772,North Williamville,2026-03-31,Basic,149,8,93.9,0,84.9,85.9,Low Risk
CUSTOMER_1187,"Brown, Dixon and Stevens",Mary Yu,evanssandra@carlson-raymond.net,001-573-688-6741x756,Kentmouth,2026-04-30,Pro,499,8,72.8,3,64.3,67.8,Medium Risk
CUSTOMER_1188,Wilson-Lopez,Mary Buchanan,xjohnson@hebert.com,733-979-0035,Andersenview,2026-02-08,Basic,149,0,89.3,1,69.0,85.9,Low Risk
CUSTOMER_1189,Owens LLC,Logan Collier,wrightsuzanne@booth.com,001-861-748-5590x3538,Tammyhaven,2026-03-02,Basic,149,1,67.4,1,84.8,84.0,Low Risk
CUSTOMER_1190,"Phillips, Coleman and Payne",James Johnson,solomonjessica@romero.com,+1-477-348-7345x7818,South Melissafurt,2026-02-02,Basic,149,11,100.0,1,79.4,83.2,Low Risk
CUSTOMER_1191,"Saunders, Clayton and Bailey",Samantha Anderson,ojackson@ellis.com,(428)293-4791x943,Gilbertborough,2026-05-02,Pro,499,3,70.6,1,76.0,80.2,Low Risk
CUSTOMER_1192,Harper and Sons,Steven Martinez,hoodsusan@king-mccoy.org,365-280-7927x6021,Phillipschester,2026-03-23,Pro,499,2,74.2,1,67.6,79.2,Low Risk
CUSTOMER_1193,Herrera Group,Morgan Cook,catherineking@miller-wilson.com,710.595.2446x522,Smithport,2026-04-09,Pro,499,1,73.4,0,100.0,91.1,Low Risk
CUSTOMER_1194,"Garza, Cruz and Novak",Paula Briggs,baxtermichael@thompson.biz,270.280.1429,Gregorychester,2025-11-16,Enterprise,999,0,66.8,2,92.4,87.4,Low Risk
CUSTOMER_1195,Peterson-Lester,Amy Bryant,mckeerobert@allison.biz,238-294-0606x2448,West Tylerberg,2025-11-02,Pro,499,0,75.2,0,95.2,90.9,Low Risk
CUSTOMER_1196,"Sharp, Cox and Ortiz",Linda Miller,maxwellsteven@gonzalez-davis.com,930-516-4812,Franciscobury,2026-07-12,Enterprise,999,3,60.3,0,70.1,75.0,Low Risk
CUSTOMER_1197,Robinson-Flores,Cassandra Henderson,watkinsbrittney@castro.com,(937)942-6091x44220,Grayview,2025-12-31,Basic,149,0,76.3,3,61.8,75.0,Low Risk
CUSTOMER_1198,Miller-Hodges,Michelle Austin,alexis27@king.com,236.746.1540x260,Jacksonberg,2025-10-14,Basic,149,3,86.2,1,89.0,89.4,Low Risk
CUSTOMER_1199,Franklin LLC,Carla Cochran,loganlori@thomas.info,+1-464-708-4212x181,South Anna,2025-12-20,Basic,149,5,54.4,1,90.2,78.5,Low Risk
CUSTOMER_1200,"Rivers, Martinez and Clark",Brian Burns,bmoore@white-ramirez.com,001-471-266-0597,East Michael,2025-09-10,Basic,149,7,78.4,2,74.1,78.3,Low Risk
CUSTOMER_1201,Sellers Group,Daniel Hodges,williamlambert@cisneros-moore.info,+1-294-379-1974x908,Port Jamesstad,2025-10-23,Basic,149,6,63.8,0,92.5,81.3,Low Risk
CUSTOMER_1202,Walker-Mays,Brenda Hunt,williamslauren@harris-price.biz,(428)640-8893x2694,Thomasport,2026-05-16,Basic,149,0,83.0,1,100.0,94.9,Low Risk
CUSTOMER_1203,"Cruz, Brown and Griffith",Tasha Dalton,xdavenport@thompson-dillon.com,(623)651-2390,Juanhaven,2026-07-05,Pro,499,3,62.3,0,58.6,71.6,Medium Risk
CUSTOMER_1204,"Taylor, Harris and Ross",Sarah David,angela12@alexander.com,233-842-8429,Lake Logan,2026-02-02,Basic,149,1,77.0,0,84.2,86.7,Low Risk
CUSTOMER_1205,"Oliver, Lewis and Fischer",Kyle Hill,davidwilliams@blackburn.com,482.570.3219x031,Lake Brandiland,2026-02-15,Basic,149,4,53.2,1,74.4,73.5,Medium Risk
CUSTOMER_1206,Underwood and Sons,Nicole Singh,marksmith@huang.biz,639-908-2740x97361,South Anthonyville,2026-05-18,Enterprise,999,1,80.1,0,90.9,90.0,Low Risk
CUSTOMER_1207,Richards-Hughes,Nicholas Huerta,shepherdbethany@pierce.biz,(553)710-2500x6001,Port Briana,2026-01-06,Basic,149,8,82.1,1,84.5,82.2,Low Risk
CUSTOMER_1208,Faulkner PLC,Ashley Rogers,alexander56@calderon-beck.com,577-487-7387,Port Mistytown,2026-06-26,Pro,499,3,92.8,0,95.1,93.5,Low Risk
CUSTOMER_1209,Collins-Smith,Dawn Ochoa,mariaali@kennedy-perez.info,740-389-7200,Hendersonmouth,2025-08-09,Basic,149,3,77.7,1,72.0,80.9,Low Risk
CUSTOMER_1210,Moreno LLC,Elizabeth Lamb,fgordon@brown.com,+1-252-779-0215,East Charlesberg,2026-02-17,Enterprise,999,0,48.3,1,78.6,77.0,Low Risk
CUSTOMER_1211,Dickson Inc,Craig Ross,wiserussell@smith.com,(472)927-8052x20424,Amychester,2026-02-14,Pro,499,9,65.1,1,89.7,78.0,Low Risk
CUSTOMER_1212,Young-Shepard,Vanessa Perry,rachellove@james-smith.biz,001-385-827-0268x07225,Bradleyland,2026-01-27,Basic,149,0,68.7,1,73.3,81.3,Low Risk
CUSTOMER_1213,Watson-Howell,Brett Fowler,hmann@davies.com,+1-770-222-7836,Gonzalezborough,2026-05-09,Pro,499,50,18.6,13,45.6,0.0,High Risk
CUSTOMER_1214,Price LLC,David Anderson,ohansen@williams.com,768-674-0627,Lake Allisonburgh,2026-01-14,Basic,149,2,58.0,1,67.6,74.3,Medium Risk
CUSTOMER_1215,Cunningham-Bryan,Hannah Williams,burgesshannah@rios.info,001-690-621-4409x2630,Lisaborough,2025-10-28,Basic,149,2,95.5,1,70.7,86.6,Low Risk
CUSTOMER_1216,"Webb, Perez and Franklin",Mathew Salazar,yeseniagarrett@nguyen.com,3562677308,Port Andrew,2026-03-28,Pro,499,2,97.6,0,54.9,81.7,Low Risk
CUSTOMER_1217,Hudson Group,Ronald Johnson,kayla08@anderson.com,369.861.1746,Richardsonmouth,2025-08-28,Pro,499,33,44.1,6,22.5,9.2,High Risk
CUSTOMER_1218,Rivas and Sons,Brent Mason,hoffmanjohn@garcia-davis.info,(926)341-8811x985,Lake Chelsea,2025-10-14,Pro,499,0,100.0,0,74.3,91.0,Low Risk
CUSTOMER_1219,"Robinson, Herrera and Richardson",Kayla Barnett,sheliamelendez@vaughan.com,+1-545-269-2610x488,Keithfort,2026-05-15,Basic,149,28,10.1,5,45.7,16.0,High Risk
CUSTOMER_1220,Forbes-Ramos,Jessica Miller,ljohnson@roth.info,+1-518-343-5332,Scottmouth,2026-05-03,Pro,499,6,74.4,1,86.3,82.3,Low Risk
CUSTOMER_1221,"Duncan, Collier and Bailey",Angela Jenkins,rodrigueznatasha@williamson-cook.org,001-807-836-2192x14369,Mullinsport,2025-11-23,Basic,149,2,44.6,0,86.4,76.9,Low Risk
CUSTOMER_1222,Stone-Zimmerman,Danielle Lang,amy87@wood-cox.com,6039039985,Brewerborough,2026-04-15,Basic,149,9,53.2,1,64.9,65.8,Medium Risk
CUSTOMER_1223,"Smith, Jordan and Williams",Steven Jennings,laura41@may.com,8894608020,South Matthew,2025-10-18,Basic,149,42,19.2,6,20.0,0.0,High Risk
CUSTOMER_1224,Kim PLC,Garrett Smith,lawrencerobinson@duffy.biz,674.598.0335x54050,Bakerside,2025-09-25,Enterprise,999,3,72.0,2,65.1,76.8,Low Risk
CUSTOMER_1225,Lawson-Dalton,Hunter Graves,michaelgriffin@patton.org,455.702.4905x83659,East Natashatown,2026-05-09,Basic,149,27,10.3,4,41.0,19.8,High Risk
CUSTOMER_1226,"Novak, Alexander and Knight",Cody Aguilar,michaelpeters@patterson.net,+1-908-538-7794x825,Gomezview,2026-05-10,Pro,499,3,77.5,0,79.0,83.3,Low Risk
CUSTOMER_1227,Whitehead-Snyder,Jane Armstrong,rodneyhall@mitchell.com,6742304270,North Brittanyshire,2026-01-01,Basic,149,8,100.0,2,85.4,87.9,Low Risk
CUSTOMER_1228,"Ward, Robinson and Pruitt",Alexander Roberts,isnyder@carter-davis.com,+1-593-235-6897x5755,Lake Latasha,2025-11-25,Basic,149,7,64.3,1,65.4,71.1,Medium Risk
CUSTOMER_1229,Bernard-Odonnell,Isabella Mcneil,jdavis@fox.com,+1-401-974-7287,Riveraview,2025-09-26,Basic,149,4,55.4,2,58.8,68.7,Medium Risk
CUSTOMER_1230,Roth-Taylor,Matthew Garrison,stephanie53@williams-santos.com,512-435-1628,East Randy,2026-02-19,Enterprise,999,1,63.6,0,74.0,79.1,Low Risk
CUSTOMER_1231,Robinson-Turner,Richard Chavez,christopherjohnson@calhoun.info,579-950-7723x6432,Codyfort,2026-01-05,Basic,149,6,75.9,4,48.4,60.5,Medium Risk
CUSTOMER_1232,Walters and Sons,Gregory Hall,buchananjessica@fritz.com,001-291-934-8365x065,Blakebury,2026-03-16,Enterprise,999,39,25.0,3,41.3,18.3,High Risk
CUSTOMER_1233,Gill Ltd,Brenda Walters,fmaldonado@morrison-hopkins.com,875.224.0397,East Donnaport,2025-08-06,Pro,499,8,89.9,4,47.9,62.7,Medium Risk
CUSTOMER_1234,Berg Inc,Benjamin Chung,allisontucker@hull-torres.com,2619477851,Duanemouth,2025-08-11,Basic,149,6,73.7,1,75.3,78.2,Low Risk
CUSTOMER_1235,Cook LLC,Carolyn Thomas,owells@swanson-greene.com,(391)687-8024,West Crystalport,2025-10-29,Pro,499,3,80.6,2,73.5,82.3,Low Risk
CUSTOMER_1236,Strickland Inc,Dana Berger DVM,mccannamanda@weiss.biz,(863)655-4060,Kylebury,2026-04-03,Basic,149,3,60.5,0,75.3,76.9,Low Risk
CUSTOMER_1237,Greer Inc,Tiffany Young,powellhannah@carey-green.com,+1-602-373-3997x7636,East Nathan,2026-01-22,Basic,149,5,95.5,0,55.4,78.7,Low Risk
CUSTOMER_1238,Carter-Beck,Taylor Holt,christensenmatthew@johnson.com,001-389-677-6218,Lake Lauraton,2025-08-21,Basic,149,43,11.8,7,12.7,0.0,High Risk
CUSTOMER_1239,"Lopez, Gonzalez and Clarke",Angelica Mitchell,jennifer75@kelley.com,7438120222,Lewisfurt,2026-04-15,Pro,499,10,39.0,1,72.5,63.3,Medium Risk
CUSTOMER_1240,"Boone, Reed and Jones",Kristin Novak,roberto96@logan.com,5323146259,Port Brucehaven,2026-04-01,Pro,499,3,58.2,0,78.7,77.4,Low Risk
CUSTOMER_1241,"Coleman, Morrison and Alexander",Elizabeth Thompson,robinsonleon@mitchell-lyons.org,218.545.3645,Lake Daniel,2026-07-02,Pro,499,0,68.9,2,60.6,76.9,Low Risk
CUSTOMER_1242,Cross-Burke,Christina Sawyer,turnerjulie@bender.com,680-838-9856,North Kelly,2025-09-05,Basic,149,9,53.2,1,99.1,77.8,Low Risk
CUSTOMER_1243,Burns-Moss,Amanda Fox,rogerswilliam@welch-ho.org,001-660-298-2499x3577,Noahview,2026-06-03,Pro,499,2,62.4,1,77.9,79.2,Low Risk
CUSTOMER_1244,Sanders LLC,Corey Molina,jonesblake@marshall-nelson.com,001-515-537-3019x62259,Hollandton,2026-01-03,Pro,499,0,82.0,0,89.0,90.8,Low Risk
CUSTOMER_1245,Skinner-Wu,Kenneth Weaver,calvin51@gibson-walker.com,365.338.9769x03555,West Billy,2025-08-27,Basic,149,1,80.7,2,83.7,87.6,Low Risk
CUSTOMER_1246,Garcia and Sons,Sophia Johnston,woodedward@hernandez.com,+1-459-893-5468x0061,Robertstad,2026-02-15,Basic,149,7,67.9,1,81.7,77.8,Low Risk
CUSTOMER_1247,Mack Inc,James Bender,mgibson@mcdowell.com,775.200.4271x155,Sandrachester,2026-05-06,Basic,149,1,78.7,0,80.3,85.8,Low Risk
CUSTOMER_1248,Rodgers-Ross,Lisa Solis,caustin@molina.com,001-831-822-6202,West Crystalfurt,2026-07-24,Pro,499,3,84.8,0,71.8,82.9,Low Risk
CUSTOMER_1249,Williams-Padilla,Lauren Martinez,jason79@macdonald-simon.net,001-908-443-0921x6061,Lake Dennismouth,2026-03-18,Pro,499,0,79.3,2,58.1,79.1,Low Risk
CUSTOMER_1250,"Johnson, Garner and Davis",Jill Garcia,durandavid@may.com,508.477.8798x4529,Port Cassandra,2025-12-19,Basic,149,0,65.2,0,36.2,67.2,Medium Risk
CUSTOMER_1251,"Goodwin, Case and George",Todd Douglas,julievasquez@white.info,(485)306-2778x423,Lake Patricia,2026-06-12,Pro,499,3,58.8,0,68.9,74.1,Medium Risk
CUSTOMER_1252,"Gill, Silva and Lang",Penny Harris,cindy34@rivas-hernandez.com,(617)389-1671x8476,East Adrianburgh,2025-10-27,Pro,499,1,73.5,2,100.0,91.2,Low Risk
CUSTOMER_1253,Rodriguez Ltd,Ryan Wright,nbrown@thomas.com,001-364-960-0886x95469,North Sarahborough,2025-08-07,Basic,149,1,97.1,2,100.0,98.3,Low Risk
CUSTOMER_1254,Powell-James,Mason Hansen Jr.,chelseabrown@allen.com,001-856-997-5687x533,Sarahmouth,2026-02-02,Basic,149,1,66.6,0,63.1,76.2,Low Risk
CUSTOMER_1255,Downs PLC,Marvin Hull,hwebster@adams.com,781-603-6647x21779,Marquezside,2025-07-24,Pro,499,7,81.7,0,73.1,79.0,Low Risk
CUSTOMER_1256,"Hernandez, Bowers and Pierce",Joseph Dodson,michelle91@nelson-powell.org,481.897.5793,Noahland,2025-12-27,Basic,149,1,72.1,2,45.6,71.7,Medium Risk
CUSTOMER_1257,"Mejia, Bailey and Mack",Jake Smith,matthewbooker@duncan-nguyen.com,681-814-1718x6301,Lake Johnton,2025-09-05,Pro,499,16,14.7,3,21.5,28.4,High Risk
CUSTOMER_1258,Anderson-Atkins,Roger Ayers,susanedwards@hays.com,5649268434,Thompsonfort,2026-03-18,Pro,499,4,64.8,1,58.3,71.3,Medium Risk
CUSTOMER_1259,Davis-Pierce,James Martin,rachel58@spence.net,482-299-2521x53154,Port Daniel,2025-08-27,Basic,149,2,72.5,1,45.6,71.0,Medium Risk
CUSTOMER_1260,Barnes LLC,Harold Bailey,toddhuffman@schmitt.biz,(503)603-3493x45818,East Jessica,2025-11-27,Basic,149,30,28.4,6,30.2,9.8,High Risk
CUSTOMER_1261,"Horne, Gonzales and Williams",David Collins,jesus10@cain.com,851.444.8082x8505,Courtneyfurt,2025-08-29,Basic,149,3,99.6,0,45.8,78.3,Low Risk
CUSTOMER_1262,"Becker, Reed and Riggs",Jacob Jones,allen34@jenkins.com,(820)408-4382x34615,Lake Blakeview,2026-04-05,Pro,499,4,52.1,2,83.4,76.3,Low Risk
CUSTOMER_1263,Hicks Group,Brian Long,qdorsey@phillips.biz,247-804-1719x9244,Reedburgh,2025-11-07,Enterprise,999,12,73.3,0,86.2,76.7,Low Risk
CUSTOMER_1264,Long-Miller,Joshua Smith,alexander23@walters.com,8804422419,New Justinport,2026-02-21,Basic,149,0,52.4,1,76.7,77.6,Low Risk
CUSTOMER_1265,Williams-Parker,Christina Sparks,gallagherjames@ayers-small.com,001-336-298-1317x656,Benitezmouth,2026-01-05,Pro,499,1,61.1,0,86.7,82.8,Low Risk
CUSTOMER_1266,Johnson and Sons,Anthony Thomas,longchristopher@velasquez-hoover.com,928.818.3299x600,Lake Anthonybury,2025-12-16,Enterprise,999,4,68.7,2,76.5,78.9,Low Risk
CUSTOMER_1267,Perez Inc,Edwin Greene,janet96@wade.biz,656-352-6074x1707,Hallton,2025-12-26,Pro,499,3,59.5,0,96.6,84.0,Low Risk
CUSTOMER_1268,Neal Group,Stacey Jordan,timothy30@thompson.biz,216-761-7377x1104,Lake Brendamouth,2025-08-30,Basic,149,3,93.5,2,79.1,88.1,Low Risk
CUSTOMER_1269,Tyler and Sons,Brandon Gordon,seth63@rivera.com,(762)345-1764x339,Vanessaland,2026-05-04,Basic,149,1,87.5,1,63.7,82.7,Low Risk
CUSTOMER_1270,Murray PLC,Angela Gill,jennifer23@martinez.org,966.879.2852x253,Walkershire,2025-10-02,Basic,149,44,11.6,6,17.4,0.0,High Risk
CUSTOMER_1271,Newton-Pierce,Sean Garcia,pwells@good.com,602.532.1101x61795,New Seanside,2026-07-13,Pro,499,1,57.2,1,69.1,75.5,Low Risk
CUSTOMER_1272,"Juarez, Boyd and Hubbard",Mark Frye,thomasjames@lewis-cruz.biz,001-312-244-8173x6159,East Michael,2026-06-01,Pro,499,2,76.5,3,89.6,83.1,Low Risk
CUSTOMER_1273,"Baird, Hayden and Ward",Jennifer Aguilar,ctaylor@werner-ramsey.net,273.778.7376x9185,Sandrahaven,2026-05-13,Basic,149,0,82.0,1,58.9,80.2,Low Risk
CUSTOMER_1274,"Mcclain, Carr and White",Mary Skinner,xjohnson@jenkins.com,001-633-914-1996x63653,North Brian,2026-01-11,Pro,499,2,66.5,0,64.5,75.8,Low Risk
CUSTOMER_1275,Bowers-Logan,Mrs. Sarah Dudley,lcastro@bailey.biz,(355)518-7489,Melissaton,2026-03-12,Basic,149,3,76.8,0,74.2,81.4,Low Risk
CUSTOMER_1276,Carpenter LLC,Patricia Kelly,daviselizabeth@richards.biz,+1-479-716-6840,Port John,2026-06-04,Pro,499,1,74.4,1,61.0,77.8,Low Risk
CUSTOMER_1277,Baker LLC,Mary Ramirez,beverly19@barr-gonzalez.com,661-727-4658x845,Nunezstad,2026-01-05,Pro,499,5,55.1,1,59.6,68.0,Medium Risk
CUSTOMER_1278,"Smith, Gaines and Smith",Mr. Jason Allen Jr.,jrodriguez@walker-graham.com,+1-423-520-1931,South Brandon,2025-07-29,Basic,149,8,58.6,0,70.3,70.2,Medium Risk
CUSTOMER_1279,Mitchell-Arnold,Anthony Pierce,rhodesamanda@reeves-fitzgerald.biz,001-646-347-1309,Lake Janetville,2025-10-19,Basic,149,1,78.9,1,100.0,92.8,Low Risk
CUSTOMER_1280,Holmes-Jenkins,Dennis Todd,shane96@obrien-williamson.com,+1-288-457-9997x8463,Christopherland,2026-02-27,Pro,499,2,70.8,1,69.9,79.0,Low Risk
CUSTOMER_1281,Russell-Fisher,Corey Taylor,guzmanhayden@rogers.biz,869.991.0866x0208,Delgadoberg,2025-11-12,Pro,499,5,85.6,0,83.2,85.4,Low Risk
CUSTOMER_1282,Brooks-Hartman,Jeffrey Bell,gdavis@harmon-johnson.com,(820)884-7538x432,Dawnville,2025-12-23,Basic,149,11,64.5,1,100.0,79.7,Low Risk
CUSTOMER_1283,Craig LLC,Eric Holloway,dana67@wright-allen.com,+1-761-374-0764,Annside,2025-08-20,Basic,149,14,69.7,1,74.3,69.7,Medium Risk
CUSTOMER_1284,"Nguyen, Fernandez and Romero",Joseph Gibson PhD,ronnie76@nunez.com,786.731.1678x5214,Port Margaretchester,2026-07-24,Pro,499,0,82.1,0,53.4,78.3,Low Risk
CUSTOMER_1285,Cain Inc,Sonia Harris,joseph42@lutz-thornton.com,+1-677-983-3845,Rodriguezfurt,2026-03-05,Pro,499,2,52.9,0,84.1,78.6,Low Risk
CUSTOMER_1286,Daugherty-Stone,Devin Cuevas,kristamarshall@hancock-miles.com,001-632-582-4872x91284,East David,2026-07-20,Pro,499,0,73.8,1,64.0,79.5,Low Risk
CUSTOMER_1287,Sullivan-Benson,Daniel Smith,iball@hall.com,+1-306-860-0285,West Emilytown,2025-10-05,Pro,499,3,62.6,2,85.0,80.9,Low Risk
CUSTOMER_1288,Lewis-Cruz,Kayla Pace,danielsroger@jacobson.com,+1-731-894-7759x01643,New Mary,2026-06-26,Pro,499,6,82.6,0,92.3,86.8,Low Risk
CUSTOMER_1289,Miller-Murphy,Kyle Brown,fortiz@mitchell.com,6804255314,Lake Heatherberg,2025-10-31,Basic,149,5,54.9,1,59.5,67.9,Medium Risk
CUSTOMER_1290,Washington Group,Richard Russo,hannah60@sanchez-burns.com,437.810.1716x436,Ronaldmouth,2026-01-28,Basic,149,3,75.8,1,76.0,81.7,Low Risk
CUSTOMER_1291,Weeks-Reynolds,Courtney Shaw,michaelprice@castro.com,906-556-0675x9444,Matthewton,2025-08-09,Basic,149,1,81.7,1,68.1,82.5,Low Risk
CUSTOMER_1292,"Zimmerman, Wong and Cruz",Lisa Thomas,stewartaustin@gray-harris.info,001-725-478-6456,Port Erik,2025-10-30,Basic,149,0,88.0,0,100.0,96.4,Low Risk
CUSTOMER_1293,Huber PLC,Elizabeth Ward,pnguyen@chapman.com,544.960.3004,Troystad,2025-09-25,Pro,499,5,59.8,2,41.2,63.0,Medium Risk
CUSTOMER_1294,Wright-Washington,Nina Montes,johnwright@waters-daugherty.org,001-217-498-7982x4189,North Charles,2026-06-26,Pro,499,1,50.6,3,75.7,71.3,Medium Risk
CUSTOMER_1295,Armstrong-Stewart,Emily Stephens,shawnmiller@farmer-walker.info,810.548.7031x149,Amandaberg,2025-09-08,Pro,499,12,15.4,4,30.2,30.7,High Risk
CUSTOMER_1296,Craig Ltd,Leslie Woods,owalters@york-terry.com,(388)997-9088,New Kellyburgh,2026-07-19,Basic,149,2,73.6,1,59.9,76.3,Low Risk
CUSTOMER_1297,"Potter, Rodriguez and Wallace",Diana Leon,progers@hodges.com,352-246-6124x54102,Munozville,2026-04-25,Pro,499,1,77.4,0,80.6,85.6,Low Risk
CUSTOMER_1298,Bailey-Hill,Joseph Woods,roachdavid@lozano.info,622.462.5994x8677,Fergusonburgh,2026-06-07,Basic,149,7,41.9,2,90.4,73.1,Medium Risk
CUSTOMER_1299,Adams-Burgess,Brenda Cantu,jennifer83@cooper.biz,382.695.9564x154,Williamstad,2026-02-09,Basic,149,2,47.8,0,81.1,76.0,Low Risk
CUSTOMER_1300,"Mendoza, Ryan and Frazier",Taylor Brown,tiffanylawrence@morris-patterson.com,459-424-3442x88444,Westville,2025-12-15,Basic,149,4,51.6,0,71.1,71.9,Medium Risk
CUSTOMER_1301,"May, Smith and Rodriguez",Diana Walker,nicholsangela@martinez.com,306-362-7369,Josephville,2026-03-13,Basic,149,1,83.1,3,73.2,80.2,Low Risk
CUSTOMER_1302,"Patterson, Ward and Ray",Micheal Mccoy,jennifer29@garza-meyer.com,5965030923,Port Belindamouth,2026-04-23,Basic,149,15,90.1,0,99.1,83.6,Low Risk
CUSTOMER_1303,"Watson, Dixon and Cantu",Julie Walker,singhmelanie@taylor-grant.com,925.985.1558,Michaeltown,2025-08-26,Basic,149,7,91.9,0,68.9,80.6,Low Risk
CUSTOMER_1304,"Smith, Gordon and Meyer",Brenda Larson,michele90@zhang.com,775-848-8699,Lake Johnton,2026-07-21,Pro,499,23,25.4,6,35.0,16.7,High Risk
CUSTOMER_1305,Robles-Reed,Leslie Robinson,rangelwilliam@green.com,(485)785-5652x969,Lake Jason,2025-11-20,Pro,499,19,27.3,8,44.8,15.2,High Risk
CUSTOMER_1306,"Lewis, Lopez and Ferguson",Shane Gonzalez,hharrison@chase.com,449-244-1156x583,Shelbymouth,2025-10-03,Pro,499,0,50.9,1,83.3,79.4,Low Risk
CUSTOMER_1307,"Skinner, Preston and Thomas",Rebecca Larson,douglaswood@alvarez.com,+1-627-806-7653x19737,West James,2026-01-07,Basic,149,16,76.3,1,93.4,76.6,Low Risk
CUSTOMER_1308,Murray and Sons,Courtney Rivera,moralesronald@blackwell.com,259-863-1220x4187,Port Melissa,2025-08-23,Basic,149,2,88.1,0,86.9,90.1,Low Risk
CUSTOMER_1309,Lutz-Barrett,Mr. Thomas Smith DVM,mary03@jackson-tran.com,(249)215-3272x267,South Angela,2026-05-19,Pro,499,1,63.7,0,54.5,72.3,Medium Risk
CUSTOMER_1310,"Olson, Wise and Medina",Marc Young,ybauer@johnson-taylor.com,510.216.5159x1894,Hannahberg,2025-11-26,Basic,149,4,55.0,1,37.7,61.2,Medium Risk
CUSTOMER_1311,Duran Ltd,Kevin Clark,patricia97@reyes.org,+1-319-928-1670x770,South Benjaminport,2025-11-03,Basic,149,0,74.2,2,77.1,84.2,Low Risk
CUSTOMER_1312,Cunningham Ltd,Erica Barnett,lisa84@crawford.com,603.827.4486x591,Morgantown,2025-10-12,Basic,149,1,67.9,2,98.1,88.8,Low Risk
CUSTOMER_1313,Stephens-Kirk,Scott Frazier,codysalazar@moran.net,441.539.0611,Haydenchester,2025-12-27,Basic,149,2,53.4,1,50.6,67.0,Medium Risk
CUSTOMER_1314,Robinson Inc,George Hernandez,brian97@pierce.net,(298)638-5521x98493,Markbury,2026-02-01,Enterprise,999,8,90.9,0,73.4,81.0,Low Risk
CUSTOMER_1315,Brewer-Davies,Michelle Gonzalez,kevinschwartz@lawson-harris.com,001-261-928-3508x103,Port Emily,2025-12-21,Basic,149,5,68.2,2,62.9,73.1,Medium Risk
CUSTOMER_1316,Hill Group,Jessica Roberts,lisa48@soto.com,6388770877,Lake Margaret,2026-06-13,Pro,499,0,59.3,1,80.7,81.0,Low Risk
CUSTOMER_1317,Smith-Reyes,Gregory Sanchez,qmorgan@davis-hill.biz,860-491-9112,Lake Robertmouth,2026-04-05,Pro,499,1,55.1,0,80.0,78.7,Low Risk
CUSTOMER_1318,Wood-Mckenzie,Erik Tyler,brooke60@williams-diaz.com,+1-734-396-5302x348,Rachelborough,2026-06-17,Basic,149,5,75.7,0,50.3,70.9,Medium Risk
CUSTOMER_1319,Joseph-Villanueva,Christian Walsh,morasusan@cox.com,665.264.3654x44958,Ortegashire,2026-04-09,Basic,149,4,86.5,0,84.8,87.1,Low Risk
CUSTOMER_1320,Elliott PLC,Stephanie Martinez,joselawson@ball.org,+1-642-950-4324,Brownborough,2026-01-15,Basic,149,3,59.7,1,79.4,78.1,Low Risk
CUSTOMER_1321,"Petersen, Schwartz and Nunez",Ashley Torres,denise30@duarte-harrison.com,+1-728-783-8116,Ericland,2025-11-22,Basic,149,4,69.8,2,84.5,82.0,Low Risk
CUSTOMER_1322,"Whitaker, Henderson and Tran",Deborah Hill,megan15@rose.com,502-908-4274,Phillipport,2025-08-11,Enterprise,999,3,78.5,1,65.7,78.9,Low Risk
CUSTOMER_1323,Graves-Huff,Raymond Joseph,melinda68@franco.com,(248)936-9417,North Laurastad,2025-07-31,Pro,499,13,72.9,1,76.5,72.3,Medium Risk
CUSTOMER_1324,"Hall, Montoya and Guzman",Christopher Melton,parkjoseph@serrano-livingston.biz,404-933-6806x1530,Michaelside,2026-04-05,Basic,149,1,55.5,2,69.6,75.1,Low Risk
CUSTOMER_1325,Franklin-Lewis,Steven Jackson,curtis50@knight.com,(788)974-2405,North Dawnview,2026-05-18,Basic,149,4,64.7,0,40.3,65.0,Medium Risk
CUSTOMER_1326,Powers-Daniel,Kathleen Fox,anthony04@burns.com,(595)226-5030x0190,Miguelburgh,2025-08-07,Enterprise,999,0,89.4,1,79.8,89.8,Low Risk
CUSTOMER_1327,Pittman and Sons,Vanessa Smith,badams@weber.com,+1-999-790-3411x257,Lake Sean,2025-08-31,Basic,149,8,57.2,3,76.0,67.3,Medium Risk
CUSTOMER_1328,"Marks, Peters and Roberts",Stephanie Castro,shannonvelasquez@johnson-foster.info,001-349-925-4667x22593,Stacyburgh,2025-09-25,Basic,149,1,75.2,0,72.2,82.0,Low Risk
CUSTOMER_1329,Brooks-Bell,Melissa Wood,mitchellperez@lynch-riley.com,3548436553,West Jenniferside,2025-07-31,Basic,149,0,34.5,4,100.0,71.4,Medium Risk
CUSTOMER_1330,Green-Bryant,Joseph Garza,mking@nolan.com,(655)631-6456x552,West Joseph,2026-07-01,Enterprise,999,1,71.3,0,66.2,78.7,Low Risk
CUSTOMER_1331,"Williams, Bennett and Wade",Tracy Robinson,bwilliams@leblanc-martin.biz,212.861.3177x61989,North Jamesshire,2025-11-24,Basic,149,3,40.9,0,89.9,76.1,Low Risk
CUSTOMER_1332,James and Sons,Anthony Campbell,acervantes@franklin.biz,+1-526-660-3536x2968,West Jasonside,2026-02-23,Pro,499,9,50.7,2,59.1,63.0,Medium Risk
CUSTOMER_1333,"Gallagher, Reyes and Taylor",Shannon Herman,apace@stark.com,9767844977,West Joshuatown,2026-02-13,Basic,149,1,71.9,1,78.3,83.1,Low Risk
CUSTOMER_1334,"Nguyen, Walker and Carter",Gina Lopez,wilsongina@clark.org,988.217.7283x6799,South Davidland,2025-09-11,Enterprise,999,5,76.2,0,63.0,75.5,Low Risk
CUSTOMER_1335,Green-Garza,Manuel Perez,eric82@lambert.com,7995502228,Floresberg,2026-05-08,Basic,149,8,100.0,0,79.5,85.8,Low Risk
CUSTOMER_1336,Craig Inc,Kristen Thomas,catherine03@krause.org,(899)829-7623x8785,Marshallhaven,2025-08-12,Pro,499,2,50.8,1,96.5,82.3,Low Risk
CUSTOMER_1337,Peterson LLC,Bethany Webster,johnbennett@nelson.info,+1-569-349-7963x779,East James,2026-06-21,Basic,149,2,74.1,0,84.7,85.1,Low Risk
CUSTOMER_1338,Smith LLC,Jennifer Nelson,williamscaitlin@burgess-davis.com,374.365.4775,Waltersmouth,2025-09-20,Enterprise,999,9,59.4,1,81.7,73.5,Medium Risk
CUSTOMER_1339,"Sanders, Mays and Carter",Brenda Gonzalez,stewartdean@smith.com,(347)598-1891,Powelltown,2026-02-02,Enterprise,999,2,64.5,1,74.4,78.6,Low Risk
CUSTOMER_1340,Davis-Drake,Dr. Nancy Walsh,tracyanderson@mccarthy.org,(786)901-7798,Amytown,2026-02-04,Enterprise,999,1,74.8,0,82.4,85.4,Low Risk
CUSTOMER_1341,"Acosta, Richmond and Schneider",Stephanie Mcclain,christina90@hopkins.org,+1-692-558-2567,New Benjaminview,2025-12-30,Basic,149,0,60.4,2,69.3,77.4,Low Risk
CUSTOMER_1342,Brown-Smith,Leslie Petersen,christopher41@gray.net,(404)368-4731x580,Lake Richardburgh,2026-06-17,Basic,149,0,66.8,0,63.5,77.3,Low Risk
CUSTOMER_1343,Perez LLC,Sara Maxwell DDS,kimbeck@bowers-howard.com,205.762.3888x236,East Karen,2025-08-06,Basic,149,4,62.9,2,68.1,74.2,Medium Risk
CUSTOMER_1344,Jackson and Sons,Linda Martin,gbradford@williams-diaz.com,559-508-3774,Andersonshire,2025-08-06,Basic,149,5,63.8,1,59.6,70.6,Medium Risk
CUSTOMER_1345,Taylor-Cain,Eric Bentley,moorerachel@davis-walter.biz,716.342.9902,Lake Elizabeth,2026-05-15,Enterprise,999,5,59.7,1,64.6,71.1,Medium Risk
CUSTOMER_1346,"Wilson, Garcia and White",Nancy Wilson,nortongregory@mathews.com,(887)928-3060,New Thomas,2026-03-25,Basic,149,3,67.5,1,71.2,77.5,Low Risk
CUSTOMER_1347,Clements Group,Nicole Wall,bmartinez@miller.com,(831)544-5986,Lake Karenfort,2026-02-10,Basic,149,0,100.0,0,80.7,93.2,Low Risk
CUSTOMER_1348,Dixon-Meyer,Matthew Salazar,isaiah61@howard.com,741.694.8510x55625,Butlerport,2025-08-10,Basic,149,1,68.9,1,68.9,78.9,Low Risk
CUSTOMER_1349,"Johnston, Davis and Haney",Amanda Baker,patriciasimmons@welch-hill.com,252.632.9404x4510,Frederickmouth,2025-11-05,Basic,149,5,84.9,1,72.0,81.3,Low Risk
CUSTOMER_1350,"Johnson, Duarte and Butler",Rebecca Proctor,christophercooper@goodwin.org,747-554-0487x9156,Kristinafurt,2026-07-07,Basic,149,17,5.0,9,33.4,1.8,High Risk
CUSTOMER_1351,"Foster, Brown and Norton",Sabrina Horne,brian59@lewis.org,+1-852-665-7219x810,West Dalefort,2025-09-16,Pro,499,10,96.1,0,65.5,78.0,Low Risk
CUSTOMER_1352,Wood-Torres,Kimberly Delgado,matthewhampton@heath.com,224.810.8887x308,South Gregory,2026-06-03,Basic,149,6,64.2,2,79.6,76.9,Low Risk
CUSTOMER_1353,Fitzgerald Ltd,William Ellison,laura56@burns.com,566-291-6138,Lauraburgh,2025-09-25,Basic,149,10,63.8,3,71.6,65.9,Medium Risk
CUSTOMER_1354,Hernandez-Roberts,Margaret Owens,marcus18@mckay.com,001-892-924-2622x5744,North Samuel,2026-06-03,Basic,149,4,65.3,2,68.1,74.9,Medium Risk
CUSTOMER_1355,Johnson-Richardson,Brandon Salazar,ericbishop@atkins-martin.com,3523131961,South Amanda,2025-07-27,Basic,149,30,30.7,3,22.1,21.2,High Risk
CUSTOMER_1356,Hanson-Garza,Michael Pratt,gwolf@malone.com,263-810-8023x096,West Stephanietown,2025-10-08,Basic,149,24,25.5,6,10.0,7.1,High Risk
CUSTOMER_1357,Morrison Ltd,Cheryl Shah,millerashley@may-stein.com,546.973.8312,South Zachary,2026-02-28,Basic,149,2,83.6,1,93.9,91.2,Low Risk
CUSTOMER_1358,Carpenter LLC,Katherine Rodriguez,jcoleman@fisher.com,+1-387-422-2257,South Jessicaberg,2026-05-08,Basic,149,0,57.3,0,62.7,74.1,Medium Risk
CUSTOMER_1359,Atkins-Torres,Eric Miller,frederickjaime@jones.biz,721-709-8416x46558,Deannaport,2025-08-25,Enterprise,999,0,75.2,2,89.4,88.8,Low Risk
CUSTOMER_1360,"Robles, Lowe and Roy",Lisa Larson,lorimartin@hodges-smith.com,267-349-6572,Sarahburgh,2026-01-30,Pro,499,3,67.1,0,79.7,80.4,Low Risk
CUSTOMER_1361,Montes-Ramos,Kristen Horton,justinlee@garcia.org,893-286-6906,North Austin,2026-04-03,Basic,149,37,9.4,6,24.5,0.0,High Risk
CUSTOMER_1362,Gonzalez-Frye,Denise Green,john07@sandoval-wheeler.org,825-897-3696,New Nicole,2025-11-28,Pro,499,2,82.3,1,70.1,82.5,Low Risk
CUSTOMER_1363,Walton-Sullivan,Savannah White,ncook@robinson.net,674-879-8287x3072,Monicaton,2025-08-16,Pro,499,2,84.6,0,64.8,81.3,Low Risk
CUSTOMER_1364,Green Ltd,Patrick Flores,janetwheeler@sutton.com,+1-913-932-8719,West Angelaville,2025-08-04,Basic,149,25,20.6,4,35.3,22.7,High Risk
CUSTOMER_1365,"Morse, Baker and Turner",Judy Green,huntjeffrey@ryan.org,001-251-295-8960x50517,East Rogermouth,2025-08-19,Basic,149,6,46.8,0,67.6,67.4,Medium Risk
CUSTOMER_1366,Davidson PLC,Haley Zuniga,harristammy@ramirez.com,001-920-752-6977x0945,Port Ryan,2026-05-19,Pro,499,0,60.0,0,83.9,82.4,Low Risk
CUSTOMER_1367,Arnold-Tyler,Brett Novak,elizabeth59@irwin.com,001-968-236-8169,New Misty,2026-06-24,Pro,499,30,13.5,12,17.2,0.0,High Risk
CUSTOMER_1368,Garcia Group,Courtney Banks,maurice91@taylor.com,747.926.2606x31691,Brianport,2026-06-11,Basic,149,1,50.6,2,64.6,71.9,Medium Risk
CUSTOMER_1369,Hart-Medina,Russell Espinoza,laura84@sanchez.com,556-630-0122,Joelport,2026-02-03,Basic,149,0,80.0,0,63.9,81.4,Low Risk
CUSTOMER_1370,"Wright, Evans and Reynolds",Paul Joseph,huntwhitney@pineda-sanders.com,643-355-2146,New Amandaside,2026-02-09,Basic,149,0,90.5,0,66.6,85.5,Low Risk
CUSTOMER_1371,"Gallagher, Davis and Mitchell",Kevin Taylor,vrobinson@maddox.com,679-638-8269,West Theodore,2026-05-21,Pro,499,0,80.3,2,86.5,89.4,Low Risk
CUSTOMER_1372,Colon-Walsh,Alyssa Rogers,wwalters@henderson.com,+1-562-852-9176x20998,South John,2026-06-20,Enterprise,999,2,81.5,0,75.4,84.1,Low Risk
CUSTOMER_1373,"Wu, Richards and Boyd",Max Hines,mmendoza@king.biz,+1-396-794-9489x3664,Jodiborough,2026-05-30,Basic,149,0,90.8,1,84.6,91.8,Low Risk
CUSTOMER_1374,Wade Group,Cory Bennett,tiffanyallen@davila.com,001-551-299-3502x14669,South Katherine,2025-11-04,Pro,499,0,47.4,1,80.2,77.3,Low Risk
CUSTOMER_1375,Meyers Ltd,Cheryl Jones,aluna@garcia.biz,+1-800-845-0540,Benjaminport,2026-03-22,Pro,499,1,59.1,1,100.0,86.9,Low Risk
CUSTOMER_1376,Harrison LLC,Tina Williams,montoyarachel@campbell.com,+1-936-421-7021x534,West Christine,2026-05-02,Basic,149,4,79.4,0,100.0,90.3,Low Risk
CUSTOMER_1377,Fisher and Sons,Michael Franklin,newmananita@rojas.com,956-897-8761x087,Frazierside,2025-08-28,Basic,149,1,68.4,1,73.0,80.2,Low Risk
CUSTOMER_1378,Hernandez-Porter,Patrick Reynolds,dawnharvey@chavez-roberts.com,+1-642-308-3156,Gutierrezville,2026-03-01,Basic,149,1,62.0,0,92.6,85.1,Low Risk
CUSTOMER_1379,Guzman-Guerra,Robert Myers,jonesjason@bridges.com,001-612-562-2726,Fergusonchester,2026-04-01,Basic,149,25,18.6,11,44.1,0.0,High Risk
CUSTOMER_1380,Olson PLC,Lori Matthews,jacobking@jacobs.net,6447502877,Tracyberg,2026-01-27,Enterprise,999,0,94.7,0,67.1,86.9,Low Risk
CUSTOMER_1381,Brown Group,Nicholas Warren,jose02@gonzalez.com,(525)678-1034x284,Campbellview,2026-04-20,Basic,149,4,78.1,1,76.0,81.5,Low Risk
CUSTOMER_1382,Williams and Sons,Robert Cook,dickersonkimberly@stevens.com,486.535.1054,West Brianfurt,2026-03-10,Enterprise,999,28,28.6,8,41.1,6.5,High Risk
CUSTOMER_1383,Ellis-Hardy,Mr. William Hardy,jamiebarber@neal.com,001-591-948-8154x811,Fergusonville,2025-11-25,Basic,149,3,76.9,0,72.5,80.8,Low Risk
CUSTOMER_1384,Woods PLC,Michael Sharp,anthony26@moreno.com,001-661-317-0001x421,New Ryanfort,2026-02-17,Basic,149,6,55.6,2,84.3,75.9,Low Risk
CUSTOMER_1385,Rivera PLC,Jessica Perry,lindsey20@king-torres.com,(400)365-0368x402,Hannahshire,2026-06-30,Enterprise,999,3,91.0,2,78.7,87.2,Low Risk
CUSTOMER_1386,"Walton, Shepherd and Bird",Tamara Perry,gpena@johnson.com,718-985-8520x19813,East Cristian,2026-02-07,Basic,149,0,77.0,2,89.4,89.4,Low Risk
CUSTOMER_1387,Johnson Inc,Daniel Mora,ddavis@mejia.com,001-399-942-1123x3717,West Kimberlyville,2026-04-21,Basic,149,9,69.0,1,69.8,72.3,Medium Risk
CUSTOMER_1388,"Martin, Miller and Moyer",Hector Perry,melissaaguilar@walton.com,(881)600-4874,Lewistown,2026-06-27,Enterprise,999,4,77.0,1,75.0,80.8,Low Risk
CUSTOMER_1389,Perez Group,Lawrence Small,greenjim@wood.com,675-885-5975x890,Jonesshire,2025-08-02,Basic,149,0,56.1,3,99.1,82.0,Low Risk
CUSTOMER_1390,"Wood, Hawkins and Walker",Louis Duran,zmitchell@holland-miller.biz,391-550-5936x928,North Derekburgh,2025-09-04,Basic,149,4,99.0,0,54.0,80.1,Low Risk
CUSTOMER_1391,Jackson-Ellis,Margaret Cruz,esmith@lang.net,519.694.1137x91943,Port Patriciaburgh,2025-10-07,Enterprise,999,1,70.8,0,90.4,87.0,Low Risk
CUSTOMER_1392,Cruz-Cooper,Bobby Johns,whiteeric@hendricks.com,(429)921-6951x22493,Sawyerstad,2026-04-27,Basic,149,7,61.6,1,89.6,78.7,Low Risk
CUSTOMER_1393,Gonzalez Group,Tracy Mata,williamsgina@wilson.com,(351)898-4791,Harrismouth,2025-11-25,Pro,499,9,13.0,6,17.1,19.0,High Risk
CUSTOMER_1394,Patterson-Wright,Mr. Jason Jackson,michelle80@roman-beasley.com,001-234-393-5371x23123,West Kelly,2026-04-01,Enterprise,999,4,70.1,0,72.8,78.0,Low Risk
CUSTOMER_1395,Schneider-Taylor,Jennifer Douglas,brandonryan@rosales.net,648-248-3866,East Jamieside,2026-04-02,Basic,149,4,72.6,1,100.0,88.3,Low Risk
CUSTOMER_1396,Bowers-Harris,Michelle Lopez,rstokes@blevins-goodman.info,+1-936-537-3933x2211,Bushchester,2026-03-21,Enterprise,999,8,89.7,0,83.5,84.1,Low Risk
CUSTOMER_1397,Mays Inc,Alyssa Rodriguez,uholder@henderson-moore.net,590.309.8979,East Wendy,2026-06-04,Basic,149,9,88.9,1,73.2,79.4,Low Risk
CUSTOMER_1398,"Hunter, Gill and Leonard",Caleb Snyder,urobertson@pham.info,287.730.8554,West Sophia,2025-10-28,Basic,149,20,67.9,1,63.7,60.2,Medium Risk
CUSTOMER_1399,Gordon Group,Sheila Gardner,caleb91@phillips-johnson.info,001-923-301-6972x3339,East Jeanettemouth,2026-03-05,Pro,499,2,88.9,0,69.5,84.2,Low Risk
CUSTOMER_1400,Jackson-Garcia,Katherine Shelton,jasonmiddleton@frye.com,675.452.1918x0565,Lake Ashley,2025-11-05,Pro,499,33,23.5,10,29.0,0.0,High Risk
CUSTOMER_1401,Jones Ltd,Robert Newman,courtneylester@baker.net,(258)250-6642x81527,Rhondaview,2026-01-01,Basic,149,3,59.3,0,81.8,78.8,Low Risk
CUSTOMER_1402,Powell Inc,Diana Brown,ronald34@frye.biz,848-722-9085x95280,West Tonymouth,2025-12-23,Pro,499,36,15.8,5,20.7,2.0,High Risk
CUSTOMER_1403,Mccoy-Peters,Kristy Bailey,chad69@kelly.com,001-457-804-3947,Andersonstad,2025-10-07,Enterprise,999,0,72.6,0,61.8,78.4,Low Risk
CUSTOMER_1404,Jackson-Davidson,Jerry Hart,wsanchez@jackson.org,001-200-324-4626x6597,Charleston,2026-07-05,Basic,149,0,81.2,1,77.3,86.4,Low Risk
CUSTOMER_1405,Hicks and Sons,Amanda Lopez,qlong@chandler.info,976.702.9240x8432,Montgomeryshire,2025-09-10,Basic,149,0,54.9,0,64.2,73.9,Medium Risk
CUSTOMER_1406,"Klein, Diaz and Mccormick",Caroline Cunningham,dylancrawford@garcia.com,327.363.6168x226,East Zacharyfort,2026-07-05,Pro,499,3,64.8,0,61.9,73.5,Medium Risk
CUSTOMER_1407,"Wagner, Gutierrez and Hull",Makayla Larson,theresamendoza@moore.com,001-473-861-7511,Christophershire,2025-09-02,Basic,149,2,90.8,1,82.6,89.4,Low Risk
CUSTOMER_1408,"Pollard, Johnson and Delgado",Gregory Butler,qgardner@munoz.com,+1-308-325-9453,Wilsonshire,2026-03-16,Basic,149,9,80.3,0,75.7,77.7,Low Risk
CUSTOMER_1409,"Vega, Haas and Smith",Gordon Luna,rgraham@austin-norris.com,+1-556-967-7953,Ambertown,2025-12-18,Basic,149,6,82.2,2,79.0,82.1,Low Risk
CUSTOMER_1410,Arnold-Jacobs,Henry Mendez,bwatkins@rios.com,001-611-441-2587x1901,Michaelmouth,2026-06-01,Pro,499,1,77.8,0,69.5,81.8,Low Risk
CUSTOMER_1411,Watson Inc,Gabrielle Haynes,simssusan@cruz-myers.com,(399)886-8867x355,Elliottfort,2026-01-12,Enterprise,999,12,73.9,0,63.3,68.8,Medium Risk
CUSTOMER_1412,Bennett Group,Joyce Frye,danielle05@robinson.com,+1-264-255-5554x90476,Brettchester,2025-09-05,Pro,499,7,57.5,2,61.7,67.7,Medium Risk
CUSTOMER_1413,"Howell, Walter and Berg",Douglas Tate,dan84@marshall.com,986.584.2991x029,North Brittney,2026-04-27,Pro,499,0,51.2,0,76.3,77.1,Low Risk
CUSTOMER_1414,Smith-Garcia,Michael Roberts,lambertashley@hall.com,001-706-812-2175x643,Mcdanielfort,2026-03-03,Pro,499,0,59.4,0,91.2,84.7,Low Risk
CUSTOMER_1415,Smith-Valentine,Juan Lopez,billy84@vang.com,(955)985-1305,West Christopher,2025-10-29,Basic,149,0,73.6,2,79.2,84.8,Low Risk
CUSTOMER_1416,"Fisher, Martinez and Boyd",Brent Clark,wilsonrebecca@richard-hill.biz,(907)536-0698x2205,South Mary,2026-07-04,Basic,149,6,52.7,1,67.5,69.2,Medium Risk
CUSTOMER_1417,Sutton-Barajas,Samantha Steele,taylorrebecca@dalton.com,236-429-2471x370,Nguyenville,2026-02-06,Pro,499,5,100.0,1,64.5,83.2,Low Risk
CUSTOMER_1418,Pena-Williamson,Michelle Thompson,vshah@snyder-sullivan.org,371-367-9020x76275,Russellview,2026-04-10,Pro,499,1,88.0,1,67.9,84.3,Low Risk
CUSTOMER_1419,Rojas-Fields,Linda Reed,steven21@holloway-choi.com,7637508180,Mayofurt,2025-08-26,Basic,149,17,73.3,2,83.4,71.3,Medium Risk
CUSTOMER_1420,Cox PLC,Jamie Smith,smorales@smith.net,573.825.3719,Watkinsfort,2026-01-21,Basic,149,1,97.0,2,73.3,88.9,Low Risk
CUSTOMER_1421,Ward and Sons,Caitlyn Lara,susanellis@orozco.info,+1-948-884-7934x9763,North Andrew,2025-09-24,Basic,149,0,85.9,1,100.0,95.8,Low Risk
CUSTOMER_1422,Mcneil-Bryant,Brooke Pierce,popecharles@park.info,+1-373-612-1253x452,Port Stacey,2025-09-09,Pro,499,1,70.4,2,78.4,82.7,Low Risk
CUSTOMER_1423,Lambert-Martin,Melissa Hooper,gilltracy@jacobs-chapman.com,3882353494,South Carlos,2025-08-30,Basic,149,0,82.0,0,77.3,86.7,Low Risk
CUSTOMER_1424,"Ortega, Rivas and Fisher",Janet Kirby,hugheskathleen@yates-medina.com,(759)940-1593,New Christopher,2025-08-10,Pro,499,4,55.2,1,82.0,76.8,Low Risk
CUSTOMER_1425,"Lyons, Pham and Rose",Jeffrey Smith,romanjoann@wright-barnes.com,5574226921,Katrinatown,2025-10-11,Basic,149,4,82.5,1,59.2,77.0,Low Risk
CUSTOMER_1426,"Waters, Smith and Norris",Victoria Brooks,samantha31@hutchinson.com,(242)540-0646x990,Maryland,2025-12-02,Basic,149,4,50.9,1,67.2,70.3,Medium Risk
CUSTOMER_1427,"James, Mccall and Smith",John Warren,brownmaria@farmer-johnson.net,602.725.8509,West Julie,2025-09-02,Basic,149,0,79.9,0,70.1,83.5,Low Risk
CUSTOMER_1428,Blair-Avila,Pamela Watkins,usmith@garner.com,(538)680-3108x377,Jacobsonburgh,2025-10-26,Basic,149,4,74.2,0,77.5,80.9,Low Risk
CUSTOMER_1429,"Roberts, Shaw and Allen",Karen Smith,osmith@williams.com,001-482-286-9609x38990,Timothystad,2026-04-07,Enterprise,999,0,57.2,4,63.8,65.5,Medium Risk
CUSTOMER_1430,"Khan, Vasquez and Clark",Kimberly Young,emckinney@holmes.net,(647)784-2076x123,Youngstad,2026-03-06,Basic,149,9,67.0,0,86.0,77.3,Low Risk
CUSTOMER_1431,"Arroyo, Thompson and Morgan",Kelly Gonzalez,michaelwu@meza.com,(390)328-6017x32693,Figueroamouth,2026-01-26,Pro,499,5,68.8,0,90.9,83.1,Low Risk
CUSTOMER_1432,Hines LLC,David Weeks,taylor54@cervantes.com,700-390-7862x35875,Port Melvinstad,2026-04-27,Pro,499,1,70.9,1,57.8,75.6,Low Risk
CUSTOMER_1433,Wallace-Peterson,Catherine Nichols,elizabethbradley@nelson.info,001-275-500-3110x1395,Abigailbury,2026-05-19,Pro,499,0,56.2,0,59.6,72.7,Medium Risk
CUSTOMER_1434,"Smith, Wilson and Berger",David Wells,arhodes@howe-hall.com,+1-956-828-1362x47361,Katelynstad,2026-05-21,Pro,499,6,85.4,1,61.7,77.0,Low Risk
CUSTOMER_1435,Santos and Sons,Denise Lee,maylarry@cross.org,(777)852-1307x931,Matthewland,2026-01-01,Basic,149,43,20.6,8,10.0,0.0,High Risk
CUSTOMER_1436,"Avila, Lee and Owens",Alexis Wilkerson,christophermarshall@dixon.biz,222.893.2811x9293,Christinaville,2025-11-21,Pro,499,4,65.5,1,87.3,81.7,Low Risk
CUSTOMER_1437,Harvey-Jimenez,Jill Thompson,matthew38@jones.com,615-272-6680x398,Austinbury,2026-01-03,Basic,149,1,50.3,1,58.0,69.5,Medium Risk
CUSTOMER_1438,Brock Group,Terry Roman,fkennedy@hess-lopez.com,436-260-5490,East Clintonland,2026-02-08,Basic,149,8,43.1,1,94.0,73.8,Medium Risk
CUSTOMER_1439,"English, Klein and Moreno",Deborah Stewart,courtney04@moss.info,9452372822,Port Steven,2026-05-09,Basic,149,5,59.7,3,65.7,67.0,Medium Risk
CUSTOMER_1440,Farrell PLC,Stephanie Anderson,youngian@collier-frazier.com,(470)402-9164,North Heather,2026-04-05,Enterprise,999,36,34.4,6,26.1,5.0,High Risk
CUSTOMER_1441,"Garcia, Adkins and White",Eric Coffey,brittneymiller@chapman.biz,5272850768,Jonesberg,2025-07-29,Basic,149,33,5.0,5,17.1,0.1,High Risk
CUSTOMER_1442,"Phillips, Rodriguez and Moore",Barry Lee,lucas81@carter-yang.org,(297)640-8748,Hunttown,2026-03-05,Basic,149,6,80.5,1,77.1,80.9,Low Risk
CUSTOMER_1443,Davis Ltd,Kevin Ingram,andrealawrence@ortiz.biz,001-851-205-8132,Johnfort,2026-02-21,Basic,149,3,64.2,1,64.4,74.2,Medium Risk
CUSTOMER_1444,Young Ltd,Kevin Lawson,parkersavannah@carr.biz,357.626.6459x2102,Paulfurt,2025-09-03,Basic,149,6,68.2,2,64.8,72.9,Medium Risk
CUSTOMER_1445,"Jones, Williams and Norris",Jessica Wilson,hcooper@tran.com,260.971.6504x3799,Lisaborough,2025-10-11,Pro,499,5,80.2,1,77.1,81.7,Low Risk
CUSTOMER_1446,Valencia-Castro,Robert Villa,derekking@rodriguez-buchanan.info,+1-646-511-2139x0854,Katherinehaven,2025-09-30,Basic,149,18,5.0,4,30.3,22.4,High Risk
CUSTOMER_1447,Jimenez-Mcdaniel,Janice Price,dustinarnold@white.net,7432626426,New Evanstad,2026-05-11,Pro,499,2,56.4,1,72.4,75.5,Low Risk
CUSTOMER_1448,Jackson-Miller,Amy Wells,anthony41@schultz.biz,001-376-370-7523x453,Michaelhaven,2025-10-28,Enterprise,999,7,86.1,1,84.3,84.2,Low Risk
CUSTOMER_1449,"Greer, Washington and James",John Freeman,tmoore@howard.biz,(417)917-3766x855,Kelleyside,2026-06-23,Pro,499,1,33.3,2,63.2,66.2,Medium Risk
CUSTOMER_1450,Nelson-Park,James Hill,jonathanwatson@calderon.biz,5429075842,East Andres,2026-02-05,Pro,499,9,61.7,2,58.2,66.0,Medium Risk
CUSTOMER_1451,"Hernandez, Smith and Montgomery",Beth Allen,xspears@ward.biz,+1-443-308-6762,Micheleville,2026-01-31,Pro,499,2,75.2,1,93.6,88.6,Low Risk
CUSTOMER_1452,"Barr, Berger and Bentley",Autumn Alexander,vtodd@ramsey-sullivan.com,478.540.5658,Michealfurt,2026-07-24,Enterprise,999,9,58.7,1,81.6,73.3,Medium Risk
CUSTOMER_1453,Wong LLC,Carl Guerrero,selenalambert@carlson-hays.com,+1-783-981-5406,Patriciachester,2026-05-31,Pro,499,1,93.7,1,86.0,92.3,Low Risk
CUSTOMER_1454,Jackson and Sons,Jennifer Martin,erindelgado@lang-orr.com,001-891-402-8135x070,Lake Holly,2025-10-13,Pro,499,1,75.1,0,69.4,80.9,Low Risk
CUSTOMER_1455,Stone and Sons,Eric Stevens,kathy00@west.org,(211)819-3960,South Brianton,2025-10-30,Basic,149,2,74.1,2,68.6,79.5,Low Risk
CUSTOMER_1456,"Mcdonald, Barnett and Boyle",Shane Hale,ayersjeanne@myers.com,001-505-736-9350x541,Michaelchester,2026-04-17,Enterprise,999,50,12.7,11,28.1,0.0,High Risk
CUSTOMER_1457,"Thomas, Nelson and Norris",Matthew Miller,derekharris@herring.com,721-769-5725x42349,Port Michaelton,2025-10-25,Basic,149,16,92.5,2,61.6,70.3,Medium Risk
CUSTOMER_1458,"Davis, Klein and Smith",Michael Harrington,dana03@carr-hood.com,(295)792-2102x358,Alexandertown,2026-07-16,Enterprise,999,3,82.6,0,51.4,75.1,Low Risk
CUSTOMER_1459,Ortega-Bush,Amber Benjamin,joel35@weaver-hawkins.net,(888)332-1815,New Stacey,2025-08-18,Basic,149,5,84.0,3,96.7,85.2,Low Risk
CUSTOMER_1460,Fox-Robinson,Timothy Krueger Jr.,costathomas@sanders.com,252.798.4939x6833,Juliafort,2026-02-07,Basic,149,33,23.8,7,41.4,5.3,High Risk
CUSTOMER_1461,Wallace Inc,Brian Jones,icarroll@aguilar.com,734.906.5943x761,Payneton,2026-05-27,Pro,499,4,67.9,0,90.4,83.5,Low Risk
CUSTOMER_1462,"Deleon, Vasquez and Dixon",Aaron Vasquez,jchung@pearson-robles.com,739-421-2580x8985,East Daleside,2026-01-13,Basic,149,0,74.5,3,86.3,83.1,Low Risk
CUSTOMER_1463,Jefferson PLC,Aaron Brown,lmiller@young.com,8053746365,Lake Hollyside,2026-05-26,Basic,149,0,62.8,0,73.0,79.4,Low Risk
CUSTOMER_1464,"Brock, Morrison and Austin",Darlene Morales,stewartjoshua@odonnell.biz,(849)233-8132x5070,Copelandbury,2026-02-01,Basic,149,0,49.9,0,48.7,67.0,Medium Risk
CUSTOMER_1465,"Shelton, Carson and Curry",Matthew Hardy,davisoscar@norris-kennedy.com,3966717782,Hannaburgh,2026-02-22,Basic,149,1,66.9,0,70.0,78.7,Low Risk
CUSTOMER_1466,"Garrett, Vaughn and Guzman",Tyler Weaver,joshuamueller@mccoy.net,(204)241-6601x422,Adrianafort,2025-09-16,Basic,149,0,72.9,0,53.0,75.4,Low Risk
CUSTOMER_1467,Torres-Hamilton,Brenda Poole,ryanmartin@powers.net,+1-444-815-0123x16653,Port Dennisshire,2025-07-25,Basic,149,2,98.8,0,61.7,84.5,Low Risk
CUSTOMER_1468,"Mitchell, May and Smith",Albert Love,juliebranch@horn.com,502.462.1083x0402,West Mary,2025-12-24,Basic,149,0,43.3,1,95.0,81.2,Low Risk
CUSTOMER_1469,"Robinson, Brown and Brown",James Serrano,andrea96@burns-collins.com,+1-848-276-6814x8391,Peterstown,2026-05-25,Basic,149,0,85.8,1,75.9,87.3,Low Risk
CUSTOMER_1470,"Key, Crane and Brown",Kelly Klein,jonesalexander@elliott.com,(834)980-8456,New Amy,2025-09-08,Pro,499,0,81.1,0,67.9,83.1,Low Risk
CUSTOMER_1471,Richmond-Lewis,Richard Randolph,vzamora@hall.com,441.524.0918,West Tracyport,2025-11-02,Basic,149,2,67.0,2,91.8,85.5,Low Risk
CUSTOMER_1472,Barker-Ellis,Natasha Price,jack17@robinson-stewart.com,404.779.4064,New Jenniferville,2026-06-08,Enterprise,999,12,54.1,0,62.5,62.6,Medium Risk
CUSTOMER_1473,"Johnson, Pitts and Good",Victor Ramirez,njimenez@mccormick-stein.biz,966-885-5571x7395,Ritterview,2025-08-22,Basic,149,1,60.9,1,73.3,78.0,Low Risk
CUSTOMER_1474,"Montes, Ho and Hammond",Cynthia Roman,vferguson@smith-gutierrez.com,813.952.3576x174,Tamarafurt,2025-08-19,Basic,149,0,60.4,0,94.1,86.1,Low Risk
CUSTOMER_1475,Randolph-Smith,Ernest Moss,levyemily@smith-greene.info,442.390.9144x05185,Sarahberg,2026-01-11,Enterprise,999,0,99.9,0,77.2,92.0,Low Risk
CUSTOMER_1476,Gonzalez Group,Olivia Klein,christopher91@short.biz,+1-343-850-3348x43168,West Normanmouth,2025-10-08,Basic,149,2,93.5,0,93.9,94.2,Low Risk
CUSTOMER_1477,Martin PLC,Jonathan Lane,jasonstewart@spears.com,453.353.2037,Sandovaltown,2025-08-14,Basic,149,6,96.1,0,66.3,81.8,Low Risk
CUSTOMER_1478,Bowen LLC,John Chan,watersmason@brown.info,+1-496-848-3905,Salasborough,2026-04-03,Pro,499,0,79.1,0,70.4,83.4,Low Risk
CUSTOMER_1479,Rowland Ltd,Kelly Jones,samuel56@castaneda.com,001-800-226-4466x78848,Chadville,2026-02-17,Pro,499,2,88.5,1,46.2,76.0,Low Risk
CUSTOMER_1480,Johnson-Patel,Melissa Harris,kramos@reyes.com,001-328-891-0080x203,West Alexander,2026-03-31,Pro,499,0,69.1,0,78.7,83.3,Low Risk
CUSTOMER_1481,Pruitt-Rodriguez,Bobby Knight,williebrown@leon.com,+1-772-294-1819,Hernandezchester,2026-03-12,Basic,149,0,67.2,0,93.4,87.8,Low Risk
CUSTOMER_1482,Peterson-Lynch,Ryan Duncan,santoskenneth@ford-harris.net,(825)965-9363x21309,Port Monica,2026-04-23,Pro,499,1,86.6,0,65.5,83.0,Low Risk
CUSTOMER_1483,"Johnson, Hall and Estrada",Devin Castillo,deborah48@diaz-mejia.com,528-811-7403,Hallmouth,2026-01-07,Enterprise,999,11,77.8,0,82.7,77.7,Low Risk
CUSTOMER_1484,Harding-Garcia,Blake Roman,stephaniehodge@mckinney.com,(331)608-8843,Hannahberg,2025-10-19,Basic,149,7,56.2,0,98.0,80.0,Low Risk
CUSTOMER_1485,Williams-Gonzalez,Judith Newton,curtisrobertson@torres.com,2209682969,East Aaron,2025-11-07,Basic,149,1,90.2,1,76.2,87.9,Low Risk
CUSTOMER_1486,"Powell, Clark and Larson",Harold Davis,davidclark@allen.com,+1-553-558-3180x39584,Jensenmouth,2026-03-24,Basic,149,2,75.0,1,64.6,78.4,Low Risk
CUSTOMER_1487,"Lopez, Wheeler and Ponce",James Hernandez,eriktorres@hudson.com,961.898.4584,West Sandraland,2026-05-24,Pro,499,13,92.9,1,100.0,86.5,Low Risk
CUSTOMER_1488,Gregory-Thomas,James Carlson,amandabrown@watson.com,548.816.9612x97878,Jenkinsville,2025-10-22,Basic,149,6,86.7,1,79.6,83.6,Low Risk
CUSTOMER_1489,"Mullen, Brown and Arnold",Sarah Mckee,hannahwyatt@fuller.com,358-722-8526,South Darrentown,2025-10-30,Basic,149,4,63.9,1,59.9,71.6,Medium Risk
CUSTOMER_1490,Hardy Ltd,Kimberly Medina,barajaslee@vaughn.com,742-526-1608,Biancaborough,2026-05-20,Basic,149,4,60.3,1,57.8,69.8,Medium Risk
CUSTOMER_1491,Woods-Oconnor,Heather Williams,keithmclean@huerta.com,(941)627-7093x384,North Stephenside,2025-11-12,Pro,499,1,69.1,0,44.9,70.6,Medium Risk
CUSTOMER_1492,Page PLC,Joel Yoder,qbond@torres.com,(274)597-8560x6123,North Gregory,2025-12-25,Basic,149,7,78.9,1,65.1,75.3,Low Risk
CUSTOMER_1493,Moran-Thompson,Ryan Solomon,williamschristina@hawkins-warren.info,001-349-524-8866x152,Jamesville,2025-09-28,Enterprise,999,4,50.6,1,62.9,68.7,Medium Risk
CUSTOMER_1494,"Hudson, Moran and Dunn",Shelly Reilly DDS,haleyalexandria@ellis.com,368.316.0617x86214,Port Michaeltown,2025-09-10,Basic,149,13,77.6,0,70.4,71.5,Medium Risk
CUSTOMER_1495,Duffy-Tyler,Samantha Carroll,andrewstevens@hill.com,+1-542-815-0867,New Emily,2025-08-07,Pro,499,2,67.2,0,56.7,73.3,Medium Risk
CUSTOMER_1496,Scott and Sons,Raymond Summers,bailey91@jackson.org,731-866-2206x9188,South Christopherhaven,2026-03-30,Pro,499,9,95.3,0,81.6,84.3,Low Risk
CUSTOMER_1497,"Flores, Ruiz and Beasley",Kelly Johnson,jessica67@terry.biz,+1-845-694-8724,West Candacefort,2025-10-22,Basic,149,10,95.7,0,59.3,75.7,Low Risk
CUSTOMER_1498,Adams Inc,Scott Ramos,dknight@thomas.com,546.898.8743,South Jeff,2026-01-01,Basic,149,9,84.1,1,83.3,81.5,Low Risk
CUSTOMER_1499,"Duke, Rojas and Martin",Christina Avila,toddberry@orozco.net,(692)201-1415x676,Kimberlyland,2025-08-23,Pro,499,7,65.1,2,89.7,79.8,Low Risk
CUSTOMER_1500,Wells PLC,Katie Vaughn,rodgersaaron@wilson.com,001-384-564-2780x68010,Clarkview,2025-09-14,Basic,149,35,20.2,8,28.9,0.0,High Risk
CUSTOMER_1501,"Johnson, Jackson and Massey",Dennis Charles,nicholas77@green.com,418.782.9618,Lopezfort,2026-05-10,Basic,149,7,68.2,0,63.1,71.4,Medium Risk
CUSTOMER_1502,Sloan-Brown,Vincent Smith,sanderson@hernandez.com,001-214-878-6627x6328,East Leah,2026-07-14,Basic,149,6,66.9,2,45.3,65.7,Medium Risk
CUSTOMER_1503,"Hayes, Williams and Lawson",Kimberly Butler,amandahudson@gordon-alvarez.info,001-500-667-0192,South Pamela,2026-05-21,Basic,149,3,69.0,1,87.6,83.7,Low Risk
CUSTOMER_1504,Schmidt and Sons,Theresa Stuart,jchase@barnett.com,632-955-5390x80774,New Calvin,2026-06-19,Enterprise,999,32,5.0,8,24.3,0.0,High Risk
CUSTOMER_1505,Smith-Johnson,Terry Paul,ashleydillon@ford.com,(555)351-8686x97313,East Randy,2026-04-01,Enterprise,999,26,13.0,5,20.6,9.9,High Risk
CUSTOMER_1506,Harrison PLC,Austin Williams,michael76@jackson.com,(606)252-5748x019,Hannahton,2025-07-27,Basic,149,2,51.1,0,54.7,67.7,Medium Risk
CUSTOMER_1507,"Gonzales, Schultz and Martin",Mark Trujillo,jchung@mills.biz,506.476.2950x3389,West Thomas,2026-06-19,Pro,499,0,67.7,2,51.4,73.3,Medium Risk
CUSTOMER_1508,Rivas-Schneider,Jacob Hensley,vtanner@williams.com,001-301-864-5216x91551,West Susanhaven,2025-10-20,Basic,149,0,58.3,0,82.5,81.4,Low Risk
CUSTOMER_1509,"Smith, Walker and Hernandez",Timothy Rivera,gregory91@brown.com,722-396-2020x8085,Cantrellview,2026-05-12,Basic,149,13,71.7,0,74.3,71.1,Medium Risk
CUSTOMER_1510,Love-Wall,Sharon Griffin,webbsusan@rodriguez-gibson.com,257.911.0943x04791,North Michaelfurt,2025-09-07,Basic,149,3,80.5,2,90.7,88.3,Low Risk
CUSTOMER_1511,Ruiz Group,Christian Ellison,kbenton@white-vasquez.info,5646513637,Petersonton,2026-01-29,Basic,149,0,63.7,3,86.5,79.9,Low Risk
CUSTOMER_1512,"Dorsey, Glass and Berry",Michael Andrews,theresagarrison@young-harris.com,(808)660-2998x165,Lake Williamtown,2026-01-05,Pro,499,0,70.0,1,78.2,83.4,Low Risk
CUSTOMER_1513,"Sawyer, Dyer and Owens",Danielle Brady,jefferystafford@garcia.com,001-718-377-0626,New Julianstad,2026-03-18,Basic,149,3,58.8,0,90.6,81.7,Low Risk
CUSTOMER_1514,Harrington-Howard,Janet Mcgee,fwilson@green-johnson.com,(980)484-1322x08490,Thomasburgh,2026-05-10,Pro,499,4,38.0,1,61.4,64.4,Medium Risk
CUSTOMER_1515,"Thompson, Villegas and Booth",Cassandra Pennington,anthony18@watts.com,481.407.6179x264,New Lawrencestad,2026-02-07,Enterprise,999,1,70.8,1,71.3,80.3,Low Risk
CUSTOMER_1516,"Davis, Perkins and Scott",Mrs. Jennifer Kelley MD,staciecisneros@myers-freeman.com,001-772-283-4390x0233,Harrismouth,2026-07-06,Basic,149,6,73.6,0,79.5,79.7,Low Risk
CUSTOMER_1517,Hall-Jackson,Tina Thompson,nbrown@savage-klein.com,4209471440,Dianahaven,2025-08-04,Basic,149,0,49.1,1,87.4,80.3,Low Risk
CUSTOMER_1518,Pittman-Duncan,Ryan Stevens,nicolehensley@lucas.com,(495)944-3455x710,West Kennethview,2025-11-10,Basic,149,17,48.1,1,63.0,56.6,Medium Risk
CUSTOMER_1519,"Lowery, Ochoa and Davidson",Ashley Clark,xward@gutierrez.com,+1-653-385-5120,New Kristinshire,2026-06-14,Pro,499,2,50.5,0,81.4,76.9,Low Risk
CUSTOMER_1520,House-Greer,Patricia Durham,linda33@sanchez.com,001-912-245-2323x8425,North Michaelville,2026-05-01,Basic,149,5,59.6,0,84.1,77.9,Low Risk
CUSTOMER_1521,Mays-Ramirez,Derek Myers,daniel22@ortega-hill.com,001-701-285-9026x14342,West Davidburgh,2025-07-25,Basic,149,0,78.8,3,42.2,68.9,Medium Risk
CUSTOMER_1522,Davenport PLC,Carl Thornton,joshua01@norris.org,(316)920-1404,Bishopside,2025-09-23,Basic,149,1,83.4,1,82.3,87.9,Low Risk
CUSTOMER_1523,"Odom, Montes and Smith",Amy Gray,bstevens@clark-powell.com,+1-681-745-3638,West Brandon,2026-06-18,Basic,149,0,68.8,4,91.3,78.6,Low Risk
CUSTOMER_1524,Jones-Soto,Dakota Lee,herreramary@graves.org,001-242-370-8034x6161,North Kenneth,2026-06-08,Basic,149,4,50.9,1,95.9,80.3,Low Risk
CUSTOMER_1525,Lane and Sons,Keith Rowe,lutzheather@wilkinson-wang.com,(363)543-4994x05466,South Aaronmouth,2025-11-28,Basic,149,1,81.1,0,69.6,82.8,Low Risk
CUSTOMER_1526,Manning Group,John King,crawfordkathryn@webb.info,+1-742-400-6553,North Joseph,2025-09-29,Pro,499,7,6.0,3,19.6,33.0,High Risk
CUSTOMER_1527,Shah-Payne,Carla Cherry,cdean@sullivan-collier.com,001-846-303-0877x348,Dodsonberg,2026-03-21,Basic,149,43,28.8,7,17.4,0.0,High Risk
CUSTOMER_1528,Contreras-Trevino,Courtney Byrd,evangarcia@long.biz,(789)834-7682,West Paulville,2026-06-12,Basic,149,4,57.5,3,86.3,74.5,Medium Risk
CUSTOMER_1529,Caldwell PLC,Jessica Ramirez,fritzkevin@collins-gregory.info,(976)920-5245x817,Rayfort,2025-12-06,Basic,149,0,65.4,0,72.3,79.9,Low Risk
CUSTOMER_1530,Nicholson Ltd,Tara Joseph,richardsonderek@gibson-pitts.info,001-585-297-7967x46668,Millerfurt,2026-02-24,Basic,149,0,79.8,1,55.5,78.4,Low Risk
CUSTOMER_1531,Fuller-Cantu,Kenneth Thompson,trichards@savage-parker.com,822-437-6490x298,Garzatown,2026-04-13,Pro,499,6,74.6,0,60.4,73.3,Medium Risk
CUSTOMER_1532,"Peters, Fuller and Fuentes",Jasmin Harris,brian19@hamilton.com,001-668-367-7300x35227,Lake Matthewberg,2025-11-04,Enterprise,999,18,70.1,0,80.7,68.5,Medium Risk
CUSTOMER_1533,Richardson Ltd,Douglas Holden,bruce70@parrish.com,9599000283,South Crystal,2026-03-29,Pro,499,5,100.0,2,68.3,84.5,Low Risk
CUSTOMER_1534,"Morris, Ross and Wright",Sally Mendoza,michael92@hernandez.com,3454165283,Thomasbury,2026-01-13,Basic,149,0,45.1,1,75.1,74.8,Medium Risk
CUSTOMER_1535,Doyle-Brown,Samantha Morris,catherinecruz@carter-shaw.info,918-750-4844x00881,East Charlesstad,2026-02-03,Basic,149,2,53.0,0,78.1,76.5,Low Risk
CUSTOMER_1536,Hamilton Inc,Briana Burke,carlosbush@mendoza.com,808-810-8874x617,West Sarah,2025-10-13,Pro,499,1,74.6,1,82.3,85.3,Low Risk
CUSTOMER_1537,"Rodriguez, Ross and Lopez",Amy Lucas,hansenkaren@ayala.biz,617.540.2217,Lake Haleyborough,2026-06-16,Basic,149,3,70.5,1,69.3,77.8,Low Risk
CUSTOMER_1538,Butler-Moran,Joseph Green,alanfrancis@mitchell-wall.com,331-389-5630,New Kyle,2026-05-30,Basic,149,0,70.8,2,59.0,76.9,Low Risk
CUSTOMER_1539,Richardson-Farley,Cole Ibarra,gschroeder@powell.net,319.528.5013x318,Lake Angelatown,2026-06-16,Basic,149,0,78.7,0,90.2,90.2,Low Risk
CUSTOMER_1540,Martin Inc,Gail Snyder MD,davisjohn@pittman-ray.org,302.625.2705x079,Port David,2026-02-23,Basic,149,3,78.3,2,94.0,88.8,Low Risk
CUSTOMER_1541,Wood Inc,Hayden Baird,rossjoseph@patterson.com,(750)732-6080x1218,Woodton,2025-11-26,Enterprise,999,0,80.0,0,100.0,94.0,Low Risk
CUSTOMER_1542,Wallace-Jackson,David Gardner,cbaker@nelson.com,001-202-348-9110x94262,East James,2025-11-10,Pro,499,8,47.7,1,65.0,65.1,Medium Risk
CUSTOMER_1543,Sullivan-Hooper,Brenda Lester,jclayton@kelly.org,001-290-926-0379,Karenchester,2026-01-12,Enterprise,999,0,80.7,1,47.0,75.7,Low Risk
CUSTOMER_1544,"Berg, Peterson and Palmer",Megan Johnson,catherinemccarty@cox.com,001-265-273-7031,South Loriview,2025-08-24,Basic,149,0,74.2,1,75.0,83.5,Low Risk
CUSTOMER_1545,"Johnson, Long and Lowe",Kathy Hunter,abryant@hill.biz,3362782297,Sheppardville,2025-08-23,Basic,149,3,80.1,0,91.5,88.4,Low Risk
CUSTOMER_1546,Goodwin PLC,Anthony Le,jacob02@gibson-hughes.com,(268)739-1309,New Kathleen,2025-11-15,Enterprise,999,4,54.0,1,92.5,80.1,Low Risk
CUSTOMER_1547,Marsh Inc,James Gardner,robert61@dean-hill.com,612.857.4552x171,Grimesberg,2026-04-26,Pro,499,10,68.9,1,69.5,71.2,Medium Risk
CUSTOMER_1548,"Clark, Burgess and Hall",Kyle Perez,qgriffin@johnson.com,001-560-407-4984x16010,Willisberg,2025-09-10,Basic,149,8,78.6,3,100.0,82.1,Low Risk
CUSTOMER_1549,"Blackwell, Palmer and Williams",Michelle Zamora,frederickjonathan@davis-becker.com,(262)422-7783x726,Browntown,2025-11-29,Basic,149,0,56.8,2,81.1,80.4,Low Risk
CUSTOMER_1550,"Cole, Lynch and Frank",Belinda Anderson,obrock@barton.com,(954)291-7775x482,Schmidtville,2026-07-15,Basic,149,7,68.3,1,61.2,70.8,Medium Risk
CUSTOMER_1551,Sanchez and Sons,Andrea Golden,melissarice@ortiz.com,7984583192,Georgeburgh,2026-03-01,Basic,149,1,83.5,2,73.6,84.9,Low Risk
CUSTOMER_1552,Huynh-Whitehead,Kenneth Grant,gregoryadams@foley.com,955.424.7211x890,North Samanthabury,2025-09-13,Basic,149,9,54.5,3,54.6,58.1,Medium Risk
CUSTOMER_1553,Johnson-Shea,John Owens,diazkrista@scott.net,+1-824-850-7542x2554,Kellyshire,2025-12-19,Basic,149,1,70.2,1,58.1,75.5,Low Risk
CUSTOMER_1554,Carpenter and Sons,Michael Davis,clairesolis@conway-wood.info,001-851-951-5396x8949,South Matthewside,2026-04-15,Basic,149,0,79.0,2,45.7,74.7,Medium Risk
CUSTOMER_1555,"Myers, Werner and Cook",Alexander Chapman,ortiztony@powell-friedman.com,594-428-9772,North Ashley,2026-03-15,Enterprise,999,1,70.5,1,81.8,83.9,Low Risk
CUSTOMER_1556,Sims PLC,Walter Robinson,jonesjoseph@gibson.com,001-578-479-4726x8704,North Debra,2026-03-26,Pro,499,4,86.1,1,79.5,85.2,Low Risk
CUSTOMER_1557,"Burke, Ross and Prince",Haley Evans,christopher57@bennett.biz,(454)277-3356,South Troy,2025-09-18,Basic,149,0,76.1,0,90.5,89.5,Low Risk
CUSTOMER_1558,Walter Ltd,Lori Gray,thomas95@davis.com,001-809-522-4507x8962,Lake Seanhaven,2025-08-12,Basic,149,0,68.7,2,72.0,80.8,Low Risk
CUSTOMER_1559,Murphy-Hamilton,Eric Ashley,cantumelanie@benjamin.com,+1-646-595-8441,Morganview,2025-08-13,Pro,499,7,54.7,0,79.8,73.2,Medium Risk
CUSTOMER_1560,Crawford Group,Kimberly Ward,scottgriffith@meza.net,+1-796-510-1212x1685,West Davidview,2025-08-02,Basic,149,1,73.1,1,74.3,82.1,Low Risk
CUSTOMER_1561,Diaz-Maldonado,Mark Gutierrez,epatterson@dickerson.com,+1-459-283-0597,East Codyview,2025-12-09,Basic,149,6,66.3,0,60.7,70.9,Medium Risk
CUSTOMER_1562,Lyons-Moore,Richard Parker,christine93@gray-garcia.com,(676)836-7950,Greenland,2026-03-22,Basic,149,1,56.7,3,69.6,71.0,Medium Risk
CUSTOMER_1563,Ortiz LLC,Lori Blair,taylorrachel@pena.info,+1-415-716-0216,South Mackenzie,2026-05-31,Enterprise,999,1,64.5,2,59.2,74.2,Medium Risk
CUSTOMER_1564,Sullivan and Sons,Melissa Todd,mbennett@wood-smith.com,+1-738-559-7251x35555,Burchshire,2026-02-01,Basic,149,2,52.8,0,44.3,64.6,Medium Risk
CUSTOMER_1565,Williams Group,Olivia Padilla,deborah59@ayala.info,576.620.5983,Smithfurt,2026-02-11,Basic,149,3,54.3,1,71.8,73.8,Medium Risk
CUSTOMER_1566,Newton LLC,Ryan Miles,sanchezjesse@white.com,563.483.6081x3500,Port Jameston,2025-11-23,Enterprise,999,27,6.5,3,11.0,12.7,High Risk
CUSTOMER_1567,Warren-Rivera,Brenda Clark,joshuabennett@hogan.com,6236234723,North Candacebury,2025-09-06,Basic,149,14,79.2,0,59.5,67.3,Medium Risk
CUSTOMER_1568,Hughes-Taylor,Aaron Rodriguez,mary37@zimmerman.com,631-891-1345,West Jaimemouth,2026-06-05,Basic,149,4,69.4,2,89.1,83.5,Low Risk
CUSTOMER_1569,"Jones, Wilson and Sharp",Elizabeth Collins,cody39@hayes.net,(931)243-2396x0578,Port Eric,2026-01-25,Basic,149,13,51.8,0,82.6,68.1,Medium Risk
CUSTOMER_1570,"Wilson, Lopez and Romero",Andrea Rivera,lopezmarc@bryant-gonzalez.net,(691)220-0581x03761,Michaelfort,2025-11-11,Pro,499,22,32.3,7,35.7,15.4,High Risk
CUSTOMER_1571,Brandt-Rangel,Mrs. Nicole Knight,ningram@sanchez.com,+1-835-285-4311x68518,North Denise,2025-12-14,Enterprise,999,4,69.8,1,70.1,77.0,Low Risk
CUSTOMER_1572,"Johnson, Mejia and Wheeler",Karen Whitney,marcuswalsh@johnson.com,643.455.5312x189,Smithbury,2026-04-09,Basic,149,6,46.7,3,85.8,69.3,Medium Risk
CUSTOMER_1573,Rodriguez-Rogers,Donald Mcdonald,mary14@thompson.biz,947-927-6974,Port Stevenville,2026-04-18,Basic,149,6,65.9,0,78.0,76.8,Low Risk
CUSTOMER_1574,"Hendricks, Warren and Bridges",Paula Newton,christopherlopez@hall.com,+1-630-945-4547x889,Nancyberg,2026-02-12,Basic,149,12,20.1,6,43.8,27.9,High Risk
CUSTOMER_1575,Robinson Inc,Katie Fox,freydawn@thomas.com,(218)222-2470x68907,Erictown,2026-03-15,Pro,499,10,67.8,1,56.2,66.3,Medium Risk
CUSTOMER_1576,Farmer-Rojas,Alexandra Jones,danadavis@harris.org,+1-974-879-3771x7050,Jeffreybury,2026-05-14,Basic,149,1,52.3,1,46.9,66.2,Medium Risk
CUSTOMER_1577,Miles-Harvey,Jennifer Gonzalez,nicole94@gomez.biz,4364735335,Lake Rodney,2025-10-09,Pro,499,2,38.3,2,66.1,67.9,Medium Risk
CUSTOMER_1578,Clark-Smith,Justin Wilson,mhill@bailey.com,(852)454-3280,New Courtneyport,2026-03-22,Basic,149,1,68.7,0,66.9,78.2,Low Risk
CUSTOMER_1579,Rodriguez Inc,Mark French,erikawood@ward.info,(357)310-3124x924,Barreraview,2025-12-23,Basic,149,0,75.9,1,53.2,76.4,Low Risk
CUSTOMER_1580,Newman Inc,Jeffrey Greene,ihickman@lee-wilson.com,+1-994-410-0200x7001,East Victor,2026-07-20,Pro,499,3,51.9,2,23.7,56.2,Medium Risk
CUSTOMER_1581,Howard-Stevens,Bonnie Villarreal,mathisdavid@arroyo.net,001-278-920-2196,North Brianchester,2026-01-01,Enterprise,999,0,72.2,0,44.1,72.1,Medium Risk
CUSTOMER_1582,"Jackson, Dean and Davis",Barbara Hill,julie54@webster-guzman.com,+1-954-450-9889x9163,Patriciaport,2025-12-19,Basic,149,8,84.7,0,75.6,79.9,Low Risk
CUSTOMER_1583,"Olsen, Mitchell and Lee",Christopher Ramsey,angelajohnson@beard.com,(770)216-6807,Jonesborough,2026-07-01,Basic,149,1,69.5,0,80.8,83.3,Low Risk
CUSTOMER_1584,Wright PLC,Kelly Barron DVM,michaelstevens@cooper.com,906.259.4842x509,North Kendraborough,2025-09-19,Pro,499,5,78.5,0,88.1,85.0,Low Risk
CUSTOMER_1585,Myers-Anderson,Mr. Dustin Meyers MD,frederickmitchell@madden.net,001-774-471-8220x4913,Lake Karen,2026-03-07,Pro,499,0,72.4,2,99.1,91.4,Low Risk
CUSTOMER_1586,"Myers, Jensen and Moran",Michael Smith,srodriguez@petty-weber.org,001-978-219-7576x93318,East Lisafort,2026-04-02,Enterprise,999,3,66.5,1,66.7,75.7,Low Risk
CUSTOMER_1587,Rollins-Nguyen,James Sandoval,rcrosby@chavez-mason.org,429-551-5813x49645,Chadmouth,2025-08-12,Basic,149,1,91.0,1,69.1,85.6,Low Risk
CUSTOMER_1588,Garcia-Evans,Erin Duarte,trodriguez@patel-jordan.com,958.722.4936,Danaburgh,2025-08-15,Basic,149,4,94.3,2,68.7,83.8,Low Risk
CUSTOMER_1589,"Brown, Owens and Mitchell",Michele Miller,ajennings@jones-miranda.net,512-210-4738x116,Port Michael,2026-06-02,Basic,149,16,76.5,0,74.7,70.1,Medium Risk
CUSTOMER_1590,Lawrence-Ramirez,William Miller,ashley99@hess-ballard.info,001-260-610-3843x3834,New Blake,2025-08-09,Basic,149,30,31.2,3,12.1,17.8,High Risk
CUSTOMER_1591,"Wall, Hudson and Mccormick",Catherine Henderson,thomas29@murphy-johnson.com,(534)986-4215,Aaronberg,2025-08-10,Basic,149,2,68.0,3,71.2,74.1,Medium Risk
CUSTOMER_1592,Ramos-Nguyen,Julie Allen,mario42@hinton.org,855-784-5015x95324,East Jessica,2025-10-28,Basic,149,38,13.7,4,41.9,11.5,High Risk
CUSTOMER_1593,Shepard-Chang,Steven Hunter,matthewsheppard@west.info,381-816-5476x801,New Philip,2026-06-20,Enterprise,999,8,95.8,1,87.1,87.2,Low Risk
CUSTOMER_1594,Mack LLC,Zachary Baker,lisaburke@stewart.com,001-468-945-3397x72878,Boltontown,2026-07-16,Basic,149,8,71.0,2,81.4,77.8,Low Risk
CUSTOMER_1595,Ortiz-Allen,David Payne,nlara@jackson.info,498.725.8813x49129,Carterborough,2025-10-13,Basic,149,36,25.3,7,24.4,0.0,High Risk
CUSTOMER_1596,"Arnold, Schroeder and Brown",Anthony Parker,joanndavis@holt.net,7319495998,North Grace,2026-01-28,Basic,149,5,53.3,2,92.7,79.1,Low Risk
CUSTOMER_1597,Snyder-Pierce,Paula Weaver,elizabethwhite@singh.info,6898616667,Lake Catherinehaven,2025-12-08,Pro,499,0,100.0,0,82.5,93.9,Low Risk
CUSTOMER_1598,Lane and Sons,Michael Fernandez,wturner@gibson-payne.com,560.913.3355x127,Port Jason,2026-01-09,Pro,499,3,80.9,1,37.1,69.6,Medium Risk
CUSTOMER_1599,"Miller, Martin and Williams",Jorge Webb,michael54@jimenez.com,001-950-627-1755x952,East Bruceton,2026-06-19,Basic,149,3,76.2,1,92.9,87.8,Low Risk
CUSTOMER_1600,"Miles, Moran and Miller",Jordan Cooper,ethanmoore@tapia.net,(674)301-3552,West Jonathanview,2026-05-17,Basic,149,0,97.7,1,76.4,91.1,Low Risk
CUSTOMER_1601,Bean PLC,Joel Stevenson,troy03@moore-wheeler.info,543-803-4324x53022,Jensenburgh,2026-01-18,Pro,499,0,76.4,1,93.7,90.7,Low Risk
CUSTOMER_1602,Gonzales-Simmons,Michael Nichols,butleranthony@hernandez.net,001-213-232-1174x6789,Lake Jeffreyburgh,2026-06-01,Enterprise,999,10,62.2,1,66.6,68.2,Medium Risk
CUSTOMER_1603,Smith Group,Deanna Arnold,jeremy07@cervantes.org,001-730-437-0897x41355,Taylorview,2026-03-17,Pro,499,0,50.4,1,54.9,69.3,Medium Risk
CUSTOMER_1604,"Jordan, Walker and Snyder",Christopher Johnson,davidsonmichael@reilly.org,766-890-4354x5560,West Nicole,2025-11-10,Basic,149,6,37.8,1,86.2,71.3,Medium Risk
CUSTOMER_1605,"Newman, Liu and Hernandez",Andrew Banks,krodriguez@wallace.info,6863001920,Lake Michele,2025-08-05,Basic,149,2,95.7,0,87.6,92.6,Low Risk
CUSTOMER_1606,"Bauer, Miller and Lara",Vanessa Aguilar,walkermelissa@hammond-jenkins.com,(364)753-5413x2431,Hernandezview,2025-09-03,Basic,149,0,100.0,0,60.1,86.0,Low Risk
CUSTOMER_1607,"Black, Walker and Ritter",David Schroeder,tvance@patel.com,707-304-0018x98978,North Laura,2025-10-03,Basic,149,30,20.7,6,19.7,3.9,High Risk
CUSTOMER_1608,"Smith, Rivas and Gates",Sharon Diaz,johnthomas@griffin.biz,+1-586-422-1443x49894,Port Paul,2025-09-23,Pro,499,2,86.6,1,79.1,86.9,Low Risk
CUSTOMER_1609,Edwards-Glenn,Kelly Kim,lawsondavid@moss-campbell.net,(417)289-8222,Lake Amanda,2026-06-04,Basic,149,0,72.9,2,82.0,85.6,Low Risk
CUSTOMER_1610,"Vaughan, Hamilton and Stone",Curtis Stanley,gmitchell@campbell-weaver.com,442.266.5314x5941,Port Jose,2026-06-22,Basic,149,4,63.0,0,49.1,67.6,Medium Risk
CUSTOMER_1611,Murphy-Hernandez,Jessica Trujillo,johnsongina@grimes.biz,+1-833-856-7070,East Matthew,2025-12-29,Pro,499,3,74.5,1,67.6,78.4,Low Risk
CUSTOMER_1612,"Morgan, Craig and Bradford",Sarah Wilson,jamesjackson@chambers-adkins.com,839.373.9473,Lake Meganstad,2026-06-20,Basic,149,4,69.0,1,85.0,81.9,Low Risk
CUSTOMER_1613,Stewart Group,Michele Hudson,amberjones@johnson.com,001-713-923-6591x6543,Port Curtis,2026-06-28,Pro,499,1,85.3,0,79.5,87.5,Low Risk
CUSTOMER_1614,Mullins PLC,Justin Jenkins,ylynch@knight.com,001-911-398-9533x7355,Marcoborough,2026-04-08,Basic,149,0,68.0,3,47.4,67.5,Medium Risk
CUSTOMER_1615,Ayala-Hammond,Norma Acosta,dbaker@mendoza-williams.com,687-791-4328,Saunderston,2026-05-09,Basic,149,2,63.4,1,61.4,73.8,Medium Risk
CUSTOMER_1616,"Hicks, Burch and Erickson",Adam Martinez,brittneysummers@cohen.info,(304)684-2067,Lake Andrew,2025-08-11,Pro,499,1,61.8,0,70.8,77.4,Low Risk
CUSTOMER_1617,Lee-Mccann,Justin Wilson,nathanchurch@smith.com,001-442-357-5415,New Nataliemouth,2025-10-06,Enterprise,999,4,50.0,0,58.9,67.1,Medium Risk
CUSTOMER_1618,"Shepard, Fox and Baldwin",Amber Rios,heathersanders@boyd.info,+1-698-440-5534,Hartmanstad,2025-09-28,Basic,149,6,63.9,1,67.2,72.4,Medium Risk
CUSTOMER_1619,"Schultz, Velez and Johnson",Samuel Walls,carsonbrandi@gentry.com,897-243-9074x340,Port Melissa,2025-10-15,Basic,149,29,20.6,5,18.7,8.8,High Risk
CUSTOMER_1620,Moore Group,Lindsey Garcia,michaeljones@ryan.biz,+1-738-772-7922x632,Shaneborough,2025-11-28,Basic,149,26,19.6,6,21.9,7.8,High Risk
CUSTOMER_1621,Fischer-Lynch,Kayla Finley,leaton@washington-hicks.com,+1-425-508-6276x6682,Mayhaven,2026-07-21,Basic,149,9,79.2,2,82.2,79.7,Low Risk
CUSTOMER_1622,"Hoffman, Johnson and Williams",Patricia Palmer,harrisonscott@mitchell-ferguson.com,+1-387-326-4086x331,East Latoya,2026-05-25,Basic,149,1,63.6,1,100.0,88.2,Low Risk
CUSTOMER_1623,"Miller, Butler and Rodriguez",Grant Villarreal,lambertcristina@cobb.com,001-585-203-2450x61251,South Andrewchester,2026-01-01,Pro,499,2,51.1,2,61.2,70.0,Medium Risk
CUSTOMER_1624,"Evans, Mccullough and Larson",Emily Wolf,christian37@hess.com,477-486-2711x337,Josephport,2025-08-04,Basic,149,1,70.0,2,85.0,84.9,Low Risk
CUSTOMER_1625,Moss Inc,Jeremy Liu,amandamcmahon@salas.com,+1-812-908-0889x823,West John,2025-10-22,Enterprise,999,14,67.7,1,78.4,70.5,Medium Risk
CUSTOMER_1626,Newman PLC,Donna Frazier,angelabaldwin@lopez-sawyer.info,+1-514-398-5276,Tiffanystad,2026-07-05,Basic,149,3,72.5,0,81.6,82.7,Low Risk
CUSTOMER_1627,Nicholson-Robinson,Jaime Fitzgerald,tyler48@roach-diaz.com,917.209.7417,Alexisland,2025-09-22,Enterprise,999,0,69.7,0,86.4,86.1,Low Risk
CUSTOMER_1628,Simmons and Sons,Angela Baxter DVM,graymarissa@ortiz.org,696-804-1321x560,Robinport,2026-02-22,Pro,499,1,57.6,0,71.7,76.5,Low Risk
CUSTOMER_1629,"Mitchell, Taylor and Perez",Jeffrey Flores,alexanderellis@harrington.com,586-507-5203,East Jeffrey,2025-11-10,Basic,149,0,71.0,1,73.8,82.1,Low Risk
CUSTOMER_1630,Johnson and Sons,Melanie Davis,lindariley@wilson.net,+1-838-544-5563,Matthewhaven,2026-07-22,Basic,149,5,66.1,0,82.3,79.3,Low Risk
CUSTOMER_1631,"Singh, Edwards and Solomon",Noah Carr,vwright@henry.com,501-547-8922,Annaberg,2025-09-03,Pro,499,8,68.8,1,85.6,78.6,Low Risk
CUSTOMER_1632,Lara Ltd,Tonya Waters,kennethgilmore@hernandez.net,+1-897-864-1776x170,Stricklandland,2025-10-18,Basic,149,6,55.4,3,59.7,62.8,Medium Risk
CUSTOMER_1633,Hamilton-Bell,Ricardo Reyes,ericpratt@lane.com,278-366-6315x891,North Darylfort,2026-02-25,Enterprise,999,3,69.2,2,80.3,81.2,Low Risk
CUSTOMER_1634,Salazar-Summers,Mrs. Angel Fisher,moorethomas@wilson-vasquez.com,679-611-2462x3225,Williamsview,2026-02-23,Basic,149,3,73.1,1,98.7,88.8,Low Risk
CUSTOMER_1635,Mills-Baird,Andrew Graves,tabithabutler@gutierrez.com,7267307453,Stephanieton,2026-04-13,Pro,499,1,54.0,1,77.6,77.5,Low Risk
CUSTOMER_1636,"Mack, Cannon and King",Amanda Garner,marthabarnes@lee.info,417-940-2886,Freemanside,2026-01-19,Basic,149,1,57.8,3,56.0,66.6,Medium Risk
CUSTOMER_1637,Johnson-Haynes,Kevin Bryant,ocastillo@gamble-hernandez.com,235-364-1345x1928,West Natalie,2026-07-14,Basic,149,3,71.4,1,97.2,87.8,Low Risk
CUSTOMER_1638,Lozano-Cook,Dale Rodgers,kristine21@stanley.com,001-211-490-5982x3594,South Miguel,2025-11-03,Basic,149,15,73.2,0,59.3,64.6,Medium Risk
CUSTOMER_1639,"Sellers, Skinner and Rocha",Dwayne Chambers,dianacook@hernandez.com,532-271-4423x15268,Lake Craigchester,2025-08-01,Enterprise,999,9,59.8,0,70.2,69.6,Medium Risk
CUSTOMER_1640,"Ellison, Jackson and Stevens",Brandi Thomas,briancoleman@moore-hodges.com,001-608-383-3833x503,Port Lance,2025-08-05,Enterprise,999,2,88.3,1,90.4,91.4,Low Risk
CUSTOMER_1641,Dunn-Jones,Gary Ruiz,tamara15@sims-martin.com,581.961.0032x2130,North Chris,2026-05-13,Pro,499,8,100.0,0,77.6,85.2,Low Risk
CUSTOMER_1642,Woods-Landry,Raymond Calderon,millersara@mcmahon-erickson.com,+1-989-753-6725x8057,Cookland,2026-05-09,Pro,499,0,75.6,0,64.6,80.3,Low Risk
CUSTOMER_1643,Patel-Carpenter,Tracy Moore,espinozasamuel@dodson.com,+1-506-439-5873x28707,Ashleyton,2026-01-18,Basic,149,32,14.3,5,25.0,6.5,High Risk
CUSTOMER_1644,Mack-Adams,Andrea Smith,ohiggins@ball-griffin.com,287.385.6308,Lake Mollyside,2025-08-08,Basic,149,0,61.0,4,97.6,78.5,Low Risk
CUSTOMER_1645,Shaw-Roth,Joseph Villa,rcolon@ward.info,(260)237-9145,Mullenland,2026-05-01,Basic,149,10,73.8,1,75.5,74.8,Medium Risk
CUSTOMER_1646,Nelson Ltd,David Johnson,charles67@garrett-jimenez.net,767-688-7023x516,Hubbardview,2026-01-29,Pro,499,1,93.6,1,66.3,85.4,Low Risk
CUSTOMER_1647,Martin Inc,Wendy Davis,justin57@james.com,245.397.0759x325,South Samuel,2026-06-12,Basic,149,0,67.9,3,70.8,75.6,Low Risk
CUSTOMER_1648,Washington Inc,Ryan Harris,miguelmartinez@hale.com,325.883.0274,South Heatherview,2026-03-13,Enterprise,999,2,46.5,0,75.9,73.8,Medium Risk
CUSTOMER_1649,Mccarty Ltd,Debbie Park,margaretoconnell@jones-moses.com,495-615-1053x03631,North Ianfurt,2026-04-22,Basic,149,42,28.8,4,14.3,4.6,High Risk
CUSTOMER_1650,Ryan-Daniel,Brian Luna,anthonysoto@newton-mccoy.net,582.792.5708,East Josephville,2025-10-23,Basic,149,37,16.8,6,23.3,0.0,High Risk
CUSTOMER_1651,"White, Jones and Shannon",Antonio Figueroa,gwilliams@dixon.com,(933)778-0499x4121,West Diane,2026-05-04,Pro,499,3,64.5,1,68.0,75.5,Low Risk
CUSTOMER_1652,"Velasquez, Faulkner and Sanders",Kristin Juarez,clarktracey@phillips.com,365.835.3762x31719,Kellyside,2025-10-16,Basic,149,6,60.6,3,65.4,66.3,Medium Risk
CUSTOMER_1653,Smith-Kelley,Jennifer Carlson,powellpatrick@johnson-price.com,+1-476-654-3063x78156,West Stevenhaven,2026-02-24,Basic,149,3,55.9,2,54.1,68.1,Medium Risk
CUSTOMER_1654,Holloway-Peterson,Mark Wilson,katrinagomez@rodriguez.net,+1-397-808-4288x785,North Lisabury,2026-05-01,Pro,499,1,75.3,1,95.2,90.0,Low Risk
CUSTOMER_1655,"George, Ryan and Bruce",Andrew Smith,amy64@ellison.org,361-958-5420x1680,Lake Kristopher,2025-09-26,Basic,149,8,57.8,1,86.5,75.6,Low Risk
CUSTOMER_1656,Johnson-Moore,Miss Sharon Lang,willisemily@hill-palmer.org,4135534748,New Caitlin,2026-06-23,Pro,499,7,78.7,0,93.3,85.1,Low Risk
CUSTOMER_1657,Burgess and Sons,Darryl Mccormick,richard71@harris.info,+1-578-546-3432x767,Melissaside,2026-02-26,Enterprise,999,28,26.1,7,41.1,10.2,High Risk
CUSTOMER_1658,Cox and Sons,Allison Cross,valenzuelapenny@hopkins.com,001-906-215-4033x507,Burtonburgh,2026-05-26,Basic,149,1,79.7,0,96.0,91.6,Low Risk
CUSTOMER_1659,Wolfe Ltd,Nicholas Brown,ywebb@mendez-reynolds.com,222-687-9553x4684,Lisaborough,2026-01-14,Pro,499,14,55.2,1,87.2,69.8,Medium Risk
CUSTOMER_1660,Simpson-Phillips,Adam Neal,xwhite@hood.com,001-929-871-6006x5556,Angelaton,2026-06-19,Pro,499,4,67.1,2,57.2,71.6,Medium Risk
CUSTOMER_1661,Davis-Watson,Nancy Dunlap MD,ywall@baldwin-hayes.biz,653.891.1939x60626,New Alexander,2026-06-29,Basic,149,2,72.0,0,100.0,89.8,Low Risk
CUSTOMER_1662,"Phillips, Walton and Gutierrez",Matthew Bishop,alexander96@gutierrez.info,8323403527,East Laura,2025-11-21,Pro,499,0,62.6,2,72.7,79.2,Low Risk
CUSTOMER_1663,Gentry Ltd,Hailey Blankenship,nguyenstephanie@gray-adams.com,937-803-5802x1593,Jeremyhaven,2025-11-21,Pro,499,2,55.2,0,63.7,72.1,Medium Risk
CUSTOMER_1664,Lynch-Mccoy,Julie Ball,nelsonfrank@joseph-lloyd.com,001-270-370-1209x7374,East April,2025-10-15,Enterprise,999,31,8.1,5,28.2,6.7,High Risk
CUSTOMER_1665,"Davila, Mason and Brown",Jessica Lawrence,perezveronica@weber.org,(738)685-3858x376,Mcdonaldberg,2026-07-24,Basic,149,3,67.7,1,91.7,84.8,Low Risk
CUSTOMER_1666,Stevens-Rogers,Roger Ramirez,mark19@parker.com,001-790-467-5975,Port Vincent,2026-01-25,Pro,499,6,94.8,1,58.4,78.6,Low Risk
CUSTOMER_1667,Parker and Sons,Katie Sherman,daniellerojas@moore-ortiz.org,8796220686,Lake Andrewstad,2026-06-13,Enterprise,999,20,59.7,2,83.9,64.8,Medium Risk
CUSTOMER_1668,"Pineda, Little and Vega",Michael Garner,mmcmillan@flores.info,4783788710,Lake Coryland,2026-06-08,Basic,149,1,78.1,0,88.3,88.5,Low Risk
CUSTOMER_1669,Diaz Group,Larry Thomas,cindybryan@simon-garcia.com,(501)309-1569x97168,Danielland,2026-05-20,Basic,149,1,50.8,1,91.9,81.5,Low Risk
CUSTOMER_1670,Faulkner-West,Thomas Saunders,garylewis@jones.com,(833)994-6765x8579,North Jacobside,2025-09-26,Basic,149,3,64.2,3,59.9,68.1,Medium Risk
CUSTOMER_1671,"Greene, Jennings and Mills",Kayla Rodriguez,showard@lee.com,688-272-8746x307,Lake Robertville,2025-11-13,Basic,149,2,46.0,1,78.5,74.5,Medium Risk
CUSTOMER_1672,"Stewart, Figueroa and Hendrix",William Mcmahon,jasoncurtis@schmidt.com,(706)965-6793x667,Christopherville,2025-08-21,Basic,149,15,75.8,0,100.0,79.6,Low Risk
CUSTOMER_1673,Jenkins-Rangel,Seth Cook DDS,christina03@nichols-martinez.com,(736)397-2200x2504,Fieldshaven,2025-10-10,Basic,149,2,69.7,1,75.2,80.5,Low Risk
CUSTOMER_1674,Harmon Inc,Jeanne Reyes,tsparks@rivera-browning.net,(323)387-3755,Johnchester,2026-06-05,Basic,149,7,64.8,2,81.3,76.8,Low Risk
CUSTOMER_1675,Keith and Sons,Robin Weeks,kimberlybenson@pierce.com,467-424-0771x721,Port Geoffreyburgh,2025-09-06,Basic,149,29,5.0,5,27.8,7.4,High Risk
CUSTOMER_1676,Aguilar PLC,Nathan Matthews,ahutchinson@wilson.com,+1-230-607-2936x88759,Alexanderview,2026-06-24,Basic,149,1,62.5,0,91.2,84.8,Low Risk
CUSTOMER_1677,"Snyder, Johnson and Graham",Matthew Smith,alexandrasmith@quinn-bauer.com,(797)461-9488x29439,East Daniel,2025-11-07,Basic,149,1,62.5,0,91.6,84.9,Low Risk
CUSTOMER_1678,"Harris, Perez and Bailey",Steven Bowman,grahamtammy@hernandez.com,7798244021,Reynoldsmouth,2025-11-10,Enterprise,999,3,61.2,0,64.1,73.2,Medium Risk
CUSTOMER_1679,"West, Montes and Johnson",Veronica Myers,andrewquinn@garcia.com,3609140742,Bellstad,2026-04-16,Basic,149,4,75.8,2,47.5,70.9,Medium Risk
CUSTOMER_1680,Foster Group,Cole Wilkins,bmacdonald@riley.com,(963)466-1739,Evansborough,2025-10-15,Pro,499,0,52.1,1,77.2,77.6,Low Risk
CUSTOMER_1681,Davila and Sons,Casey Carter,glenda77@mcmillan-jennings.com,+1-383-210-6354x8804,Zacharymouth,2025-08-22,Enterprise,999,0,79.5,2,70.2,83.4,Low Risk
CUSTOMER_1682,Wagner Inc,Andrew Garcia,tylervillegas@shaw.com,(303)794-6910x3442,Dannyside,2026-01-09,Basic,149,6,58.0,1,73.9,73.0,Medium Risk
CUSTOMER_1683,Thomas LLC,Danielle Summers,kingmichael@rodriguez-romero.com,2068091259,Jaimeborough,2025-09-03,Basic,149,5,56.1,3,82.0,71.7,Medium Risk
CUSTOMER_1684,Fox-Preston,Emily Campbell,matthewvasquez@romero.com,(352)207-7781x18633,Clinechester,2026-01-03,Enterprise,999,4,78.4,0,75.5,81.4,Low Risk
CUSTOMER_1685,Hughes Ltd,Amy Munoz,lorettamartin@oliver.com,001-309-869-5012x0842,Port Davidview,2026-03-12,Basic,149,0,74.2,1,69.3,81.5,Low Risk
CUSTOMER_1686,"Kirby, Lopez and Rojas",Michele Lester,torreschad@jones-morris.com,(202)583-0887,Stonehaven,2026-06-23,Pro,499,8,62.2,0,58.8,67.2,Medium Risk
CUSTOMER_1687,Proctor-Harris,Kathleen Young,zgilbert@williams.net,762-754-3911,Stephanieside,2026-05-04,Basic,149,2,51.7,1,98.1,83.1,Low Risk
CUSTOMER_1688,"Perez, Bishop and Calhoun",Eric Kelly,karenjacobs@hamilton.com,366-541-5572x7360,West Jeanette,2026-05-05,Basic,149,28,5.0,6,31.0,4.9,High Risk
CUSTOMER_1689,Banks and Sons,Elizabeth Gordon,rachelday@robertson.com,(782)920-8301,Lorifort,2025-11-13,Pro,499,0,66.9,1,54.8,74.2,Medium Risk
CUSTOMER_1690,Wilcox-Randall,Peter James,joneslawrence@steele.com,781.349.4272x348,Gabrielfort,2026-06-29,Basic,149,2,60.8,0,61.3,72.9,Medium Risk
CUSTOMER_1691,Gordon Group,Jasmine Simon,mccarthyjustin@griffin.biz,(234)900-7421,New Michaelport,2025-11-08,Pro,499,5,56.8,1,73.7,73.5,Medium Risk
CUSTOMER_1692,George-Flores,Ashlee Moore,sandrakoch@morton.com,278.740.8071x4345,South Johnmouth,2026-05-21,Basic,149,1,48.3,2,81.2,77.0,Low Risk
CUSTOMER_1693,George-Mclean,Theresa Hart,christopherhooper@cox.com,820-955-2194x398,Lake Ann,2026-06-15,Basic,149,1,92.4,2,91.8,94.0,Low Risk
CUSTOMER_1694,"Lynch, Brown and Hughes",Jessica Strickland,catherinedavis@mueller.com,+1-660-547-6474,Carlosside,2025-09-28,Basic,149,0,69.2,1,65.3,78.6,Low Risk
CUSTOMER_1695,Webb-Nolan,Dennis Duran,nmedina@reed-davis.com,830.578.5766,Port Louis,2026-07-04,Basic,149,1,53.7,1,77.6,77.4,Low Risk
CUSTOMER_1696,"Mcclure, Wells and Mitchell",Mary Jacobson,alexandrakrueger@arnold.com,(930)888-1983x0240,Paigeberg,2025-12-13,Basic,149,14,53.0,2,71.6,63.7,Medium Risk
CUSTOMER_1697,"Long, Morgan and Jimenez",Michael Johnson,samanthabell@gonzalez-garcia.com,+1-966-830-8177,Lake Jacqueline,2025-11-30,Pro,499,2,73.5,1,52.6,73.7,Medium Risk
CUSTOMER_1698,Willis-Bates,Sandra Smith,xjames@payne.com,789-934-9059x696,Port Angelabury,2025-10-12,Basic,149,6,63.2,1,60.6,69.9,Medium Risk
CUSTOMER_1699,Rodriguez Inc,Luke Schaefer,martinezjennifer@kim.info,3914739404,Lake Richard,2025-12-28,Basic,149,1,66.9,1,75.4,80.6,Low Risk
CUSTOMER_1700,Ward LLC,Megan Santiago,kathleenmills@valencia.com,656.209.5353x009,North Maryborough,2026-03-05,Pro,499,11,57.1,0,72.4,67.8,Medium Risk
CUSTOMER_1701,Casey-Lutz,Veronica Roberts,mendozakevin@cortez.com,554-503-5966x31033,Robertschester,2026-01-17,Basic,149,4,63.6,2,72.2,75.8,Low Risk
CUSTOMER_1702,"Hansen, Davis and Bowen",Jonathan Klein,erinpineda@johnson.com,961-249-5572x9963,Obrienmouth,2025-08-10,Pro,499,2,74.2,0,66.3,78.7,Low Risk
CUSTOMER_1703,Shelton Ltd,Suzanne Thomas,mcneilsean@long.com,(235)248-3505x891,Rebeccaberg,2026-05-11,Enterprise,999,1,64.1,2,71.7,78.4,Low Risk
CUSTOMER_1704,"Wilson, Wilson and Mccarthy",Raven Lopez,colleen28@wallace.com,+1-917-798-2915x6156,Rachelberg,2026-02-04,Pro,499,3,59.6,1,99.5,85.1,Low Risk
CUSTOMER_1705,"Blake, Lozano and Brown",Joshua Williams,loweryamber@silva.com,357.977.7762x649,New Justin,2025-10-21,Basic,149,1,66.9,0,54.8,73.4,Medium Risk
CUSTOMER_1706,Smith-Guerrero,Anne Watson,juan29@rodriguez.com,(615)304-4600,Lake Ashley,2026-01-18,Basic,149,2,38.2,2,87.1,75.2,Low Risk
CUSTOMER_1707,"Robbins, Klein and Logan",Virginia Finley,elizabeth17@frederick-english.com,(665)994-4020x1697,Calhounview,2025-12-11,Basic,149,1,59.1,1,69.6,76.2,Low Risk
CUSTOMER_1708,Molina-Marquez,Brittany Davis,lisa55@johnson.com,413.873.9919,Fosterton,2025-10-01,Basic,149,47,33.8,4,37.1,14.1,High Risk
CUSTOMER_1709,Flores Group,Craig Schaefer,patkinson@johnson.com,001-626-811-2368x36927,Williamsbury,2025-12-05,Basic,149,2,84.6,1,81.8,87.3,Low Risk
CUSTOMER_1710,Williams-Hawkins,Steven Wilson,nicole44@jones.com,725-997-7105x3659,Farmerchester,2025-08-06,Basic,149,3,83.5,1,82.7,86.4,Low Risk
CUSTOMER_1711,"Waters, Bennett and Miller",Tara Phillips,samuel43@long.com,962-533-0389,Jenniferland,2026-05-02,Basic,149,2,73.0,2,80.6,83.4,Low Risk
CUSTOMER_1712,Cox Ltd,Katie Hernandez,crosario@macias-mcbride.com,643-976-8564x229,West Chadborough,2026-05-04,Basic,149,3,62.8,2,42.6,66.1,Medium Risk
CUSTOMER_1713,Young-Taylor,Anthony Goodman,sarahbarnes@salas.com,+1-569-566-9924x5643,Amberside,2025-08-03,Basic,149,3,90.6,1,87.3,90.1,Low Risk
CUSTOMER_1714,"Murray, Hernandez and Moore",Matthew Barrett,hilltamara@weaver.net,607.693.5246,West Richard,2026-03-28,Basic,149,16,90.3,1,75.6,74.6,Medium Risk
CUSTOMER_1715,Wilson-Johnson,Haley Jimenez,melissamorgan@guzman.info,+1-884-504-1463x37405,Williamsbury,2025-12-26,Basic,149,40,31.7,5,26.4,5.2,High Risk
CUSTOMER_1716,Franklin PLC,Victor Myers,makayla68@mason.com,+1-263-619-3443x3947,Cainchester,2025-12-02,Pro,499,6,73.1,2,76.8,78.6,Low Risk
CUSTOMER_1717,Russell-Rodgers,Keith Manning,nancygonzalez@mcdonald.com,+1-484-277-5751x66654,Sarahaven,2026-02-11,Basic,149,30,16.9,9,21.1,0.0,High Risk
CUSTOMER_1718,Burns PLC,Jared Rodriguez,kathryn53@thomas-wheeler.com,(368)858-0224x28173,Davisport,2026-03-24,Basic,149,10,71.9,0,88.3,78.7,Low Risk
CUSTOMER_1719,"Gordon, Ross and Galvan",Daniel Mills,stricklandjared@knight.com,428.997.2136x3966,Shannonshire,2026-05-12,Basic,149,5,81.8,0,93.0,87.7,Low Risk
CUSTOMER_1720,Hickman-Diaz,Deanna Reid,vanessa45@stevens-jackson.com,664.826.1292x08464,South Angelafurt,2026-03-30,Basic,149,16,22.7,5,28.4,24.2,High Risk
CUSTOMER_1721,"Garcia, Perry and Cordova",John Sawyer,scottkayla@johnson.com,381-212-6984x662,New Crystalbury,2026-06-24,Pro,499,1,81.9,2,64.5,81.3,Low Risk
CUSTOMER_1722,Benson Group,Karen Mitchell,josephcortez@sandoval.com,+1-813-504-3344x83450,New Hannahville,2025-11-22,Pro,499,1,52.6,0,63.5,72.1,Medium Risk
CUSTOMER_1723,Gordon Group,Cassidy Robinson,timothy48@nguyen-guerrero.net,963.216.1364x26528,Lake Laurachester,2026-06-06,Basic,149,0,74.1,0,86.2,87.4,Low Risk
CUSTOMER_1724,"Adams, Flowers and Wolfe",Billy Chambers,smithsusan@johnston.com,667-396-8690x21097,Barbaraton,2026-01-17,Basic,149,2,63.5,0,68.2,76.2,Low Risk
CUSTOMER_1725,Jackson-Keith,Ian Stephens,jacobbest@king.biz,683-207-4929,East Virginialand,2026-06-09,Basic,149,0,45.2,0,94.4,81.6,Low Risk
CUSTOMER_1726,"Morton, Hoover and Cox",Audrey King,ghughes@eaton-myers.biz,+1-994-870-6821,Scottport,2025-12-13,Basic,149,5,73.1,0,60.9,73.9,Medium Risk
CUSTOMER_1727,Castillo Inc,Andrew Mcneil,parkeremily@russell-gross.net,(456)750-6323x9881,Mariamouth,2026-05-12,Basic,149,3,35.9,2,62.2,64.9,Medium Risk
CUSTOMER_1728,Smith PLC,Michelle Harris,joshua26@terrell.com,819-477-7918x2561,Nathanview,2025-07-29,Basic,149,0,51.1,0,64.5,72.9,Medium Risk
CUSTOMER_1729,Hoffman-Knight,Anthony Reeves,nathansmith@carpenter.biz,001-424-342-3197x7430,Kristaview,2025-11-30,Basic,149,1,91.6,0,60.5,82.8,Low Risk
CUSTOMER_1730,Reynolds LLC,Daniel Roberts,duncanchristina@griffin.com,735.357.1925x51670,Keithborough,2025-09-19,Basic,149,1,71.0,0,85.8,85.5,Low Risk
CUSTOMER_1731,Rose-Guerra,Judy Robinson,sarahmoore@wilson-pena.com,+1-705-965-5952x85137,Callahanbury,2026-06-04,Pro,499,6,78.7,0,100.0,88.4,Low Risk
CUSTOMER_1732,"Rodriguez, Robinson and Orozco",Matthew Morales,spayne@meyer.com,601.733.3141,Lopezberg,2026-06-12,Pro,499,7,62.3,3,85.5,73.0,Medium Risk
CUSTOMER_1733,Griffin-Brown,Kathy Myers,rcervantes@mccoy.com,949.902.8770,Larryhaven,2025-10-04,Enterprise,999,6,75.9,1,87.3,83.1,Low Risk
CUSTOMER_1734,"Frost, Robinson and Flores",Samantha Norman,robinsonnicholas@butler-cisneros.com,575-875-0434x32344,Riveraport,2025-07-30,Basic,149,10,65.0,2,70.4,70.4,Medium Risk
CUSTOMER_1735,Hopkins PLC,Sarah Shepherd,wilkersondaisy@martinez.com,329.869.0767,New Jamesview,2026-01-10,Basic,149,2,62.8,0,51.2,70.0,Medium Risk
CUSTOMER_1736,Pennington-Bennett,Holly Davis,jeffrey91@marks.com,+1-647-854-4388x6366,Ryanfort,2026-07-15,Basic,149,39,22.5,6,20.8,0.0,High Risk
CUSTOMER_1737,Gonzalez LLC,Jesse Freeman,stephanieward@olson.com,727-438-6820x3482,Nicoleshire,2025-08-15,Basic,149,0,88.3,2,100.0,96.5,Low Risk
CUSTOMER_1738,Porter-Thomas,Sara Ponce,kimberlywilson@johnson.biz,(359)278-5872x8095,Port Lisafurt,2026-01-07,Basic,149,17,30.8,8,20.3,9.5,High Risk
CUSTOMER_1739,Murray Inc,David Vazquez,xlin@williams-keller.com,001-741-722-2857x079,East Teresa,2026-05-25,Basic,149,1,79.3,0,89.5,89.2,Low Risk
CUSTOMER_1740,Wilkins-Adams,Mr. Raymond Hopkins,kleinmichael@price.org,(257)289-6761x5658,North Andrew,2025-10-28,Basic,149,1,99.9,2,80.5,92.3,Low Risk
CUSTOMER_1741,Ruiz-Parker,Dana Hinton,rachaelhammond@clark.com,821-791-2871x1892,Lake Christopherstad,2026-01-23,Pro,499,0,71.9,0,72.8,82.0,Low Risk
CUSTOMER_1742,"Walker, Howard and Ward",Jodi Valenzuela,laurathomas@salas.org,(695)618-0060x5808,Lake Nicoleberg,2026-04-25,Pro,499,0,100.0,0,81.1,93.4,Low Risk
CUSTOMER_1743,"Cook, Sullivan and Whitehead",Peter Padilla,josephpennington@solis-smith.info,3072046775,Austinview,2026-04-18,Pro,499,1,88.3,1,78.0,87.9,Low Risk
CUSTOMER_1744,"Stark, Johnson and Shelton",Brandon Martin,lorraine50@gonzalez-jordan.com,915.506.1891,East Juliaton,2026-07-10,Pro,499,15,63.1,1,78.5,68.3,Medium Risk
CUSTOMER_1745,Spencer-Jimenez,Jose Wood,erikcarlson@snow.com,+1-469-268-8905x0946,North Sheliaburgh,2025-12-17,Basic,149,0,67.8,0,99.1,90.0,Low Risk
CUSTOMER_1746,Martinez LLC,Dakota Reed,greenrebecca@taylor-guerrero.info,292-504-7710x07824,Ortegaburgh,2025-09-10,Basic,149,1,62.8,1,80.1,81.0,Low Risk
CUSTOMER_1747,Ryan and Sons,John Bentley,shenderson@griffin.org,(388)702-6384x03193,East Jeremyton,2026-06-30,Basic,149,0,73.8,0,86.5,87.4,Low Risk
CUSTOMER_1748,Russell-Jones,Nicholas Escobar,yeaton@rich.com,+1-399-914-5585x2155,Marcberg,2025-11-16,Basic,149,2,57.1,1,73.8,76.2,Low Risk
CUSTOMER_1749,"Jones, Smith and Davis",Benjamin Williams,mendozajerry@berry.com,252-699-7038,Matthewstad,2025-12-10,Basic,149,1,84.3,1,97.3,93.5,Low Risk
CUSTOMER_1750,Barrett-Riley,Diana Mercado,orrdiana@scott.com,(406)518-6515,Lewisside,2026-05-31,Basic,149,5,83.4,2,70.7,80.4,Low Risk
CUSTOMER_1751,Preston Ltd,John King,tcamacho@green.net,001-703-995-3630x9210,Nicolechester,2025-08-05,Enterprise,999,19,73.5,2,74.0,66.3,Medium Risk
CUSTOMER_1752,Brewer Inc,Susan Smith,catherine39@ramos-gillespie.com,480.439.2197x7702,Maryport,2025-10-02,Pro,499,1,64.8,1,53.8,72.4,Medium Risk
CUSTOMER_1753,Miller-Marshall,Matthew Houston,liumichael@porter.info,+1-985-821-7685x758,Millerville,2026-05-29,Basic,149,3,61.5,1,100.0,85.8,Low Risk
CUSTOMER_1754,Cunningham-Bowen,Matthew Hancock,dianapugh@hale.net,001-572-758-1676x30428,Johnsonhaven,2026-07-16,Pro,499,23,34.4,5,17.8,17.9,High Risk
CUSTOMER_1755,"Woods, Torres and Harris",Kimberly Petty,melanie82@mckinney.biz,(937)501-7449x5137,Matthewstad,2025-08-14,Basic,149,2,86.8,0,81.5,87.8,Low Risk
CUSTOMER_1756,Kidd-Johnson,Cassandra Henry,cunninghamlori@mcbride.com,+1-283-206-6024x110,Brianfort,2025-10-25,Pro,499,9,77.4,0,89.9,81.8,Low Risk
CUSTOMER_1757,"Wiley, Contreras and Lee",Sara Riggs,imckee@stewart-zimmerman.com,4108959970,Lake Julie,2025-11-11,Basic,149,2,57.8,2,68.6,74.6,Medium Risk
CUSTOMER_1758,Martinez LLC,Miss Jessica Taylor,charles02@perez-alvarez.com,001-875-869-7733,West Jamesville,2025-07-31,Basic,149,1,50.3,0,69.0,73.4,Medium Risk
CUSTOMER_1759,Welch-Brewer,Beverly Goodwin,victoria33@carpenter.com,001-725-387-1838x66109,Johnstonmouth,2025-11-03,Pro,499,1,65.5,2,35.5,66.2,Medium Risk
CUSTOMER_1760,Torres-Turner,Alyssa Banks,juliaduncan@mills-riley.info,001-336-665-5764,West Jenniferton,2025-12-25,Enterprise,999,0,61.2,0,75.2,79.7,Low Risk
CUSTOMER_1761,"Garcia, Church and Lopez",Amanda Cuevas,payneernest@lopez.com,001-304-387-8226x44239,East Lisa,2025-09-12,Basic,149,0,90.1,3,68.5,81.5,Low Risk
CUSTOMER_1762,"Clark, Moody and Love",Angela Phillips,christopher72@allen.org,(332)397-1896x405,West Robert,2025-07-26,Basic,149,4,92.5,0,100.0,94.2,Low Risk
CUSTOMER_1763,Farrell-Mcdonald,Gabriel Giles,simpsondaniel@thomas.com,001-924-967-1631,West Kevin,2026-02-10,Basic,149,2,54.1,1,70.4,74.1,Medium Risk
CUSTOMER_1764,Gonzalez Ltd,Jessica Fields,mwood@martinez.com,627-560-7180x5564,Jasonhaven,2026-06-29,Basic,149,3,97.2,3,72.2,82.3,Low Risk
CUSTOMER_1765,James Group,Jonathan Freeman,jriley@wilson.net,634.750.8509x95913,East Angelaland,2025-11-27,Basic,149,7,52.8,0,89.9,76.2,Low Risk
CUSTOMER_1766,Stevens LLC,Amy Winters,tamara07@garcia-bell.info,618-955-7551,North Billyview,2025-11-28,Basic,149,3,75.0,4,66.9,69.3,Medium Risk
CUSTOMER_1767,Johnson Group,David White,sabrina64@crosby.com,3805129175,New Charlotte,2026-04-16,Basic,149,7,81.1,0,82.0,81.9,Low Risk
CUSTOMER_1768,Shaw Group,David Mora,christopher53@hill.com,541-408-2277x6232,West Angela,2026-06-20,Basic,149,49,13.7,5,10.0,0.0,High Risk
CUSTOMER_1769,Smith LLC,John Shaffer,jared84@garcia.net,393-800-1920,East James,2026-02-06,Basic,149,40,18.0,6,25.3,0.0,High Risk
CUSTOMER_1770,Wright Group,Tamara Case,monroesheila@lopez.biz,+1-425-252-9357x4355,New Jonathan,2026-05-23,Basic,149,8,76.9,1,84.9,80.8,Low Risk
CUSTOMER_1771,Shaw-Newton,John Hunt,paynebryan@harrell-reynolds.com,257-734-2316x82775,Brandonside,2026-06-11,Basic,149,1,72.2,0,79.6,83.6,Low Risk
CUSTOMER_1772,Chambers Group,Carol Casey,rebeccalevine@hernandez-owens.net,001-233-874-7292x18486,Port Joshuatown,2026-04-08,Basic,149,2,68.2,1,100.0,88.7,Low Risk
CUSTOMER_1773,Graham-Lopez,Courtney Hill,baileyholmes@singh.com,(905)251-6331,Garyton,2026-01-16,Basic,149,2,68.3,1,75.5,80.2,Low Risk
CUSTOMER_1774,"Jones, Nelson and Morales",Allen Mcintyre,camposrenee@carter.com,876-755-9058x752,Jeffreyfurt,2026-05-07,Basic,149,1,77.9,1,95.4,90.9,Low Risk
CUSTOMER_1775,Ponce-Perez,Kayla Scott,justinflores@williams.net,935-716-0023x220,Josephbury,2026-03-14,Basic,149,1,76.3,1,68.5,81.0,Low Risk
CUSTOMER_1776,Kelley and Sons,Evan Tanner,morrisdavid@browning.com,469.632.8703,Vaughnchester,2025-09-15,Pro,499,1,58.2,0,67.9,75.4,Low Risk
CUSTOMER_1777,Brewer Ltd,Austin Campbell,nmartin@brown.com,973.632.9578x828,Judithburgh,2026-04-07,Basic,149,5,86.0,3,99.8,86.9,Low Risk
CUSTOMER_1778,Villa and Sons,Renee Rodriguez,prattjesse@jones.com,753.500.6464,Kimberlyland,2026-02-06,Pro,499,1,62.1,2,56.8,72.6,Medium Risk
CUSTOMER_1779,Daniels-Myers,Tiffany Gibson MD,ovaldez@malone-nichols.com,523-508-4582,Beardtown,2025-12-06,Basic,149,2,67.6,1,97.1,87.5,Low Risk
CUSTOMER_1780,"Morris, Olson and Franklin",Kevin Rodriguez,woodscesar@martin.org,001-364-454-7008x10960,North David,2025-09-29,Enterprise,999,6,73.2,1,74.4,77.8,Low Risk
CUSTOMER_1781,Reed-Anderson,Frank Garrett,eric67@jones.com,(930)394-7155x3971,Nicholsland,2026-01-06,Basic,149,1,75.1,2,66.4,79.9,Low Risk
CUSTOMER_1782,"Drake, Petersen and Collins",Frances Dean,bgardner@gray-cole.net,+1-921-730-2561x8368,Laurenfort,2026-01-04,Pro,499,1,59.9,1,71.3,77.0,Low Risk
CUSTOMER_1783,"Ellis, Harmon and Burns",Samuel Taylor,deborahcooper@moore.net,697.756.6663,New Rebecca,2026-04-05,Basic,149,3,67.1,0,53.5,71.2,Medium Risk
CUSTOMER_1784,"Herrera, Greer and Livingston",Marc Ayers,crossjennifer@vasquez-roberts.com,(282)942-0922x40865,Davisborough,2025-11-18,Basic,149,11,71.0,0,58.0,67.0,Medium Risk
CUSTOMER_1785,Alexander-Nelson,Christopher Contreras,bryansanchez@brewer.biz,001-649-761-7075,Jenniferton,2026-05-14,Pro,499,4,88.2,2,86.6,88.3,Low Risk
CUSTOMER_1786,Hall-Cervantes,Brandy Paul,jessicastone@ross.com,(521)281-4855x36941,Parsonsport,2025-11-14,Enterprise,999,0,52.3,1,45.0,66.4,Medium Risk
CUSTOMER_1787,Gonzalez LLC,Keith Brown,elizabeth19@rice.com,867.289.7456,Thompsontown,2025-11-08,Basic,149,5,67.6,1,70.0,75.4,Low Risk
CUSTOMER_1788,"Butler, Silva and Hurst",Meghan Garza,pgomez@miles.info,230.255.5867x5189,Wilkinsfurt,2026-03-05,Basic,149,34,5.0,4,31.1,8.6,High Risk
CUSTOMER_1789,"Sellers, Ballard and Wells",Stephanie Johns,alex52@moore.com,8937724795,South Samuelside,2025-10-09,Basic,149,4,72.8,1,87.3,83.9,Low Risk
CUSTOMER_1790,"Macdonald, Benson and Johnson",Angela Huff,larryyoung@morton.biz,899-970-3008x2278,Jacobton,2026-06-29,Enterprise,999,0,79.2,1,69.6,83.1,Low Risk
CUSTOMER_1791,Mueller LLC,Julie Holden,brittany94@scott.net,(981)326-6772x3993,East Holly,2025-12-01,Enterprise,999,3,91.6,1,81.0,88.2,Low Risk
CUSTOMER_1792,"Griffith, Hester and Moore",Daniel Richardson,wilkersondonna@martin.info,(588)249-6025x91876,Lake Paulchester,2026-03-29,Basic,149,3,53.2,2,72.8,73.8,Medium Risk
CUSTOMER_1793,Case-Alexander,Nichole Fletcher,sethdiaz@sullivan.org,(779)226-4138,Port Brenda,2026-05-09,Enterprise,999,0,66.4,0,94.8,88.1,Low Risk
CUSTOMER_1794,"Rose, Hinton and Watkins",Nicholas Perry,elizabeth84@hanson.info,662-406-3449x772,Raymondmouth,2026-05-28,Basic,149,6,82.7,0,87.5,85.2,Low Risk
CUSTOMER_1795,Bowman Ltd,Hannah Lindsey,sanchezdonald@morales-gilmore.com,408-766-3082,Tinabury,2026-05-04,Basic,149,0,57.6,3,78.8,75.4,Low Risk
CUSTOMER_1796,Clark Inc,Lisa Bell,qrasmussen@castillo.biz,222-975-2884,Emilyhaven,2025-10-15,Basic,149,1,77.9,1,57.3,77.6,Low Risk
CUSTOMER_1797,"Rice, Williams and Boone",Jonathan Cox,baileyraymond@phillips.com,4662586591,Malloryshire,2025-09-28,Basic,149,2,56.8,2,68.0,74.1,Medium Risk
CUSTOMER_1798,Martin-Gonzalez,Ryan Petersen,jonathan11@henry.com,+1-632-416-1871x6277,North Patriciamouth,2026-01-12,Basic,149,4,77.4,1,73.3,80.4,Low Risk
CUSTOMER_1799,Spencer-Sanchez,John Delacruz,jonesdeanna@gonzalez.net,(327)502-6528x1439,Howardbury,2025-12-28,Pro,499,2,58.5,0,79.7,78.7,Low Risk
CUSTOMER_1800,Conway LLC,Alexander Sanchez,matthewsimmons@reynolds-barnes.biz,(759)784-1164,Lake Bonnie,2026-05-25,Pro,499,2,64.4,0,96.3,86.3,Low Risk
CUSTOMER_1801,"Landry, Woods and King",Dean Vega,portertammy@lane.com,835.526.9045,Lake Andrewshire,2026-03-04,Basic,149,24,10.7,8,41.9,4.9,High Risk
CUSTOMER_1802,Griffin-Hill,Alyssa Bowen,qparker@smith-mckenzie.com,+1-681-435-9203x99301,Whiteport,2026-06-30,Basic,149,26,30.3,6,20.5,10.5,High Risk
CUSTOMER_1803,Simpson-Lopez,Amanda Chase,matthew59@greene.info,987-918-1523,Wilsonview,2026-06-02,Basic,149,25,5.6,5,22.4,9.1,High Risk
CUSTOMER_1804,"Davis, Phillips and Underwood",Kyle Wade,uthomas@delgado.com,001-232-711-2172x68812,Bakerland,2026-01-31,Basic,149,1,83.8,2,100.0,94.3,Low Risk
CUSTOMER_1805,Fields Ltd,Kristine Randolph,wlivingston@crawford.com,001-807-514-6834,Lake Hannah,2025-10-13,Basic,149,0,49.8,0,87.9,80.7,Low Risk
CUSTOMER_1806,"Collins, Rodriguez and Morgan",Brittany Hanna,jaredreed@sullivan.net,(425)939-1836,Ramosville,2025-08-27,Pro,499,0,57.8,1,96.0,85.9,Low Risk
CUSTOMER_1807,Alvarez Ltd,Amanda Ortiz,ygentry@pacheco-wilson.com,9338874993,Graveshaven,2026-05-21,Basic,149,3,27.0,2,64.0,62.9,Medium Risk
CUSTOMER_1808,Glass LLC,Christopher Farmer,mendezheather@haney.biz,+1-490-336-7160x8703,Patriciafort,2025-09-12,Basic,149,4,69.4,1,69.4,76.6,Low Risk
CUSTOMER_1809,Barry Group,Adrienne Jones,ibush@wells.biz,757-253-5983,East Jill,2025-10-30,Enterprise,999,13,58.0,0,95.3,74.4,Medium Risk
CUSTOMER_1810,Mcmahon LLC,Hailey Bailey,michaelwhitney@king.info,674.879.2488x656,East Steven,2026-06-20,Basic,149,40,19.9,6,12.6,0.0,High Risk
CUSTOMER_1811,Williams LLC,Gregory Sutton,trevorjackson@bauer.net,001-919-401-3181x42419,East Mary,2026-07-13,Basic,149,1,67.2,0,98.3,88.7,Low Risk
CUSTOMER_1812,Case Group,Angela Johnson,rwilliams@garrett-gibson.com,+1-441-575-5697,Nicolemouth,2025-09-21,Basic,149,8,43.5,0,80.8,69.3,Medium Risk
CUSTOMER_1813,Daniels-Caldwell,Carly Guzman,gfitzpatrick@edwards.com,+1-831-506-5089,Jessicashire,2026-01-15,Basic,149,9,66.3,0,67.9,70.8,Medium Risk
CUSTOMER_1814,Estrada-Guzman,Mrs. Cassandra Johnson,christinadiaz@davis.info,432.575.7215x93659,East Laceyville,2025-08-19,Pro,499,3,87.6,2,65.9,81.7,Low Risk
CUSTOMER_1815,Salazar Group,Lori Duncan,ybeck@graham.com,262-287-0876,East Victorbury,2025-11-16,Basic,149,1,66.3,2,95.5,87.4,Low Risk
CUSTOMER_1816,Gibbs-Chambers,Bridget Webb,brendaallen@fuller.com,204-657-3895x4332,Williamsview,2026-04-27,Basic,149,2,55.3,1,76.3,76.5,Low Risk
CUSTOMER_1817,"Avila, Gardner and Rangel",Melissa Richmond,latoyacampbell@hunt.biz,948-366-8947x5783,Port Deborah,2025-12-29,Pro,499,0,68.4,1,89.7,86.9,Low Risk
CUSTOMER_1818,Patel LLC,Janice Obrien,croberts@roberson-mays.net,001-512-556-2367x86297,Robertston,2025-11-20,Basic,149,2,61.2,0,82.6,80.5,Low Risk
CUSTOMER_1819,Schmidt-Mendoza,Jacqueline Buck,cruzbridget@sanchez.biz,+1-794-795-8205x52416,Lake Anthony,2026-04-19,Pro,499,7,62.3,2,70.5,72.2,Medium Risk
CUSTOMER_1820,"Cox, Arnold and Garcia",Patricia Cisneros,martinezdaniel@torres.com,+1-570-320-3093x15122,Port Emilymouth,2026-04-18,Basic,149,16,71.7,1,65.3,65.4,Medium Risk
CUSTOMER_1821,Garcia Ltd,Ruben Reynolds,nguyenshawn@barry.com,(335)893-5808x1790,Hughesville,2025-10-14,Basic,149,3,88.5,1,59.7,79.8,Low Risk
CUSTOMER_1822,Price-Wallace,Lee Adams,morristimothy@pitts.info,4735909520,Lindsaytown,2026-07-07,Basic,149,1,72.8,3,88.4,82.4,Low Risk
CUSTOMER_1823,"Drake, Quinn and Cook",Steven Lawrence,aaron97@ryan.net,(251)511-6328x430,North Alecborough,2025-11-26,Pro,499,4,45.1,1,73.8,70.9,Medium Risk
CUSTOMER_1824,Barnes-Gonzalez,Denise Turner,brianna16@miller.com,+1-835-773-2071x601,Paulshire,2025-11-03,Pro,499,1,68.4,2,45.0,70.4,Medium Risk
CUSTOMER_1825,"Hodges, Ayala and Thompson",Robert Hanson,martinmegan@phillips.com,6874631274,Andersonberg,2026-03-03,Basic,149,0,74.4,1,86.6,87.6,Low Risk
CUSTOMER_1826,Smith-Fuller,Samantha Anderson,benjamin80@morgan.com,327-717-1801,Lake Mary,2026-04-23,Pro,499,10,77.7,0,75.3,75.9,Low Risk
CUSTOMER_1827,"Griffith, Campbell and Vaughan",Renee Moore,georgeparker@hill-blair.com,(678)575-1212,Williamstown,2026-02-12,Basic,149,3,51.7,2,74.7,74.0,Medium Risk
CUSTOMER_1828,"Hernandez, Williamson and Gomez",Emily Pham,spencerthomas@palmer.net,816.267.5772,South Wendy,2026-04-03,Enterprise,999,4,48.3,2,87.4,76.6,Low Risk
CUSTOMER_1829,Parks PLC,Deborah Hicks,victoriagrant@sawyer-skinner.com,316-504-5253x2391,Jillside,2025-11-13,Pro,499,0,100.0,0,89.6,96.4,Low Risk
CUSTOMER_1830,"Acosta, Hamilton and Johnson",Meghan Ferrell,heather08@rivera.biz,975-392-9553x82972,Aliciaside,2025-09-21,Basic,149,0,63.2,1,72.9,79.5,Low Risk
CUSTOMER_1831,Duarte-Brown,Michael Wang,jane96@gonzalez.org,001-431-468-9636x47038,New Ernest,2026-07-10,Pro,499,1,57.0,1,55.3,70.6,Medium Risk
CUSTOMER_1832,Stanton-Trevino,Phillip Waters,olsenashley@carter-reese.com,572.571.9072x6104,Melanieton,2026-01-02,Pro,499,0,63.4,1,90.5,85.7,Low Risk
CUSTOMER_1833,Johnston-Goodwin,Alejandro King,gary86@fisher-strong.org,(651)437-1953,Port Nancyfort,2025-10-26,Basic,149,4,61.0,0,69.1,74.0,Medium Risk
CUSTOMER_1834,Kelly PLC,Jill Martinez,jamesjohn@huynh-zimmerman.biz,+1-929-373-7905,Gonzalezshire,2025-09-05,Pro,499,1,84.7,0,59.1,80.2,Low Risk
CUSTOMER_1835,Robles-Campbell,Sara Jones,natasha23@morales-price.com,240.619.2041,South John,2025-11-16,Basic,149,0,87.2,2,100.0,96.2,Low Risk
CUSTOMER_1836,Rodriguez Group,Jason Martinez,awright@tran.com,001-919-815-6583x761,East Danielshire,2026-01-05,Basic,149,4,53.9,1,66.8,71.0,Medium Risk
CUSTOMER_1837,Zhang-Green,Jeffrey Krause,xwise@gay.com,677.627.2246x239,Davidland,2026-06-09,Enterprise,999,2,82.0,0,100.0,92.8,Low Risk
CUSTOMER_1838,Collins-Mason,Madison Mcdonald,collinswesley@jones-taylor.info,001-332-884-9891x4070,Hernandezberg,2026-01-19,Pro,499,28,12.0,8,31.7,0.0,High Risk
CUSTOMER_1839,Smith Group,James Rodriguez,padams@brown.com,(354)292-6157x700,Nataliefort,2026-07-05,Basic,149,1,78.1,0,68.4,81.5,Low Risk
CUSTOMER_1840,"Carrillo, Taylor and Miller",Robert Farrell,melissalam@torres.com,975.576.3280,Gravesfort,2026-02-28,Pro,499,34,6.9,5,30.9,4.6,High Risk
CUSTOMER_1841,Wiley and Sons,David Rojas,rachelhayes@chang.com,352-347-2853x8537,Huffmanside,2026-05-17,Basic,149,3,100.0,1,53.6,81.1,Low Risk
CUSTOMER_1842,"Johnson, Gentry and Austin",Terri Sullivan,mark88@howell.com,+1-263-341-2618x3251,Gonzalezfort,2026-04-14,Basic,149,6,96.7,0,88.0,89.6,Low Risk
CUSTOMER_1843,Ross-Norris,Mr. Joseph Jones,williamsjulie@lewis-hughes.org,938.699.3366x953,Port Stephenmouth,2025-08-05,Pro,499,0,86.3,0,61.7,82.5,Low Risk
CUSTOMER_1844,Black Ltd,Derrick Orozco,bpage@martinez.com,448.509.3895,Robertview,2025-12-01,Enterprise,999,4,73.9,0,86.7,84.0,Low Risk
CUSTOMER_1845,"Black, Mendoza and Smith",Eric Baker,fadams@mckee.info,+1-643-255-3327x91494,Morrisberg,2025-08-17,Pro,499,3,83.3,0,90.6,89.1,Low Risk
CUSTOMER_1846,Nelson and Sons,Richard Shaw,williamskelly@chapman-sanders.com,786.881.3370x57444,Christophermouth,2026-04-13,Pro,499,10,67.0,0,51.3,64.3,Medium Risk
CUSTOMER_1847,Jones LLC,Robert Diaz,joecurry@wagner.com,(258)751-2936x4265,Lake Michelleview,2025-12-15,Basic,149,0,71.1,2,81.3,84.8,Low Risk
CUSTOMER_1848,"Miller, Vazquez and Delgado",Katherine Macdonald,rebecca45@clark-henderson.com,001-575-570-1361x09877,Williamside,2026-04-27,Basic,149,2,74.9,0,70.5,80.4,Low Risk
CUSTOMER_1849,Torres-Garcia,Jennifer Holmes,shurley@nelson-rogers.biz,759.293.0588,South Connorburgh,2025-08-02,Basic,149,3,78.5,2,60.6,77.1,Low Risk
CUSTOMER_1850,Hudson PLC,John Wise,rhodesjohn@ellis.info,846.307.2640x26834,South Natashaburgh,2026-07-06,Basic,149,3,76.5,2,61.9,77.0,Low Risk
CUSTOMER_1851,"Roberts, Bailey and Guerrero",Jonathan Nelson,charris@simpson-cooper.net,+1-421-435-1206,Lake Bruce,2025-12-06,Enterprise,999,1,41.8,0,64.4,69.2,Medium Risk
CUSTOMER_1852,"Stevens, Williams and Brown",Randall Taylor,markhuber@edwards.com,001-788-246-9015x40057,Powersland,2026-03-22,Enterprise,999,7,63.4,2,85.1,77.7,Low Risk
CUSTOMER_1853,Henson-Johnston,Ian Thompson,pamela92@atkins.com,(641)688-1561x655,Sheltonport,2025-10-17,Pro,499,41,25.4,5,31.6,5.2,High Risk
CUSTOMER_1854,Larsen Ltd,Nathan Woods,simmonscathy@bond.com,001-504-304-1178x911,Mikeshire,2026-03-03,Basic,149,13,61.8,1,74.7,68.3,Medium Risk
CUSTOMER_1855,"Hayes, Smith and Acosta",Christina Mullins,haynesterri@perry.com,+1-380-878-8142x8993,South Deborah,2025-09-08,Pro,499,0,55.7,1,57.0,71.7,Medium Risk
CUSTOMER_1856,Mckenzie Ltd,Tina Jenkins,richardsondestiny@osborne-larson.biz,961.753.9117,New Laurafort,2025-10-12,Basic,149,2,43.5,1,80.8,74.6,Medium Risk
CUSTOMER_1857,Williams PLC,Karen Willis,bjordan@henderson.info,877-812-2001,Stephensburgh,2025-08-25,Basic,149,4,71.4,1,78.2,80.3,Low Risk
CUSTOMER_1858,"Robinson, Beltran and Martin",Denise Lewis,guzmanjustin@diaz-delgado.com,602-664-1615,Jamestown,2025-11-25,Basic,149,38,29.4,7,21.6,0.0,High Risk
CUSTOMER_1859,"Burgess, Love and Wells",Dean Peterson,clarktroy@wilson.net,645-353-8312,Port Annehaven,2026-02-14,Enterprise,999,6,75.8,4,69.9,68.0,Medium Risk
CUSTOMER_1860,"Diaz, Jones and Ortiz",Jessica Wagner,taylorjohnson@smith.com,539-444-6329,Crystalburgh,2025-10-21,Pro,499,0,68.9,0,54.2,74.6,Medium Risk
CUSTOMER_1861,"Hayes, Hudson and Riddle",Michael Smith,deanevan@sims.org,2802113391,South Hayley,2026-02-24,Basic,149,25,12.6,6,33.1,10.5,High Risk
CUSTOMER_1862,Howard and Sons,Michael Bailey,moodyabigail@rodriguez.com,001-324-928-1947x44455,Lake Lori,2025-12-18,Basic,149,1,92.6,1,87.1,92.4,Low Risk
CUSTOMER_1863,"Brown, Lee and Huynh",Sandra Jones MD,josefrost@fields-coleman.info,001-562-402-9233x62443,West Wandaberg,2026-07-04,Pro,499,43,30.1,4,25.3,8.9,High Risk
CUSTOMER_1864,"Welch, Flores and Lee",Benjamin Ray DDS,wayne75@santos.com,550-625-8316x60279,Simsville,2026-07-24,Basic,149,0,51.3,0,65.4,73.3,Medium Risk
CUSTOMER_1865,"Sweeney, Donaldson and Juarez",Allison Chapman,pdavis@gonzalez-davis.com,320-718-3903x494,South Thomashaven,2025-11-26,Basic,149,9,86.2,2,79.9,81.0,Low Risk
CUSTOMER_1866,Arnold LLC,Amy Giles,patriciaross@mendez.com,8136845084,Gloriaberg,2026-03-05,Basic,149,47,31.6,12,33.6,0.0,High Risk
CUSTOMER_1867,"Pope, Schaefer and Martinez",Sarah Beasley,nicholas25@miller.org,+1-885-504-0626x01833,West Kellyberg,2025-08-31,Enterprise,999,2,52.2,2,49.3,66.2,Medium Risk
CUSTOMER_1868,Ibarra-Short,Joshua Gibson,cburns@hall.com,(529)772-7405x6032,West Vanessaborough,2025-07-31,Basic,149,13,74.7,0,89.2,77.3,Low Risk
CUSTOMER_1869,"Hernandez, Perkins and Kelley",Tanya Maldonado,wiseryan@gonzalez.net,001-984-587-1962x9956,Kevinmouth,2026-02-05,Basic,149,21,80.8,1,70.8,65.6,Medium Risk
CUSTOMER_1870,Miller-Pollard,Cindy Mendez,vlogan@joyce-sanchez.com,(271)794-5194x7209,Drewfort,2025-11-21,Basic,149,21,62.6,1,60.3,56.5,Medium Risk
CUSTOMER_1871,Cobb-Fletcher,Randy Walker,lawrencegary@bailey.com,(414)261-9685x8068,West Alexanderburgh,2026-01-08,Enterprise,999,3,31.4,0,78.9,69.4,Medium Risk
CUSTOMER_1872,George-Singleton,Jared Griffin,gutierrezbrian@young.com,976.298.9797x48983,Brentshire,2025-11-04,Basic,149,6,67.2,1,68.7,74.0,Medium Risk
CUSTOMER_1873,Martin-Long,Jaime Morrow,michaelanderson@hayes.com,806.529.6304x923,Mcdonaldville,2025-10-30,Pro,499,3,39.3,0,90.3,75.8,Low Risk
CUSTOMER_1874,Espinoza-Marquez,Joshua Wood,yross@hernandez.com,001-713-486-0891x0776,Port Paul,2026-01-19,Enterprise,999,5,83.0,3,67.5,74.6,Medium Risk
CUSTOMER_1875,Huerta and Sons,Leah Olson,xtrevino@brown.com,(807)555-4093x83699,West Christopher,2025-10-31,Pro,499,5,81.1,1,100.0,90.0,Low Risk
CUSTOMER_1876,Becker-Mcbride,Douglas Farmer,valeriehardy@mcmahon-evans.com,5989379684,Mcdonaldville,2026-04-24,Basic,149,5,84.9,0,75.8,82.6,Low Risk
CUSTOMER_1877,Neal-Clements,Terri Day,andreaharrison@king.com,001-535-304-5297x10556,Gabrielborough,2025-08-11,Pro,499,6,46.8,2,86.8,74.2,Medium Risk
CUSTOMER_1878,Pratt PLC,Brian Rodriguez,andersonsandra@morales.org,282-385-3877x602,New Stevenhaven,2026-07-24,Pro,499,2,79.4,0,85.7,87.1,Low Risk
CUSTOMER_1879,Everett-Flores,Kenneth Hoffman,qhorne@smith.biz,001-277-520-1701,Khanshire,2026-03-10,Basic,149,4,67.0,1,99.1,86.3,Low Risk
CUSTOMER_1880,Wright-Wells,Victor Simon,jennifer68@harris.com,919.314.8538x3376,South Levihaven,2026-06-11,Pro,499,0,75.8,0,70.2,82.3,Low Risk
CUSTOMER_1881,"Petersen, Chambers and Cooper",Olivia Vaughn,cantujames@myers-schmidt.org,+1-964-344-7261x411,North Cynthiamouth,2025-09-01,Pro,499,1,67.8,1,89.1,85.6,Low Risk
CUSTOMER_1882,"Fleming, Smith and Miller",Cody Marquez,mcclurerebecca@hernandez.info,867.341.1115,North Hannah,2026-07-10,Pro,499,0,47.1,1,68.2,73.0,Medium Risk
CUSTOMER_1883,Parker Ltd,Timothy Roberts,munozjulia@galvan.com,924-463-2854x9720,Smithborough,2026-05-25,Pro,499,9,55.1,0,81.7,72.2,Medium Risk
CUSTOMER_1884,Carlson Group,Christopher Gibson,bowmancaitlin@franco.com,582-606-6034x6924,North Joshua,2025-07-28,Enterprise,999,12,83.3,1,59.2,70.2,Medium Risk
CUSTOMER_1885,"Roberson, Smith and Tyler",Lisa Mullen,ryannicole@hernandez-wright.com,3218278847,Andreabury,2026-03-17,Basic,149,1,50.0,0,79.8,77.1,Low Risk
CUSTOMER_1886,Smith Inc,Erin Anderson,nicholas89@martin-raymond.com,(695)847-3170x2804,New Jacob,2025-11-25,Basic,149,1,93.9,0,82.6,91.2,Low Risk
CUSTOMER_1887,"Prince, Collins and Arnold",Kenneth Owens,kelly32@ramirez.info,926-335-6930x13592,South William,2025-07-29,Enterprise,999,2,75.2,0,66.4,79.1,Low Risk
CUSTOMER_1888,Smith and Sons,Daniel Hendricks,natalie49@good-anderson.com,523.746.7433x5876,Alyssachester,2025-12-31,Pro,499,4,73.7,1,100.0,88.6,Low Risk
CUSTOMER_1889,"Ponce, Robinson and Pearson",Natalie Meza,kellymichael@newton.com,001-792-361-0251x70091,New Michaelview,2025-09-28,Basic,149,1,46.2,0,77.6,75.1,Low Risk
CUSTOMER_1890,Murphy and Sons,Terry Burns,kerri15@charles.info,616.538.1297x530,East Nicholasburgh,2025-08-22,Basic,149,1,56.0,1,88.3,81.8,Low Risk
CUSTOMER_1891,Armstrong PLC,James Gaines,patricia17@elliott.com,001-956-619-0722,South Joshuaberg,2026-05-04,Enterprise,999,2,83.1,0,88.7,89.2,Low Risk
CUSTOMER_1892,Shaw Ltd,Kevin Cook,danielallen@wood.net,+1-985-788-8603x94307,North Ericaland,2025-08-05,Basic,149,0,70.3,1,83.3,85.2,Low Risk
CUSTOMER_1893,Moore-Munoz,Samantha James,xanderson@palmer.net,479.418.8662x019,Port Pamela,2026-01-07,Basic,149,4,67.9,0,93.9,84.7,Low Risk
CUSTOMER_1894,Joseph PLC,Alicia Hernandez,josephharrison@smith.com,+1-980-831-1973x672,Sanchezshire,2025-09-19,Basic,149,5,22.5,5,24.2,32.3,High Risk
CUSTOMER_1895,Morgan-Carter,Nicholas Lynch,ghawkins@scott.biz,7882105927,Shannonbury,2025-10-04,Pro,499,5,61.1,2,74.2,74.9,Medium Risk
CUSTOMER_1896,Rivera-Harris,David Foster,kevingraves@moore-davis.com,(262)998-6197x915,Williamsside,2026-05-06,Basic,149,0,68.1,2,86.8,85.8,Low Risk
CUSTOMER_1897,Johnson and Sons,Miss Kimberly Johnson DDS,cblanchard@wilson.org,827.493.1866x669,Michelefurt,2026-03-09,Pro,499,1,90.9,1,65.5,84.3,Low Risk
CUSTOMER_1898,"Pratt, Davis and Robinson",Alexander Shaw,jonathanmack@fisher-moran.biz,999-265-5074,North Johnnyview,2025-09-07,Basic,149,3,59.9,2,64.8,73.0,Medium Risk
CUSTOMER_1899,"Howe, House and Williams",Christy Barton,travisjohnson@spears.com,700.889.8646,Martinberg,2025-09-30,Basic,149,47,27.1,5,37.5,7.8,High Risk
CUSTOMER_1900,"Berry, Bradley and Lambert",Tammy Martin,michael76@cox-anderson.com,559-542-4294x401,South Maryborough,2026-06-18,Pro,499,4,58.9,1,92.1,81.4,Low Risk
CUSTOMER_1901,Robinson-Walters,Jeff Young,oneal@wells.info,001-889-531-1655x12555,East Jennifermouth,2025-10-12,Basic,149,5,55.5,0,84.8,77.0,Low Risk
CUSTOMER_1902,Smith PLC,Jose Mathews,philiphernandez@rojas.com,+1-434-728-0505x3776,East Sheri,2026-06-19,Basic,149,8,92.3,0,93.5,88.4,Low Risk
CUSTOMER_1903,Alvarez-Miller,Veronica Pennington,joannawilliams@smith.com,(234)503-5008x7966,North Tonya,2026-04-07,Basic,149,0,70.4,0,75.7,82.6,Low Risk
CUSTOMER_1904,Edwards and Sons,Daniel Silva,andrew87@yates.com,001-875-664-0936,Caitlinburgh,2026-07-24,Basic,149,1,55.0,1,73.7,76.4,Low Risk
CUSTOMER_1905,"King, Lee and Cooper",Michele Cruz,yjacobs@esparza.com,001-819-897-4752x741,Tonymouth,2026-04-27,Enterprise,999,4,68.3,0,69.2,76.2,Low Risk
CUSTOMER_1906,Diaz-Evans,Sheryl Summers,craigamy@hanson.com,9192010245,New Davidburgh,2026-03-07,Pro,499,0,73.7,0,85.7,87.1,Low Risk
CUSTOMER_1907,Pace Inc,Breanna Rangel,christopher72@pratt-rogers.com,6542167912,South Annettestad,2025-09-06,Basic,149,16,14.6,3,24.8,29.6,High Risk
CUSTOMER_1908,Lane and Sons,Kevin Lee,donald20@hoover.biz,901-900-3620,East Alexandra,2026-02-05,Pro,499,2,81.3,1,41.8,72.3,Medium Risk
CUSTOMER_1909,Green Group,James Mendoza,mendezmatthew@shields-hernandez.net,001-863-885-6740x70964,Port Jasmine,2026-05-04,Basic,149,36,5.0,8,35.2,0.0,High Risk
CUSTOMER_1910,Nunez Group,Jacob Bush,meagan17@garcia.com,363.779.1375,Cynthiastad,2026-04-11,Basic,149,10,71.9,2,100.0,82.8,Low Risk
CUSTOMER_1911,"Tran, Hurley and Stafford",Melissa Flores,dbowman@wilkins.biz,001-238-527-8094,Walkermouth,2025-10-08,Basic,149,2,83.0,1,88.7,89.2,Low Risk
CUSTOMER_1912,Nguyen-Grant,Brianna Hull DDS,tanner57@murphy.net,460.343.4449,Port Natalieshire,2025-12-23,Basic,149,34,33.3,7,32.9,4.3,High Risk
CUSTOMER_1913,Ball-Cox,Joseph Armstrong,xlloyd@smith.com,+1-560-891-0009x31947,Jordanfort,2025-08-19,Basic,149,33,21.1,6,40.5,8.6,High Risk
CUSTOMER_1914,Smith-Craig,Melanie Martinez,phillip81@gordon.com,001-493-254-3739x4055,Lake Davidton,2025-10-13,Pro,499,4,63.2,2,100.0,85.5,Low Risk
CUSTOMER_1915,"Munoz, Key and Perez",Brian Carr,heather10@hall.com,(627)460-0329,West Jesusview,2026-07-09,Basic,149,21,13.6,4,40.5,25.9,High Risk
CUSTOMER_1916,Harris-Durham,Vanessa Ray,hholder@jones.biz,(618)516-1776x286,Lake Victoria,2026-07-13,Basic,149,6,61.8,0,77.7,75.5,Low Risk
CUSTOMER_1917,Gibson PLC,Holly Griffin,xmiller@hampton-baker.info,001-947-825-1221x480,Robertstad,2026-01-18,Basic,149,4,79.4,0,77.0,82.3,Low Risk
CUSTOMER_1918,"Walls, Bryant and Freeman",Charles Romero,mitchellkelsey@acosta.biz,714.992.3578,Diazhaven,2025-09-13,Pro,499,0,88.7,1,87.7,92.3,Low Risk
CUSTOMER_1919,Smith PLC,Allison Diaz,renee55@taylor.biz,451.758.7007x00714,Loriland,2025-09-29,Basic,149,2,61.9,0,69.9,76.3,Low Risk
CUSTOMER_1920,Reeves-Hamilton,Christian Rowe,emorrison@hernandez.info,(794)701-9757,Caldwelltown,2026-03-26,Enterprise,999,7,62.8,3,67.9,67.0,Medium Risk
CUSTOMER_1921,"Huffman, Watson and Martin",Mrs. Michelle Farmer,barbarapadilla@johnson.info,522-310-1145x726,Lake Davidhaven,2026-03-16,Basic,149,4,68.7,0,100.0,87.1,Low Risk
CUSTOMER_1922,Jackson-Russell,Timothy Wells,smithmelissa@larson.com,(318)750-1639,Dennisfurt,2025-11-28,Pro,499,3,67.8,0,59.7,73.6,Medium Risk
CUSTOMER_1923,"Walton, Frank and Benson",Anna Powell,wyattdarlene@walters.com,(760)525-0942x7443,West Andrealand,2025-08-30,Basic,149,5,83.1,2,32.5,66.9,Medium Risk
CUSTOMER_1924,King Group,Christina Gaines,fisherraymond@jensen.biz,001-381-889-4654,East Erica,2025-10-17,Basic,149,0,100.0,2,53.5,83.7,Low Risk
CUSTOMER_1925,Thompson-Bentley,Corey Johnson,amber29@brown.net,268.874.8011x924,Melissachester,2025-08-10,Enterprise,999,1,59.0,2,63.5,74.0,Medium Risk
CUSTOMER_1926,Wright LLC,Julia Lee,vhampton@black-kennedy.biz,520.374.6226x9358,Oconnorborough,2026-01-08,Pro,499,1,66.7,0,77.8,81.4,Low Risk
CUSTOMER_1927,"Snyder, Bowers and Barnes",Sarah Brown,marksoto@li.com,(371)732-5494x2856,Williamschester,2026-03-09,Pro,499,1,63.8,1,77.7,80.5,Low Risk
CUSTOMER_1928,Farrell Group,Stephen Jackson,melinda64@brady-howard.info,(957)436-2686,Matthewfort,2026-04-16,Pro,499,11,60.3,1,87.1,74.0,Medium Risk
CUSTOMER_1929,"Fitzgerald, Steele and Rodriguez",Lindsay Allen,jenniferjoseph@gonzalez.com,715-826-0995x9670,Joseside,2026-01-01,Basic,149,22,22.7,4,21.2,21.0,High Risk
CUSTOMER_1930,"Hudson, Richards and Porter",Thomas Washington PhD,millercandace@stevens.com,(240)205-5684x216,Emilyville,2026-07-19,Basic,149,0,38.8,2,89.9,78.1,Low Risk
CUSTOMER_1931,Allison Inc,Jamie Elliott,melissahernandez@ramirez-mills.com,2188148278,Morgantown,2025-08-22,Basic,149,0,91.3,0,64.8,85.1,Low Risk
CUSTOMER_1932,"Smith, Ferguson and House",Robert Kelley,mduncan@nguyen.com,+1-817-621-5398,Lake Garyton,2026-05-19,Basic,149,11,62.0,0,67.1,67.5,Medium Risk
CUSTOMER_1933,Avery PLC,Katrina Hill,jason61@meadows-lewis.com,(499)353-2087x4217,South Carl,2025-07-24,Pro,499,35,13.4,12,19.3,0.0,High Risk
CUSTOMER_1934,Caldwell Ltd,Taylor Watts,ann55@myers-bolton.biz,328.414.1875,Loweborough,2026-05-27,Basic,149,5,49.0,1,79.8,73.3,Medium Risk
CUSTOMER_1935,Gomez and Sons,Elizabeth Nguyen,blevinscindy@alvarez.com,868-611-6150,South Anthonymouth,2026-01-19,Basic,149,0,70.6,1,97.4,90.3,Low Risk
CUSTOMER_1936,Kennedy Ltd,Madison Taylor,oross@haney.info,(393)912-2471x168,Darrenchester,2025-11-02,Basic,149,2,53.7,2,83.6,78.6,Low Risk
CUSTOMER_1937,Willis-Ross,Steven Lopez,james68@williams.biz,461-555-2267x336,Fisherland,2025-10-10,Pro,499,29,29.0,7,35.8,8.4,High Risk
CUSTOMER_1938,Harris-Brown,Anna Wiley,andrearamirez@beasley.com,001-767-551-4108x11278,Port Karen,2026-03-24,Pro,499,2,80.9,0,79.6,85.4,Low Risk
CUSTOMER_1939,Craig-English,Javier Sexton,frank86@perry.net,001-683-586-2269x574,Barronburgh,2025-09-20,Basic,149,8,58.5,1,75.8,72.1,Medium Risk
CUSTOMER_1940,Mills-Smith,Jessica Harris,gbates@sherman.com,823.889.9540,West Matthew,2025-10-24,Pro,499,1,81.5,2,45.4,74.5,Medium Risk
CUSTOMER_1941,Bradley-English,Michael Vaughn,holmeskristy@bentley-harris.com,001-384-495-6376x9296,Billborough,2026-03-25,Basic,149,2,69.5,0,82.9,83.1,Low Risk
CUSTOMER_1942,"Coleman, Gray and Alvarez",Helen Duncan,michelewilliams@brown-pruitt.biz,244.414.9157x33093,Chaneyland,2025-09-29,Enterprise,999,0,77.6,2,67.4,81.9,Low Risk
CUSTOMER_1943,Hernandez-Flores,Samantha Hanna,drodriguez@lane.net,319-371-1494x363,Andrewville,2025-10-24,Basic,149,4,73.0,1,73.1,79.0,Low Risk
CUSTOMER_1944,Taylor-Clark,Shane Holt,timothy86@simmons.com,(261)421-1267x6664,Christineton,2026-05-06,Basic,149,1,100.0,1,64.2,86.6,Low Risk
CUSTOMER_1945,Williams-Dalton,Sean Olson,ndavis@sullivan.com,946.891.9855,West Christophershire,2025-11-03,Enterprise,999,7,70.9,0,70.2,74.7,Medium Risk
CUSTOMER_1946,Liu LLC,Jennifer Morrow,ernestfoster@waller.com,+1-866-358-2184x64485,South Nicholeville,2025-12-06,Basic,149,1,72.9,1,61.1,77.4,Low Risk
CUSTOMER_1947,"Sullivan, Espinoza and Douglas",Douglas Wheeler,timothy05@jackson-baker.com,001-359-501-5406x238,East Kevinberg,2026-04-08,Basic,149,5,74.2,0,89.0,84.0,Low Risk
CUSTOMER_1948,Arnold Group,Dennis Lawson,david64@anderson-olson.com,(312)266-4470,Smithborough,2025-12-05,Basic,149,17,70.4,3,85.1,66.5,Medium Risk
CUSTOMER_1949,Harper Ltd,Francisco Wheeler,ecrawford@arellano-young.com,910-923-0872,Lake Mary,2026-04-21,Basic,149,2,76.1,1,89.9,87.5,Low Risk
CUSTOMER_1950,Williams Ltd,Jeffrey Kelly,jamiejohnson@holmes.com,(298)455-8605x95585,New Valeriefurt,2025-09-16,Basic,149,5,63.2,1,64.4,72.1,Medium Risk
CUSTOMER_1951,"Morales, Wood and Wright",Daniel Mccarthy,melissastafford@carroll.com,+1-779-888-2168x3696,Matthewchester,2026-02-19,Basic,149,5,44.0,1,88.5,74.8,Medium Risk
CUSTOMER_1952,Hall Inc,Gerald Hunter,robertwang@schultz-wilson.com,+1-608-990-1140x28869,Geraldview,2026-01-08,Pro,499,0,89.2,4,56.0,72.4,Medium Risk
CUSTOMER_1953,Davis-Waller,Lynn Hernandez,sanchezjohn@williams.biz,407-576-3197,Adamsbury,2025-11-17,Basic,149,0,57.4,0,58.4,72.7,Medium Risk
CUSTOMER_1954,Thompson-Mcbride,Lisa Brooks,megan88@martinez.com,740-931-7413x65146,Port Walterstad,2025-09-04,Basic,149,7,79.1,3,100.0,83.1,Low Risk
CUSTOMER_1955,Campbell-Hensley,Mary Wells,scole@kennedy.com,001-681-351-3870x82210,New Grant,2026-04-23,Basic,149,3,70.2,1,60.1,74.5,Medium Risk
CUSTOMER_1956,Wolfe-Mclean,Carrie Bailey,theresacasey@peters.info,960-617-6953,Kingtown,2025-11-21,Basic,149,2,83.8,1,66.4,81.6,Low Risk
CUSTOMER_1957,Brown Group,Laura Fleming,michael73@jackson-rogers.com,001-683-319-0844,West Jenniferfurt,2026-04-26,Basic,149,16,74.3,1,66.5,66.6,Medium Risk
CUSTOMER_1958,Cordova-Reid,Francisco Meadows,hunterlisa@wise.org,830-769-0022x145,Richardhaven,2026-07-06,Basic,149,2,97.9,0,68.1,86.5,Low Risk
CUSTOMER_1959,"James, Smith and Padilla",Kevin Young,williamskeith@peterson.com,+1-273-405-8826,North Richardton,2026-03-29,Basic,149,1,88.0,1,66.6,83.8,Low Risk
CUSTOMER_1960,"White, Williamson and Brown",Catherine Everett,tonycarter@lamb.com,484-772-6338x141,Valerieport,2026-03-31,Basic,149,2,84.0,1,77.1,85.4,Low Risk
CUSTOMER_1961,Harris PLC,Vicki Morrison,stephanie24@nichols.com,001-818-808-2939x9329,Port Davidchester,2026-04-13,Basic,149,13,86.7,1,85.1,79.4,Low Risk
CUSTOMER_1962,Hale Ltd,Melanie Medina,vstewart@patrick.org,999-941-4489,North Tyler,2026-03-04,Basic,149,31,18.2,6,18.0,1.6,High Risk
CUSTOMER_1963,Carpenter LLC,Kylie Kennedy,lawrence82@morris.com,(489)573-6274x94841,West Erica,2025-11-04,Basic,149,5,79.7,1,76.1,81.2,Low Risk
CUSTOMER_1964,Hampton and Sons,Margaret Lopez,amanda37@shannon.org,752.485.1481,Adamfurt,2025-12-16,Basic,149,2,74.1,1,87.7,86.2,Low Risk
CUSTOMER_1965,Harris Inc,Dawn Thomas,troycummings@wilson.com,369-771-7174x7581,Jeremyfurt,2026-05-06,Basic,149,1,51.6,1,77.6,76.8,Low Risk
CUSTOMER_1966,Miller-Vazquez,Devin Nelson,smoody@flowers.com,552-338-0369x039,North Christopher,2025-09-09,Enterprise,999,1,74.1,0,62.3,78.2,Low Risk
CUSTOMER_1967,Snyder-Bowman,Emily Page,ashleylewis@ortiz.org,8707422854,Bradfordfurt,2026-06-07,Pro,499,6,64.2,0,92.2,81.3,Low Risk
CUSTOMER_1968,Lee-Anderson,Joseph Martinez,churchcaleb@davis.com,001-756-945-4713x5619,Lake Jamiestad,2026-02-04,Pro,499,8,65.3,0,75.3,73.9,Medium Risk
CUSTOMER_1969,"Caldwell, Garcia and Fry",Jennifer Olson,victoriabecker@pierce.net,428-447-3964x83568,South Erik,2025-12-26,Pro,499,1,75.0,0,63.1,78.7,Low Risk
CUSTOMER_1970,Armstrong LLC,Dana Douglas,cindy21@pena-patel.com,+1-872-211-9388x480,New Stephanie,2025-10-14,Enterprise,999,0,97.1,0,85.9,94.2,Low Risk
CUSTOMER_1971,"Koch, Jones and Franklin",Molly Valentine,qsmith@green.com,001-492-259-3455x8111,East Jennifermouth,2026-03-22,Basic,149,6,100.0,2,96.6,93.6,Low Risk
CUSTOMER_1972,Parker PLC,Taylor Anderson,jimmymiller@johnson.org,(501)615-5179x094,Johnsonmouth,2026-02-23,Basic,149,1,54.6,1,95.2,83.8,Low Risk
CUSTOMER_1973,"Dyer, Dixon and Nelson",Andrea Clark,rhonda80@walker-ortega.com,410.656.5272,New Christopher,2026-02-17,Basic,149,2,68.8,0,84.1,83.3,Low Risk
CUSTOMER_1974,Ferguson-Young,Mercedes Patel,phayes@bryan-taylor.info,001-614-521-8714,West Christopherstad,2026-01-06,Pro,499,1,95.1,0,98.7,97.2,Low Risk
CUSTOMER_1975,"Young, Williams and Walker",Kristen Reynolds,andersonsheri@macias-webb.info,(584)738-9424x60207,Terryview,2025-09-23,Pro,499,1,84.1,2,41.1,73.7,Medium Risk
CUSTOMER_1976,Sullivan Group,Gregory Taylor,crawfordjose@hughes.com,986-888-4284x6156,West Theresa,2026-01-10,Basic,149,2,53.9,1,90.3,81.0,Low Risk
CUSTOMER_1977,Adams Inc,Barbara Braun,qgross@brock-kim.com,433.289.5499,Lovemouth,2025-12-11,Pro,499,3,72.7,1,72.7,79.6,Low Risk
CUSTOMER_1978,"Wright, Torres and Smith",Dawn Martinez,darlene04@harmon-hicks.info,293-297-1962,Torresshire,2025-12-26,Basic,149,4,92.5,0,53.4,77.9,Low Risk
CUSTOMER_1979,"Tate, Bishop and Herman",Madison Johnson,xhernandez@miller.info,214.304.1068,Richardtown,2026-07-07,Pro,499,1,69.4,3,68.7,74.5,Medium Risk
CUSTOMER_1980,Martinez-Hays,Joshua Watkins,davidrobertson@crane.biz,+1-265-332-8072,Scottchester,2025-09-19,Basic,149,8,64.8,2,87.2,78.0,Low Risk
CUSTOMER_1981,"Evans, Newman and Jones",Ashley Gregory,carlos00@phillips-martinez.biz,508-334-9712x242,North Williammouth,2025-09-01,Basic,149,7,70.0,0,81.7,78.5,Low Risk
CUSTOMER_1982,"Todd, Wilkins and Curtis",Joseph Hartman MD,daisyflores@perez-garcia.biz,966.364.7239x0604,Danielberg,2025-12-12,Basic,149,26,23.6,11,13.4,0.0,High Risk
CUSTOMER_1983,Gonzalez-Rodriguez,Johnny Parker,grant64@holmes-abbott.org,+1-969-350-8101x2009,Wesleyburgh,2026-02-01,Pro,499,14,58.8,2,93.8,73.2,Medium Risk
CUSTOMER_1984,Brown-Knight,Willie Harrison,marshallangela@sullivan.org,587.379.6512,Richardsonchester,2026-04-19,Pro,499,0,55.5,1,65.2,74.5,Medium Risk
CUSTOMER_1985,Rojas-Ball,Tanya Campbell,alan98@rivers.com,001-557-699-9535x28413,North Lawrenceside,2026-05-10,Basic,149,5,76.8,0,95.3,87.0,Low Risk
CUSTOMER_1986,"Pena, White and Brown",Jennifer Washington,amanda36@jones.org,+1-966-564-5383x23416,Saraland,2026-03-18,Basic,149,2,90.8,1,89.7,91.9,Low Risk
CUSTOMER_1987,Dougherty-Thompson,Amy Gates,tcoleman@jennings.com,+1-291-820-2828,Bensonbury,2026-06-25,Enterprise,999,3,46.5,1,84.7,76.0,Low Risk
CUSTOMER_1988,"Griffin, Becker and Ray",Michelle Floyd,whoover@reyes.com,001-408-516-0239x74810,Brownside,2025-10-08,Pro,499,2,73.6,1,100.0,90.3,Low Risk
CUSTOMER_1989,"Aguilar, Davis and Miller",Susan Craig,rachel91@gentry.com,860-405-5465x879,Davidshire,2026-01-30,Enterprise,999,5,57.8,0,72.9,73.5,Medium Risk
CUSTOMER_1990,"Daniel, Becker and Garcia",Ryan Ortiz,morgan53@gamble-garcia.net,(939)979-1148x9953,West Gregorybury,2025-11-24,Basic,149,12,38.2,1,75.5,62.4,Medium Risk
CUSTOMER_1991,Smith-Garcia,William Flores,sarawolf@cohen.com,976-871-7705x2642,Samuelhaven,2025-10-14,Pro,499,2,67.8,0,65.0,76.3,Low Risk
CUSTOMER_1992,Francis Inc,Earl Francis,melanieparker@burke.com,367-595-1340x72865,Schroederland,2026-04-02,Basic,149,12,70.5,0,52.3,64.0,Medium Risk
CUSTOMER_1993,Lang Group,Amy Richards,stevenrodriguez@manning-rubio.biz,340.235.2204x0662,Port Sarah,2025-10-14,Basic,149,3,69.5,2,69.2,77.4,Low Risk
CUSTOMER_1994,"Jackson, Elliott and Yates",Maxwell Schmidt,lauren77@poole.com,+1-801-450-6153x32196,Washingtonton,2026-02-23,Basic,149,38,18.4,12,27.1,0.0,High Risk
CUSTOMER_1995,Edwards and Sons,Gerald Lee,william65@rogers.org,248.414.8733x16886,East Dana,2025-08-16,Basic,149,2,97.7,2,100.0,97.6,Low Risk
CUSTOMER_1996,Smith-Valentine,Jeffrey Villegas,christina67@chaney.com,444-690-2823x893,South Rodneyborough,2026-06-27,Pro,499,0,71.5,1,61.0,77.8,Low Risk
CUSTOMER_1997,Fuller Group,Katherine Martin,hharris@kramer.net,001-762-773-0640,East Beth,2025-07-27,Basic,149,10,69.3,0,81.5,75.6,Low Risk
CUSTOMER_1998,"Thompson, Cardenas and Hicks",William Padilla,sandra97@johnson.net,(216)817-0170,New Frederickview,2025-11-25,Enterprise,999,1,60.5,0,100.0,87.3,Low Risk
CUSTOMER_1999,May Inc,Kellie Nixon,colemankurt@acosta.com,001-484-571-3005x19985,Lake Jeffrey,2025-10-16,Basic,149,0,59.8,1,75.7,79.4,Low Risk
